Feuille,Cellule,Formule
définition axe en plan,D1,"=""GALERIE ""&'INFOS-PARAM'!B3&""  : definition axe en plan"""
définition axe en plan,P12,=SQRT((F12-F11)^2+(G12-G11)^2)
définition axe en plan,P13,=SQRT((F13-F12)^2+(G13-G12)^2)
Calcul XY,Q1,"='INFOS-PARAM'!B3&""-""&'INFOS-PARAM'!B5"
Calcul XY,A4,=PMdonné
Calcul XY,B4,=EcartHdonné
Calcul XY,C4,=C56
Calcul XY,D4,=D56
Calcul XY,E4,=E56
Calcul XY,F4,=F56
Calcul XY,C11,"=IF(PMdonné<_PM2,""oui"",""non"")"
Calcul XY,D11,"=IF(test=""oui"",'définition axe en plan'!D11,"""")"
Calcul XY,E11,"=IF(test=""oui"",IF(AND(Type=""Clothoïde"",'définition axe en plan'!D12=""Alignement Droit""),'définition axe en plan'!E12,'définition axe en plan'!E11),"""")"
Calcul XY,F11,"=IF(test=""oui"",IF(AND(Type=""Clothoïde"",'définition axe en plan'!$D12=""Alignement Droit""),'définition axe en plan'!F12,'définition axe en plan'!F11),"""")"
Calcul XY,G11,"=IF(test=""oui"",IF(AND(Type=""Clothoïde"",'définition axe en plan'!$D12=""Alignement Droit""),'définition axe en plan'!G12,'définition axe en plan'!G11),"""")"
Calcul XY,H11,"=IF(test=""oui"",IF(AND(Type=""Clothoïde"",'définition axe en plan'!$D12=""Alignement Droit""),'définition axe en plan'!H12,'définition axe en plan'!H11),"""")"
Calcul XY,I11,"=IF(test=""oui"",'définition axe en plan'!I11,"""")"
Calcul XY,J11,"=IF(test=""oui"",'définition axe en plan'!J11,"""")"
Calcul XY,K11,"=IF(test=""oui"",'définition axe en plan'!K11,"""")"
Calcul XY,L11,"=IF(test=""oui"",SUM('définition axe en plan'!L10:L12),"""")"
Calcul XY,M11,"=IF(test=""oui"",'définition axe en plan'!E12-'définition axe en plan'!E11,"""")"
Calcul XY,C12,"=IF(AND(PMdonné>=_PM2,PMdonné<_PM3),""oui"",""non"")"
Calcul XY,D12,"=IF(test=""oui"",'définition axe en plan'!D12,"""")"
Calcul XY,E12,"=IF(test=""oui"",IF(AND(Type=""Clothoïde"",'définition axe en plan'!D13=""Alignement Droit""),'définition axe en plan'!E13,'définition axe en plan'!E12),"""")"
Calcul XY,F12,"=IF(test=""oui"",IF(AND(Type=""Clothoïde"",'définition axe en plan'!$D13=""Alignement Droit""),'définition axe en plan'!F13,'définition axe en plan'!F12),"""")"
Calcul XY,G12,"=IF(test=""oui"",IF(AND(Type=""Clothoïde"",'définition axe en plan'!$D13=""Alignement Droit""),'définition axe en plan'!G13,'définition axe en plan'!G12),"""")"
Calcul XY,H12,"=IF(test=""oui"",IF(AND(Type=""Clothoïde"",'définition axe en plan'!$D13=""Alignement Droit""),'définition axe en plan'!H13,'définition axe en plan'!H12),"""")"
Calcul XY,I12,"=IF(test=""oui"",'définition axe en plan'!I12,"""")"
Calcul XY,J12,"=IF(test=""oui"",'définition axe en plan'!J12,"""")"
Calcul XY,K12,"=IF(test=""oui"",'définition axe en plan'!K12,"""")"
Calcul XY,L12,"=IF(test=""oui"",SUM('définition axe en plan'!L11:L13),"""")"
Calcul XY,M12,"=IF(test=""oui"",'définition axe en plan'!E13-'définition axe en plan'!E12,"""")"
Calcul XY,P12,"=IF(AND(PMdonné>=_PM2,PMdonné<_PM3),""oui"",""non"")"
Calcul XY,R12,"=IF(AND(PMdonné>=""PM""&(ROW(Q12)-10),PMdonné<""PM""&(ROW(Q13)-10)),""oui"",""non"")"
Calcul XY,T12,"=""PM""&(ROW(Q12)-10)"
Calcul XY,C13,"=IF(AND(PMdonné>=_PM3,PMdonné<_PM4),""oui"",""non"")"
Calcul XY,D13,"=IF(test=""oui"",'définition axe en plan'!D13,"""")"
Calcul XY,E13,"=IF(test=""oui"",IF(AND(Type=""Clothoïde"",'définition axe en plan'!D14=""Alignement Droit""),'définition axe en plan'!E14,'définition axe en plan'!E13),"""")"
Calcul XY,F13,"=IF(test=""oui"",IF(AND(Type=""Clothoïde"",'définition axe en plan'!$D14=""Alignement Droit""),'définition axe en plan'!F14,'définition axe en plan'!F13),"""")"
Calcul XY,G13,"=IF(test=""oui"",IF(AND(Type=""Clothoïde"",'définition axe en plan'!$D14=""Alignement Droit""),'définition axe en plan'!G14,'définition axe en plan'!G13),"""")"
Calcul XY,H13,"=IF(test=""oui"",IF(AND(Type=""Clothoïde"",'définition axe en plan'!$D14=""Alignement Droit""),'définition axe en plan'!H14,'définition axe en plan'!H13),"""")"
Calcul XY,I13,"=IF(test=""oui"",'définition axe en plan'!I13,"""")"
Calcul XY,J13,"=IF(test=""oui"",'définition axe en plan'!J13,"""")"
Calcul XY,K13,"=IF(test=""oui"",'définition axe en plan'!K13,"""")"
Calcul XY,L13,"=IF(test=""oui"",SUM('définition axe en plan'!L12:L14),"""")"
Calcul XY,M13,"=IF(test=""oui"",'définition axe en plan'!E14-'définition axe en plan'!E13,"""")"
Calcul XY,P13,"=IF(AND(PMdonné>=_PM3,PMdonné<_PM4),""oui"",""non"")"
Calcul XY,R13,"=IF(AND(PMdonné>=""PM""&(ROW(Q13)-10),PMdonné<""PM""&(ROW(Q14)-10)),""oui"",""non"")"
Calcul XY,T13,"=""PM""&(ROW(Q13)-10)"
Calcul XY,C14,"=IF(AND(PMdonné>=_PM4,PMdonné<_PM5),""oui"",""non"")"
Calcul XY,D14,"=IF(test=""oui"",'définition axe en plan'!D14,"""")"
Calcul XY,E14,"=IF(test=""oui"",IF(AND(Type=""Clothoïde"",'définition axe en plan'!D15=""Alignement Droit""),'définition axe en plan'!E15,'définition axe en plan'!E14),"""")"
Calcul XY,F14,"=IF(test=""oui"",IF(AND(Type=""Clothoïde"",'définition axe en plan'!$D15=""Alignement Droit""),'définition axe en plan'!F15,'définition axe en plan'!F14),"""")"
Calcul XY,G14,"=IF(test=""oui"",IF(AND(Type=""Clothoïde"",'définition axe en plan'!$D15=""Alignement Droit""),'définition axe en plan'!G15,'définition axe en plan'!G14),"""")"
Calcul XY,H14,"=IF(test=""oui"",IF(AND(Type=""Clothoïde"",'définition axe en plan'!$D15=""Alignement Droit""),'définition axe en plan'!H15,'définition axe en plan'!H14),"""")"
Calcul XY,I14,"=IF(test=""oui"",'définition axe en plan'!I14,"""")"
Calcul XY,J14,"=IF(test=""oui"",'définition axe en plan'!J14,"""")"
Calcul XY,K14,"=IF(test=""oui"",'définition axe en plan'!K14,"""")"
Calcul XY,L14,"=IF(test=""oui"",SUM('définition axe en plan'!L13:L15),"""")"
Calcul XY,M14,"=IF(test=""oui"",'définition axe en plan'!E15-'définition axe en plan'!E14,"""")"
Calcul XY,P14,"=IF(PMdonné>=_PM4,""oui"",""non"")"
Calcul XY,R14,"=IF(AND(PMdonné>=""PM""&(ROW(Q14)-10),PMdonné<""PM""&(ROW(Q15)-10)),""oui"",""non"")"
Calcul XY,T14,"=""PM""&(ROW(Q14)-10)"
Calcul XY,C15,"=IF(AND(PMdonné>=_PM5,PMdonné<_PM6),""oui"",""non"")"
Calcul XY,D15,"=IF(test=""oui"",'définition axe en plan'!D15,"""")"
Calcul XY,E15,"=IF(test=""oui"",IF(AND(Type=""Clothoïde"",'définition axe en plan'!D16=""Alignement Droit""),'définition axe en plan'!E16,'définition axe en plan'!E15),"""")"
Calcul XY,F15,"=IF(test=""oui"",IF(AND(Type=""Clothoïde"",'définition axe en plan'!$D16=""Alignement Droit""),'définition axe en plan'!F16,'définition axe en plan'!F15),"""")"
Calcul XY,G15,"=IF(test=""oui"",IF(AND(Type=""Clothoïde"",'définition axe en plan'!$D16=""Alignement Droit""),'définition axe en plan'!G16,'définition axe en plan'!G15),"""")"
Calcul XY,H15,"=IF(test=""oui"",IF(AND(Type=""Clothoïde"",'définition axe en plan'!$D16=""Alignement Droit""),'définition axe en plan'!H16,'définition axe en plan'!H15),"""")"
Calcul XY,I15,"=IF(test=""oui"",'définition axe en plan'!I15,"""")"
Calcul XY,J15,"=IF(test=""oui"",'définition axe en plan'!J15,"""")"
Calcul XY,K15,"=IF(test=""oui"",'définition axe en plan'!K15,"""")"
Calcul XY,L15,"=IF(test=""oui"",SUM('définition axe en plan'!L14:L16),"""")"
Calcul XY,M15,"=IF(test=""oui"",'définition axe en plan'!E16-'définition axe en plan'!E15,"""")"
Calcul XY,R15,"=IF(AND(PMdonné>=""PM""&(ROW(Q15)-10),PMdonné<""PM""&(ROW(Q16)-10)),""oui"",""non"")"
Calcul XY,C16,"=IF(AND(PMdonné>=_PM6,PMdonné<_PM7),""oui"",""non"")"
Calcul XY,D16,"=IF(test=""oui"",'définition axe en plan'!D16,"""")"
Calcul XY,E16,"=IF(test=""oui"",IF(AND(Type=""Clothoïde"",'définition axe en plan'!D17=""Alignement Droit""),'définition axe en plan'!E17,'définition axe en plan'!E16),"""")"
Calcul XY,F16,"=IF(test=""oui"",IF(AND(Type=""Clothoïde"",'définition axe en plan'!$D17=""Alignement Droit""),'définition axe en plan'!F17,'définition axe en plan'!F16),"""")"
Calcul XY,G16,"=IF(test=""oui"",IF(AND(Type=""Clothoïde"",'définition axe en plan'!$D17=""Alignement Droit""),'définition axe en plan'!G17,'définition axe en plan'!G16),"""")"
Calcul XY,H16,"=IF(test=""oui"",IF(AND(Type=""Clothoïde"",'définition axe en plan'!$D17=""Alignement Droit""),'définition axe en plan'!H17,'définition axe en plan'!H16),"""")"
Calcul XY,I16,"=IF(test=""oui"",'définition axe en plan'!I16,"""")"
Calcul XY,J16,"=IF(test=""oui"",'définition axe en plan'!J16,"""")"
Calcul XY,K16,"=IF(test=""oui"",'définition axe en plan'!K16,"""")"
Calcul XY,L16,"=IF(test=""oui"",SUM('définition axe en plan'!L15:L17),"""")"
Calcul XY,M16,"=IF(test=""oui"",'définition axe en plan'!E17-'définition axe en plan'!E16,"""")"
Calcul XY,R16,"=IF(AND(PMdonné>=""PM""&(ROW(Q16)-10),PMdonné<""PM""&(ROW(Q17)-10)),""oui"",""non"")"
Calcul XY,C17,"=IF(AND(PMdonné>=_PM7,PMdonné<_PM8),""oui"",""non"")"
Calcul XY,D17,"=IF(test=""oui"",'définition axe en plan'!D17,"""")"
Calcul XY,E17,"=IF(test=""oui"",IF(AND(Type=""Clothoïde"",'définition axe en plan'!D18=""Alignement Droit""),'définition axe en plan'!E18,'définition axe en plan'!E17),"""")"
Calcul XY,F17,"=IF(test=""oui"",IF(AND(Type=""Clothoïde"",'définition axe en plan'!$D18=""Alignement Droit""),'définition axe en plan'!F18,'définition axe en plan'!F17),"""")"
Calcul XY,G17,"=IF(test=""oui"",IF(AND(Type=""Clothoïde"",'définition axe en plan'!$D18=""Alignement Droit""),'définition axe en plan'!G18,'définition axe en plan'!G17),"""")"
Calcul XY,H17,"=IF(test=""oui"",IF(AND(Type=""Clothoïde"",'définition axe en plan'!$D18=""Alignement Droit""),'définition axe en plan'!H18,'définition axe en plan'!H17),"""")"
Calcul XY,I17,"=IF(test=""oui"",'définition axe en plan'!I17,"""")"
Calcul XY,J17,"=IF(test=""oui"",'définition axe en plan'!J17,"""")"
Calcul XY,K17,"=IF(test=""oui"",'définition axe en plan'!K17,"""")"
Calcul XY,L17,"=IF(test=""oui"",SUM('définition axe en plan'!L16:L18),"""")"
Calcul XY,M17,"=IF(test=""oui"",'définition axe en plan'!E18-'définition axe en plan'!E17,"""")"
Calcul XY,R17,"=IF(AND(PMdonné>=""PM""&(ROW(Q17)-10),PMdonné<""PM""&(ROW(Q18)-10)),""oui"",""non"")"
Calcul XY,C18,"=IF(AND(PMdonné>=_PM8,PMdonné<_PM9),""oui"",""non"")"
Calcul XY,D18,"=IF(test=""oui"",'définition axe en plan'!D18,"""")"
Calcul XY,E18,"=IF(test=""oui"",IF(AND(Type=""Clothoïde"",'définition axe en plan'!D19=""Alignement Droit""),'définition axe en plan'!E19,'définition axe en plan'!E18),"""")"
Calcul XY,F18,"=IF(test=""oui"",IF(AND(Type=""Clothoïde"",'définition axe en plan'!$D19=""Alignement Droit""),'définition axe en plan'!F19,'définition axe en plan'!F18),"""")"
Calcul XY,G18,"=IF(test=""oui"",IF(AND(Type=""Clothoïde"",'définition axe en plan'!$D19=""Alignement Droit""),'définition axe en plan'!G19,'définition axe en plan'!G18),"""")"
Calcul XY,H18,"=IF(test=""oui"",IF(AND(Type=""Clothoïde"",'définition axe en plan'!$D19=""Alignement Droit""),'définition axe en plan'!H19,'définition axe en plan'!H18),"""")"
Calcul XY,I18,"=IF(test=""oui"",'définition axe en plan'!I18,"""")"
Calcul XY,J18,"=IF(test=""oui"",'définition axe en plan'!J18,"""")"
Calcul XY,K18,"=IF(test=""oui"",'définition axe en plan'!K18,"""")"
Calcul XY,L18,"=IF(test=""oui"",SUM('définition axe en plan'!L17:L19),"""")"
Calcul XY,M18,"=IF(test=""oui"",'définition axe en plan'!E19-'définition axe en plan'!E18,"""")"
Calcul XY,R18,"=IF(AND(PMdonné>=""PM""&(ROW(Q18)-10),PMdonné<""PM""&(ROW(Q19)-10)),""oui"",""non"")"
Calcul XY,C19,"=IF(AND(PMdonné>=_PM9,PMdonné<_PM10),""oui"",""non"")"
Calcul XY,D19,"=IF(test=""oui"",'définition axe en plan'!D19,"""")"
Calcul XY,E19,"=IF(test=""oui"",IF(AND(Type=""Clothoïde"",'définition axe en plan'!D20=""Alignement Droit""),'définition axe en plan'!E20,'définition axe en plan'!E19),"""")"
Calcul XY,F19,"=IF(test=""oui"",IF(AND(Type=""Clothoïde"",'définition axe en plan'!$D20=""Alignement Droit""),'définition axe en plan'!F20,'définition axe en plan'!F19),"""")"
Calcul XY,G19,"=IF(test=""oui"",IF(AND(Type=""Clothoïde"",'définition axe en plan'!$D20=""Alignement Droit""),'définition axe en plan'!G20,'définition axe en plan'!G19),"""")"
Calcul XY,H19,"=IF(test=""oui"",IF(AND(Type=""Clothoïde"",'définition axe en plan'!$D20=""Alignement Droit""),'définition axe en plan'!H20,'définition axe en plan'!H19),"""")"
Calcul XY,I19,"=IF(test=""oui"",'définition axe en plan'!I19,"""")"
Calcul XY,J19,"=IF(test=""oui"",'définition axe en plan'!J19,"""")"
Calcul XY,K19,"=IF(test=""oui"",'définition axe en plan'!K19,"""")"
Calcul XY,L19,"=IF(test=""oui"",SUM('définition axe en plan'!L18:L20),"""")"
Calcul XY,M19,"=IF(test=""oui"",'définition axe en plan'!E20-'définition axe en plan'!E19,"""")"
Calcul XY,R19,"=IF(AND(PMdonné>=""PM""&(ROW(Q19)-10),PMdonné<""PM""&(ROW(Q20)-10)),""oui"",""non"")"
Calcul XY,C20,"=IF(AND(PMdonné>=_PM10,PMdonné<_PM11),""oui"",""non"")"
Calcul XY,D20,"=IF(test=""oui"",'définition axe en plan'!D20,"""")"
Calcul XY,E20,"=IF(test=""oui"",IF(AND(Type=""Clothoïde"",'définition axe en plan'!D21=""Alignement Droit""),'définition axe en plan'!E21,'définition axe en plan'!E20),"""")"
Calcul XY,F20,"=IF(test=""oui"",IF(AND(Type=""Clothoïde"",'définition axe en plan'!$D21=""Alignement Droit""),'définition axe en plan'!F21,'définition axe en plan'!F20),"""")"
Calcul XY,G20,"=IF(test=""oui"",IF(AND(Type=""Clothoïde"",'définition axe en plan'!$D21=""Alignement Droit""),'définition axe en plan'!G21,'définition axe en plan'!G20),"""")"
Calcul XY,H20,"=IF(test=""oui"",IF(AND(Type=""Clothoïde"",'définition axe en plan'!$D21=""Alignement Droit""),'définition axe en plan'!H21,'définition axe en plan'!H20),"""")"
Calcul XY,I20,"=IF(test=""oui"",'définition axe en plan'!I20,"""")"
Calcul XY,J20,"=IF(test=""oui"",'définition axe en plan'!J20,"""")"
Calcul XY,K20,"=IF(test=""oui"",'définition axe en plan'!K20,"""")"
Calcul XY,L20,"=IF(test=""oui"",SUM('définition axe en plan'!L19:L21),"""")"
Calcul XY,M20,"=IF(test=""oui"",'définition axe en plan'!E21-'définition axe en plan'!E20,"""")"
Calcul XY,R20,"=IF(AND(PMdonné>=""PM""&(ROW(Q20)-10),PMdonné<""PM""&(ROW(Q21)-10)),""oui"",""non"")"
Calcul XY,C21,"=IF(AND(PMdonné>=_PM11,PMdonné<_PM12),""oui"",""non"")"
Calcul XY,D21,"=IF(test=""oui"",'définition axe en plan'!D21,"""")"
Calcul XY,E21,"=IF(test=""oui"",IF(AND(Type=""Clothoïde"",'définition axe en plan'!D22=""Alignement Droit""),'définition axe en plan'!E22,'définition axe en plan'!E21),"""")"
Calcul XY,F21,"=IF(test=""oui"",IF(AND(Type=""Clothoïde"",'définition axe en plan'!$D22=""Alignement Droit""),'définition axe en plan'!F22,'définition axe en plan'!F21),"""")"
Calcul XY,G21,"=IF(test=""oui"",IF(AND(Type=""Clothoïde"",'définition axe en plan'!$D22=""Alignement Droit""),'définition axe en plan'!G22,'définition axe en plan'!G21),"""")"
Calcul XY,H21,"=IF(test=""oui"",IF(AND(Type=""Clothoïde"",'définition axe en plan'!$D22=""Alignement Droit""),'définition axe en plan'!H22,'définition axe en plan'!H21),"""")"
Calcul XY,I21,"=IF(test=""oui"",'définition axe en plan'!I21,"""")"
Calcul XY,J21,"=IF(test=""oui"",'définition axe en plan'!J21,"""")"
Calcul XY,K21,"=IF(test=""oui"",'définition axe en plan'!K21,"""")"
Calcul XY,L21,"=IF(test=""oui"",SUM('définition axe en plan'!L20:L22),"""")"
Calcul XY,M21,"=IF(test=""oui"",'définition axe en plan'!E22-'définition axe en plan'!E21,"""")"
Calcul XY,R21,"=IF(AND(PMdonné>=""PM""&(ROW(Q21)-10),PMdonné<""PM""&(ROW(Q22)-10)),""oui"",""non"")"
Calcul XY,C22,"=IF(AND(PMdonné>=_PM12,PMdonné<_PM13),""oui"",""non"")"
Calcul XY,D22,"=IF(test=""oui"",'définition axe en plan'!D22,"""")"
Calcul XY,E22,"=IF(test=""oui"",IF(AND(Type=""Clothoïde"",'définition axe en plan'!D23=""Alignement Droit""),'définition axe en plan'!E23,'définition axe en plan'!E22),"""")"
Calcul XY,F22,"=IF(test=""oui"",IF(AND(Type=""Clothoïde"",'définition axe en plan'!$D23=""Alignement Droit""),'définition axe en plan'!F23,'définition axe en plan'!F22),"""")"
Calcul XY,G22,"=IF(test=""oui"",IF(AND(Type=""Clothoïde"",'définition axe en plan'!$D23=""Alignement Droit""),'définition axe en plan'!G23,'définition axe en plan'!G22),"""")"
Calcul XY,H22,"=IF(test=""oui"",IF(AND(Type=""Clothoïde"",'définition axe en plan'!$D23=""Alignement Droit""),'définition axe en plan'!H23,'définition axe en plan'!H22),"""")"
Calcul XY,I22,"=IF(test=""oui"",'définition axe en plan'!I22,"""")"
Calcul XY,J22,"=IF(test=""oui"",'définition axe en plan'!J22,"""")"
Calcul XY,K22,"=IF(test=""oui"",'définition axe en plan'!K22,"""")"
Calcul XY,L22,"=IF(test=""oui"",SUM('définition axe en plan'!L21:L23),"""")"
Calcul XY,M22,"=IF(test=""oui"",'définition axe en plan'!E23-'définition axe en plan'!E22,"""")"
Calcul XY,R22,"=IF(AND(PMdonné>=""PM""&(ROW(Q22)-10),PMdonné<""PM""&(ROW(Q23)-10)),""oui"",""non"")"
Calcul XY,C23,"=IF(AND(PMdonné>=_PM13,PMdonné<_PM14),""oui"",""non"")"
Calcul XY,D23,"=IF(test=""oui"",'définition axe en plan'!D23,"""")"
Calcul XY,E23,"=IF(test=""oui"",IF(AND(Type=""Clothoïde"",'définition axe en plan'!D24=""Alignement Droit""),'définition axe en plan'!E24,'définition axe en plan'!E23),"""")"
Calcul XY,F23,"=IF(test=""oui"",IF(AND(Type=""Clothoïde"",'définition axe en plan'!$D24=""Alignement Droit""),'définition axe en plan'!F24,'définition axe en plan'!F23),"""")"
Calcul XY,G23,"=IF(test=""oui"",IF(AND(Type=""Clothoïde"",'définition axe en plan'!$D24=""Alignement Droit""),'définition axe en plan'!G24,'définition axe en plan'!G23),"""")"
Calcul XY,H23,"=IF(test=""oui"",IF(AND(Type=""Clothoïde"",'définition axe en plan'!$D24=""Alignement Droit""),'définition axe en plan'!H24,'définition axe en plan'!H23),"""")"
Calcul XY,I23,"=IF(test=""oui"",'définition axe en plan'!I23,"""")"
Calcul XY,J23,"=IF(test=""oui"",'définition axe en plan'!J23,"""")"
Calcul XY,K23,"=IF(test=""oui"",'définition axe en plan'!K23,"""")"
Calcul XY,L23,"=IF(test=""oui"",SUM('définition axe en plan'!L22:L24),"""")"
Calcul XY,M23,"=IF(test=""oui"",'définition axe en plan'!E24-'définition axe en plan'!E23,"""")"
Calcul XY,R23,"=IF(AND(PMdonné>=""PM""&(ROW(Q23)-10),PMdonné<""PM""&(ROW(Q24)-10)),""oui"",""non"")"
Calcul XY,C24,"=IF(AND(PMdonné>=_PM14,PMdonné<_PM15),""oui"",""non"")"
Calcul XY,D24,"=IF(test=""oui"",'définition axe en plan'!D24,"""")"
Calcul XY,E24,"=IF(test=""oui"",IF(AND(Type=""Clothoïde"",'définition axe en plan'!D25=""Alignement Droit""),'définition axe en plan'!E25,'définition axe en plan'!E24),"""")"
Calcul XY,F24,"=IF(test=""oui"",IF(AND(Type=""Clothoïde"",'définition axe en plan'!$D25=""Alignement Droit""),'définition axe en plan'!F25,'définition axe en plan'!F24),"""")"
Calcul XY,G24,"=IF(test=""oui"",IF(AND(Type=""Clothoïde"",'définition axe en plan'!$D25=""Alignement Droit""),'définition axe en plan'!G25,'définition axe en plan'!G24),"""")"
Calcul XY,H24,"=IF(test=""oui"",IF(AND(Type=""Clothoïde"",'définition axe en plan'!$D25=""Alignement Droit""),'définition axe en plan'!H25,'définition axe en plan'!H24),"""")"
Calcul XY,I24,"=IF(test=""oui"",'définition axe en plan'!I24,"""")"
Calcul XY,J24,"=IF(test=""oui"",'définition axe en plan'!J24,"""")"
Calcul XY,K24,"=IF(test=""oui"",'définition axe en plan'!K24,"""")"
Calcul XY,L24,"=IF(test=""oui"",SUM('définition axe en plan'!L23:L25),"""")"
Calcul XY,M24,"=IF(test=""oui"",'définition axe en plan'!E25-'définition axe en plan'!E24,"""")"
Calcul XY,R24,"=IF(AND(PMdonné>=""PM""&(ROW(Q24)-10),PMdonné<""PM""&(ROW(Q25)-10)),""oui"",""non"")"
Calcul XY,C25,"=IF(AND(PMdonné>=_PM15,PMdonné<_PM16),""oui"",""non"")"
Calcul XY,D25,"=IF(test=""oui"",'définition axe en plan'!D25,"""")"
Calcul XY,E25,"=IF(test=""oui"",IF(AND(Type=""Clothoïde"",'définition axe en plan'!D26=""Alignement Droit""),'définition axe en plan'!E26,'définition axe en plan'!E25),"""")"
Calcul XY,F25,"=IF(test=""oui"",IF(AND(Type=""Clothoïde"",'définition axe en plan'!$D26=""Alignement Droit""),'définition axe en plan'!F26,'définition axe en plan'!F25),"""")"
Calcul XY,G25,"=IF(test=""oui"",IF(AND(Type=""Clothoïde"",'définition axe en plan'!$D26=""Alignement Droit""),'définition axe en plan'!G26,'définition axe en plan'!G25),"""")"
Calcul XY,H25,"=IF(test=""oui"",IF(AND(Type=""Clothoïde"",'définition axe en plan'!$D26=""Alignement Droit""),'définition axe en plan'!H26,'définition axe en plan'!H25),"""")"
Calcul XY,I25,"=IF(test=""oui"",'définition axe en plan'!I25,"""")"
Calcul XY,J25,"=IF(test=""oui"",'définition axe en plan'!J25,"""")"
Calcul XY,K25,"=IF(test=""oui"",'définition axe en plan'!K25,"""")"
Calcul XY,L25,"=IF(test=""oui"",SUM('définition axe en plan'!L24:L26),"""")"
Calcul XY,M25,"=IF(test=""oui"",'définition axe en plan'!E26-'définition axe en plan'!E25,"""")"
Calcul XY,R25,"=IF(AND(PMdonné>=""PM""&(ROW(Q25)-10),PMdonné<""PM""&(ROW(Q26)-10)),""oui"",""non"")"
Calcul XY,C26,"=IF(AND(PMdonné>=_PM16,PMdonné<_PM17),""oui"",""non"")"
Calcul XY,D26,"=IF(test=""oui"",'définition axe en plan'!D26,"""")"
Calcul XY,E26,"=IF(test=""oui"",IF(AND(Type=""Clothoïde"",'définition axe en plan'!D27=""Alignement Droit""),'définition axe en plan'!E27,'définition axe en plan'!E26),"""")"
Calcul XY,F26,"=IF(test=""oui"",IF(AND(Type=""Clothoïde"",'définition axe en plan'!$D27=""Alignement Droit""),'définition axe en plan'!F27,'définition axe en plan'!F26),"""")"
Calcul XY,G26,"=IF(test=""oui"",IF(AND(Type=""Clothoïde"",'définition axe en plan'!$D27=""Alignement Droit""),'définition axe en plan'!G27,'définition axe en plan'!G26),"""")"
Calcul XY,H26,"=IF(test=""oui"",IF(AND(Type=""Clothoïde"",'définition axe en plan'!$D27=""Alignement Droit""),'définition axe en plan'!H27,'définition axe en plan'!H26),"""")"
Calcul XY,I26,"=IF(test=""oui"",'définition axe en plan'!I26,"""")"
Calcul XY,J26,"=IF(test=""oui"",'définition axe en plan'!J26,"""")"
Calcul XY,K26,"=IF(test=""oui"",'définition axe en plan'!K26,"""")"
Calcul XY,L26,"=IF(test=""oui"",SUM('définition axe en plan'!L25:L27),"""")"
Calcul XY,M26,"=IF(test=""oui"",'définition axe en plan'!E27-'définition axe en plan'!E26,"""")"
Calcul XY,R26,"=IF(AND(PMdonné>=""PM""&(ROW(Q26)-10),PMdonné<""PM""&(ROW(Q27)-10)),""oui"",""non"")"
Calcul XY,C27,"=IF(AND(PMdonné>=_PM17,PMdonné<_PM18),""oui"",""non"")"
Calcul XY,D27,"=IF(test=""oui"",'définition axe en plan'!D27,"""")"
Calcul XY,E27,"=IF(test=""oui"",IF(AND(Type=""Clothoïde"",'définition axe en plan'!D28=""Alignement Droit""),'définition axe en plan'!E28,'définition axe en plan'!E27),"""")"
Calcul XY,F27,"=IF(test=""oui"",IF(AND(Type=""Clothoïde"",'définition axe en plan'!$D28=""Alignement Droit""),'définition axe en plan'!F28,'définition axe en plan'!F27),"""")"
Calcul XY,G27,"=IF(test=""oui"",IF(AND(Type=""Clothoïde"",'définition axe en plan'!$D28=""Alignement Droit""),'définition axe en plan'!G28,'définition axe en plan'!G27),"""")"
Calcul XY,H27,"=IF(test=""oui"",IF(AND(Type=""Clothoïde"",'définition axe en plan'!$D28=""Alignement Droit""),'définition axe en plan'!H28,'définition axe en plan'!H27),"""")"
Calcul XY,I27,"=IF(test=""oui"",'définition axe en plan'!I27,"""")"
Calcul XY,J27,"=IF(test=""oui"",'définition axe en plan'!J27,"""")"
Calcul XY,K27,"=IF(test=""oui"",'définition axe en plan'!K27,"""")"
Calcul XY,L27,"=IF(test=""oui"",SUM('définition axe en plan'!L26:L28),"""")"
Calcul XY,M27,"=IF(test=""oui"",'définition axe en plan'!E28-'définition axe en plan'!E27,"""")"
Calcul XY,R27,"=IF(AND(PMdonné>=""PM""&(ROW(Q27)-10),PMdonné<""PM""&(ROW(Q28)-10)),""oui"",""non"")"
Calcul XY,C28,"=IF(AND(PMdonné>=_PM18,PMdonné<_PM19),""oui"",""non"")"
Calcul XY,D28,"=IF(test=""oui"",'définition axe en plan'!D28,"""")"
Calcul XY,E28,"=IF(test=""oui"",IF(AND(Type=""Clothoïde"",'définition axe en plan'!D29=""Alignement Droit""),'définition axe en plan'!E29,'définition axe en plan'!E28),"""")"
Calcul XY,F28,"=IF(test=""oui"",IF(AND(Type=""Clothoïde"",'définition axe en plan'!$D29=""Alignement Droit""),'définition axe en plan'!F29,'définition axe en plan'!F28),"""")"
Calcul XY,G28,"=IF(test=""oui"",IF(AND(Type=""Clothoïde"",'définition axe en plan'!$D29=""Alignement Droit""),'définition axe en plan'!G29,'définition axe en plan'!G28),"""")"
Calcul XY,H28,"=IF(test=""oui"",IF(AND(Type=""Clothoïde"",'définition axe en plan'!$D29=""Alignement Droit""),'définition axe en plan'!H29,'définition axe en plan'!H28),"""")"
Calcul XY,I28,"=IF(test=""oui"",'définition axe en plan'!I28,"""")"
Calcul XY,J28,"=IF(test=""oui"",'définition axe en plan'!J28,"""")"
Calcul XY,K28,"=IF(test=""oui"",'définition axe en plan'!K28,"""")"
Calcul XY,L28,"=IF(test=""oui"",SUM('définition axe en plan'!L27:L29),"""")"
Calcul XY,M28,"=IF(test=""oui"",'définition axe en plan'!E29-'définition axe en plan'!E28,"""")"
Calcul XY,R28,"=IF(AND(PMdonné>=""PM""&(ROW(Q28)-10),PMdonné<""PM""&(ROW(Q29)-10)),""oui"",""non"")"
Calcul XY,C29,"=IF(AND(PMdonné>=_PM19,PMdonné<_PM20),""oui"",""non"")"
Calcul XY,D29,"=IF(test=""oui"",'définition axe en plan'!D29,"""")"
Calcul XY,E29,"=IF(test=""oui"",IF(AND(Type=""Clothoïde"",'définition axe en plan'!D30=""Alignement Droit""),'définition axe en plan'!E30,'définition axe en plan'!E29),"""")"
Calcul XY,F29,"=IF(test=""oui"",IF(AND(Type=""Clothoïde"",'définition axe en plan'!$D30=""Alignement Droit""),'définition axe en plan'!F30,'définition axe en plan'!F29),"""")"
Calcul XY,G29,"=IF(test=""oui"",IF(AND(Type=""Clothoïde"",'définition axe en plan'!$D30=""Alignement Droit""),'définition axe en plan'!G30,'définition axe en plan'!G29),"""")"
Calcul XY,H29,"=IF(test=""oui"",IF(AND(Type=""Clothoïde"",'définition axe en plan'!$D30=""Alignement Droit""),'définition axe en plan'!H30,'définition axe en plan'!H29),"""")"
Calcul XY,I29,"=IF(test=""oui"",'définition axe en plan'!I29,"""")"
Calcul XY,J29,"=IF(test=""oui"",'définition axe en plan'!J29,"""")"
Calcul XY,K29,"=IF(test=""oui"",'définition axe en plan'!K29,"""")"
Calcul XY,L29,"=IF(test=""oui"",SUM('définition axe en plan'!L28:L30),"""")"
Calcul XY,M29,"=IF(test=""oui"",'définition axe en plan'!E30-'définition axe en plan'!E29,"""")"
Calcul XY,R29,"=IF(AND(PMdonné>=""PM""&(ROW(Q29)-10),PMdonné<""PM""&(ROW(Q30)-10)),""oui"",""non"")"
Calcul XY,C30,"=IF(AND(PMdonné>=_PM20,PMdonné<_PM21),""oui"",""non"")"
Calcul XY,D30,"=IF(test=""oui"",'définition axe en plan'!D30,"""")"
Calcul XY,E30,"=IF(test=""oui"",IF(AND(Type=""Clothoïde"",'définition axe en plan'!D31=""Alignement Droit""),'définition axe en plan'!E31,'définition axe en plan'!E30),"""")"
Calcul XY,F30,"=IF(test=""oui"",IF(AND(Type=""Clothoïde"",'définition axe en plan'!$D31=""Alignement Droit""),'définition axe en plan'!F31,'définition axe en plan'!F30),"""")"
Calcul XY,G30,"=IF(test=""oui"",IF(AND(Type=""Clothoïde"",'définition axe en plan'!$D31=""Alignement Droit""),'définition axe en plan'!G31,'définition axe en plan'!G30),"""")"
Calcul XY,H30,"=IF(test=""oui"",IF(AND(Type=""Clothoïde"",'définition axe en plan'!$D31=""Alignement Droit""),'définition axe en plan'!H31,'définition axe en plan'!H30),"""")"
Calcul XY,I30,"=IF(test=""oui"",'définition axe en plan'!I30,"""")"
Calcul XY,J30,"=IF(test=""oui"",'définition axe en plan'!J30,"""")"
Calcul XY,K30,"=IF(test=""oui"",'définition axe en plan'!K30,"""")"
Calcul XY,L30,"=IF(test=""oui"",SUM('définition axe en plan'!L29:L31),"""")"
Calcul XY,M30,"=IF(test=""oui"",'définition axe en plan'!E31-'définition axe en plan'!E30,"""")"
Calcul XY,R30,"=IF(AND(PMdonné>=""PM""&(ROW(Q30)-10),PMdonné<""PM""&(ROW(Q31)-10)),""oui"",""non"")"
Calcul XY,C31,"=IF(AND(PMdonné>=_PM21,PMdonné<_PM22),""oui"",""non"")"
Calcul XY,D31,"=IF(test=""oui"",'définition axe en plan'!D31,"""")"
Calcul XY,E31,"=IF(test=""oui"",IF(AND(Type=""Clothoïde"",'définition axe en plan'!D32=""Alignement Droit""),'définition axe en plan'!E32,'définition axe en plan'!E31),"""")"
Calcul XY,F31,"=IF(test=""oui"",IF(AND(Type=""Clothoïde"",'définition axe en plan'!$D32=""Alignement Droit""),'définition axe en plan'!F32,'définition axe en plan'!F31),"""")"
Calcul XY,G31,"=IF(test=""oui"",IF(AND(Type=""Clothoïde"",'définition axe en plan'!$D32=""Alignement Droit""),'définition axe en plan'!G32,'définition axe en plan'!G31),"""")"
Calcul XY,H31,"=IF(test=""oui"",IF(AND(Type=""Clothoïde"",'définition axe en plan'!$D32=""Alignement Droit""),'définition axe en plan'!H32,'définition axe en plan'!H31),"""")"
Calcul XY,I31,"=IF(test=""oui"",'définition axe en plan'!I31,"""")"
Calcul XY,J31,"=IF(test=""oui"",'définition axe en plan'!J31,"""")"
Calcul XY,K31,"=IF(test=""oui"",'définition axe en plan'!K31,"""")"
Calcul XY,L31,"=IF(test=""oui"",SUM('définition axe en plan'!L30:L32),"""")"
Calcul XY,M31,"=IF(test=""oui"",'définition axe en plan'!E32-'définition axe en plan'!E31,"""")"
Calcul XY,R31,"=IF(AND(PMdonné>=""PM""&(ROW(Q31)-10),PMdonné<""PM""&(ROW(Q32)-10)),""oui"",""non"")"
Calcul XY,C32,"=IF(AND(PMdonné>=_PM22,PMdonné<_PM23),""oui"",""non"")"
Calcul XY,D32,"=IF(test=""oui"",'définition axe en plan'!D32,"""")"
Calcul XY,E32,"=IF(test=""oui"",IF(AND(Type=""Clothoïde"",'définition axe en plan'!D33=""Alignement Droit""),'définition axe en plan'!E33,'définition axe en plan'!E32),"""")"
Calcul XY,F32,"=IF(test=""oui"",IF(AND(Type=""Clothoïde"",'définition axe en plan'!$D33=""Alignement Droit""),'définition axe en plan'!F33,'définition axe en plan'!F32),"""")"
Calcul XY,G32,"=IF(test=""oui"",IF(AND(Type=""Clothoïde"",'définition axe en plan'!$D33=""Alignement Droit""),'définition axe en plan'!G33,'définition axe en plan'!G32),"""")"
Calcul XY,H32,"=IF(test=""oui"",IF(AND(Type=""Clothoïde"",'définition axe en plan'!$D33=""Alignement Droit""),'définition axe en plan'!H33,'définition axe en plan'!H32),"""")"
Calcul XY,I32,"=IF(test=""oui"",'définition axe en plan'!I32,"""")"
Calcul XY,J32,"=IF(test=""oui"",'définition axe en plan'!J32,"""")"
Calcul XY,K32,"=IF(test=""oui"",'définition axe en plan'!K32,"""")"
Calcul XY,L32,"=IF(test=""oui"",SUM('définition axe en plan'!L31:L33),"""")"
Calcul XY,M32,"=IF(test=""oui"",'définition axe en plan'!E33-'définition axe en plan'!E32,"""")"
Calcul XY,R32,"=IF(AND(PMdonné>=""PM""&(ROW(Q32)-10),PMdonné<""PM""&(ROW(Q33)-10)),""oui"",""non"")"
Calcul XY,C33,"=IF(AND(PMdonné>=_PM23,PMdonné<_PM14),""oui"",""non"")"
Calcul XY,D33,"=IF(test=""oui"",'définition axe en plan'!D33,"""")"
Calcul XY,E33,"=IF(test=""oui"",IF(AND(Type=""Clothoïde"",'définition axe en plan'!D34=""Alignement Droit""),'définition axe en plan'!E34,'définition axe en plan'!E33),"""")"
Calcul XY,F33,"=IF(test=""oui"",IF(AND(Type=""Clothoïde"",'définition axe en plan'!$D34=""Alignement Droit""),'définition axe en plan'!F34,'définition axe en plan'!F33),"""")"
Calcul XY,G33,"=IF(test=""oui"",IF(AND(Type=""Clothoïde"",'définition axe en plan'!$D34=""Alignement Droit""),'définition axe en plan'!G34,'définition axe en plan'!G33),"""")"
Calcul XY,H33,"=IF(test=""oui"",IF(AND(Type=""Clothoïde"",'définition axe en plan'!$D34=""Alignement Droit""),'définition axe en plan'!H34,'définition axe en plan'!H33),"""")"
Calcul XY,I33,"=IF(test=""oui"",'définition axe en plan'!I33,"""")"
Calcul XY,J33,"=IF(test=""oui"",'définition axe en plan'!J33,"""")"
Calcul XY,K33,"=IF(test=""oui"",'définition axe en plan'!K33,"""")"
Calcul XY,L33,"=IF(test=""oui"",SUM('définition axe en plan'!L32:L34),"""")"
Calcul XY,M33,"=IF(test=""oui"",'définition axe en plan'!E34-'définition axe en plan'!E33,"""")"
Calcul XY,R33,"=IF(AND(PMdonné>=""PM""&(ROW(Q33)-10),PMdonné<""PM""&(ROW(Q34)-10)),""oui"",""non"")"
Calcul XY,C34,"=IF(AND(PMdonné>=_PM14,PMdonné<_PM25),""oui"",""non"")"
Calcul XY,D34,"=IF(test=""oui"",'définition axe en plan'!D34,"""")"
Calcul XY,E34,"=IF(test=""oui"",IF(AND(Type=""Clothoïde"",'définition axe en plan'!D35=""Alignement Droit""),'définition axe en plan'!E35,'définition axe en plan'!E34),"""")"
Calcul XY,F34,"=IF(test=""oui"",IF(AND(Type=""Clothoïde"",'définition axe en plan'!$D35=""Alignement Droit""),'définition axe en plan'!F35,'définition axe en plan'!F34),"""")"
Calcul XY,G34,"=IF(test=""oui"",IF(AND(Type=""Clothoïde"",'définition axe en plan'!$D35=""Alignement Droit""),'définition axe en plan'!G35,'définition axe en plan'!G34),"""")"
Calcul XY,H34,"=IF(test=""oui"",IF(AND(Type=""Clothoïde"",'définition axe en plan'!$D35=""Alignement Droit""),'définition axe en plan'!H35,'définition axe en plan'!H34),"""")"
Calcul XY,I34,"=IF(test=""oui"",'définition axe en plan'!I34,"""")"
Calcul XY,J34,"=IF(test=""oui"",'définition axe en plan'!J34,"""")"
Calcul XY,K34,"=IF(test=""oui"",'définition axe en plan'!K34,"""")"
Calcul XY,L34,"=IF(test=""oui"",SUM('définition axe en plan'!L33:L35),"""")"
Calcul XY,M34,"=IF(test=""oui"",'définition axe en plan'!E35-'définition axe en plan'!E34,"""")"
Calcul XY,R34,"=IF(AND(PMdonné>=""PM""&(ROW(Q34)-10),PMdonné<""PM""&(ROW(Q35)-10)),""oui"",""non"")"
Calcul XY,C35,"=IF(AND(PMdonné>=_PM25,PMdonné<_PM26),""oui"",""non"")"
Calcul XY,D35,"=IF(test=""oui"",'définition axe en plan'!D35,"""")"
Calcul XY,E35,"=IF(test=""oui"",IF(AND(Type=""Clothoïde"",'définition axe en plan'!D36=""Alignement Droit""),'définition axe en plan'!E36,'définition axe en plan'!E35),"""")"
Calcul XY,F35,"=IF(test=""oui"",IF(AND(Type=""Clothoïde"",'définition axe en plan'!$D36=""Alignement Droit""),'définition axe en plan'!F36,'définition axe en plan'!F35),"""")"
Calcul XY,G35,"=IF(test=""oui"",IF(AND(Type=""Clothoïde"",'définition axe en plan'!$D36=""Alignement Droit""),'définition axe en plan'!G36,'définition axe en plan'!G35),"""")"
Calcul XY,H35,"=IF(test=""oui"",IF(AND(Type=""Clothoïde"",'définition axe en plan'!$D36=""Alignement Droit""),'définition axe en plan'!H36,'définition axe en plan'!H35),"""")"
Calcul XY,I35,"=IF(test=""oui"",'définition axe en plan'!I35,"""")"
Calcul XY,J35,"=IF(test=""oui"",'définition axe en plan'!J35,"""")"
Calcul XY,K35,"=IF(test=""oui"",'définition axe en plan'!K35,"""")"
Calcul XY,L35,"=IF(test=""oui"",SUM('définition axe en plan'!L34:L36),"""")"
Calcul XY,M35,"=IF(test=""oui"",'définition axe en plan'!E36-'définition axe en plan'!E35,"""")"
Calcul XY,R35,"=IF(AND(PMdonné>=""PM""&(ROW(Q35)-10),PMdonné<""PM""&(ROW(Q36)-10)),""oui"",""non"")"
Calcul XY,C36,"=IF(AND(PMdonné>=_PM26,PMdonné<_PM27),""oui"",""non"")"
Calcul XY,D36,"=IF(test=""oui"",'définition axe en plan'!D36,"""")"
Calcul XY,E36,"=IF(test=""oui"",IF(AND(Type=""Clothoïde"",'définition axe en plan'!D37=""Alignement Droit""),'définition axe en plan'!E37,'définition axe en plan'!E36),"""")"
Calcul XY,F36,"=IF(test=""oui"",IF(AND(Type=""Clothoïde"",'définition axe en plan'!$D37=""Alignement Droit""),'définition axe en plan'!F37,'définition axe en plan'!F36),"""")"
Calcul XY,G36,"=IF(test=""oui"",IF(AND(Type=""Clothoïde"",'définition axe en plan'!$D37=""Alignement Droit""),'définition axe en plan'!G37,'définition axe en plan'!G36),"""")"
Calcul XY,H36,"=IF(test=""oui"",IF(AND(Type=""Clothoïde"",'définition axe en plan'!$D37=""Alignement Droit""),'définition axe en plan'!H37,'définition axe en plan'!H36),"""")"
Calcul XY,I36,"=IF(test=""oui"",'définition axe en plan'!I36,"""")"
Calcul XY,J36,"=IF(test=""oui"",'définition axe en plan'!J36,"""")"
Calcul XY,K36,"=IF(test=""oui"",'définition axe en plan'!K36,"""")"
Calcul XY,L36,"=IF(test=""oui"",SUM('définition axe en plan'!L35:L37),"""")"
Calcul XY,M36,"=IF(test=""oui"",'définition axe en plan'!E37-'définition axe en plan'!E36,"""")"
Calcul XY,R36,"=IF(AND(PMdonné>=""PM""&(ROW(Q36)-10),PMdonné<""PM""&(ROW(Q37)-10)),""oui"",""non"")"
Calcul XY,D37,"=IF(test=""oui"",'définition axe en plan'!D37,"""")"
Calcul XY,E37,"=IF(test=""oui"",IF(AND(Type=""Clothoïde"",'définition axe en plan'!D38=""Alignement Droit""),'définition axe en plan'!E38,'définition axe en plan'!E37),"""")"
Calcul XY,F37,"=IF(test=""oui"",IF(AND(Type=""Clothoïde"",'définition axe en plan'!$D38=""Alignement Droit""),'définition axe en plan'!F38,'définition axe en plan'!F37),"""")"
Calcul XY,G37,"=IF(test=""oui"",IF(AND(Type=""Clothoïde"",'définition axe en plan'!$D38=""Alignement Droit""),'définition axe en plan'!G38,'définition axe en plan'!G37),"""")"
Calcul XY,H37,"=IF(test=""oui"",IF(AND(Type=""Clothoïde"",'définition axe en plan'!$D38=""Alignement Droit""),'définition axe en plan'!H38,'définition axe en plan'!H37),"""")"
Calcul XY,I37,"=IF(test=""oui"",'définition axe en plan'!I37,"""")"
Calcul XY,J37,"=IF(test=""oui"",'définition axe en plan'!J37,"""")"
Calcul XY,K37,"=IF(test=""oui"",'définition axe en plan'!K37,"""")"
Calcul XY,L37,"=IF(test=""oui"",SUM('définition axe en plan'!L36:L38),"""")"
Calcul XY,M37,"=IF(test=""oui"",'définition axe en plan'!E38-'définition axe en plan'!E37,"""")"
Calcul XY,R37,"=IF(AND(PMdonné>=""PM""&(ROW(Q37)-10)),""oui"",""non"")"
Calcul XY,D44,=D11&D12&D13&D14&D15&D16&D17&D18&D19&D20&D21&D22&D23&D24&D25&D26&D27&D28&D29&D30&D31&D32&D33&D34&D35&D36&D37&D38
Calcul XY,E44,=SUM(E11:E38)
Calcul XY,F44,=SUM(F11:F38)
Calcul XY,G44,=SUM(G11:G38)
Calcul XY,H44,=SUM(H11:H38)
Calcul XY,I44,=SUM(I11:I38)
Calcul XY,J44,=SUM(J11:J38)
Calcul XY,K44,=SUM(K11:K38)
Calcul XY,L44,=SUM(L11:L38)
Calcul XY,M44,=SUM(M11:M38)
Calcul XY,D46,=PMdonné-PM
Calcul XY,A50,"=IF(Type=""Alignement Droit"",coordX(Xe,Gise,D),"""")"
Calcul XY,B50,"=IF(Type=""Alignement Droit"",coordY(Ye,Gise,D),"""")"
Calcul XY,C50,"=IF(Type=""Alignement Droit"",coordX(A50,Gise+100,EcartHdonné),"""")"
Calcul XY,D50,"=IF(Type=""Alignement Droit"",coordY(B50,Gise+100,EcartHdonné),"""")"
Calcul XY,E50,"=IF(Type=""Alignement Droit"",Gise,"""")"
Calcul XY,A52,"=IF(Type=""Cercle"",coordX(Xc,G52,Ray),"""")"
Calcul XY,B52,"=IF(Type=""Cercle"",coordY(Yc,G52,Ray),"""")"
Calcul XY,C52,"=IF(Type=""Cercle"",coordX(Xc,G52,Ray-Sens*(EcartHdonné)),"""")"
Calcul XY,D52,"=IF(Type=""Cercle"",coordY(Yc,G52,Ray-Sens*(EcartHdonné)),"""")"
Calcul XY,E52,"=IF(Type=""Cercle"",G52+Sens*100,"""")"
Calcul XY,F52,"=IF(Type=""Cercle"",Dévers,"""")"
Calcul XY,G52,"=IF(Type=""Cercle"",Gise-100*Sens+Sens*D/Ray*200/PI(),"""")"
Calcul XY,H52,"=IF(Type=""Cercle"",coordX(Xe,Gise+100*Sens,Ray),"""")"
Calcul XY,I52,"=IF(Type=""Cercle"",coordY(Ye,Gise+100*Sens,Ray),"""")"
Calcul XY,A54,"=IF(Type=""Clothoïde"",Xe+Dx*singr(Gise)+Sens*Dy*cosgr(Gise),"""")"
Calcul XY,B54,"=IF(Type=""Clothoïde"",Ye+Dx*cosgr(Gise)-Sens*Dy*singr(Gise),"""")"
Calcul XY,C54,"=IF(Type=""Clothoïde"",coordX(A54,E54+100,EcartHdonné),"""")"
Calcul XY,D54,"=IF(Type=""Clothoïde"",coordY(B54,E54+100,EcartHdonné),"""")"
Calcul XY,E54,"=IF(Type=""Clothoïde"",Gise+Sens*M*200/PI(),"""")"
Calcul XY,F54,"=IF(Type=""Clothoïde"",Dévers*ABS(D)/M44,"""")"
Calcul XY,K54,"=IF(Type=""Clothoïde"",(D/param)^2/2,"""")"
Calcul XY,L54,"=IF(Type=""Clothoïde"",D*(1-M^2/10+M^4/216-M^6/9360),"""")"
Calcul XY,M54,"=IF(Type=""Clothoïde"",M*D*(1/3-M^2/42+M^4/1320-M^6/75600),"""")"
Calcul XY,A56,"=ROUND(SUM(A50:A54),5)"
Calcul XY,B56,"=ROUND(SUM(B50:B54),5)"
Calcul XY,C56,"=ROUND(SUM(C50:C54),5)"
Calcul XY,D56,"=ROUND(SUM(D50:D54),5)"
Calcul XY,E56,"=ROUND(SUM(E50:E54),5)"
Calcul XY,F56,"=ROUND(SUM(F50:F54),5)"
définition profil en long,D1,"=""GALERIE ""&'INFOS-PARAM'!B3&""  definition profil en long"""
définition profil en long,Q11,=ROW(P11)
définition profil en long,R11,"=INDIRECT(""E""&$Q11)"
définition profil en long,S11,"=INDIRECT(""F""&$Q11)"
définition profil en long,O12,"=( (INDIRECT(""F""&ROW())) - (INDIRECT(""F""&ROW()-1)) ) / ((INDIRECT(""E""&ROW())) - (INDIRECT(""E""&ROW()-1)))"
définition profil en long,Q12,=ROW(P12)
définition profil en long,R12,"=INDIRECT(""E""&$Q12)"
définition profil en long,S12,"=INDIRECT(""F""&$Q12)"
définition profil en long,O13,"=( (INDIRECT(""F""&ROW())) - (INDIRECT(""F""&ROW()-1)) ) / ((INDIRECT(""E""&ROW())) - (INDIRECT(""E""&ROW()-1)))"
définition profil en long,Q13,=ROW(P13)
définition profil en long,R13,"=INDIRECT(""E""&$Q13)"
définition profil en long,S13,"=INDIRECT(""F""&$Q13)"
définition profil en long,O14,"=( (INDIRECT(""F""&ROW())) - (INDIRECT(""F""&ROW()-1)) ) / ((INDIRECT(""E""&ROW())) - (INDIRECT(""E""&ROW()-1)))"
définition profil en long,Q14,=ROW(P14)
définition profil en long,R14,"=INDIRECT(""E""&$Q14)"
définition profil en long,S14,"=INDIRECT(""F""&$Q14)"
définition profil en long,O15,"=( (INDIRECT(""F""&ROW())) - (INDIRECT(""F""&ROW()-1)) ) / ((INDIRECT(""E""&ROW())) - (INDIRECT(""E""&ROW()-1)))"
définition profil en long,Q15,=ROW(P15)
définition profil en long,R15,"=INDIRECT(""E""&$Q15)"
définition profil en long,S15,"=INDIRECT(""F""&$Q15)"
définition profil en long,O16,"=( (INDIRECT(""F""&ROW())) - (INDIRECT(""F""&ROW()-1)) ) / ((INDIRECT(""E""&ROW())) - (INDIRECT(""E""&ROW()-1)))"
définition profil en long,Q16,=ROW(P16)
définition profil en long,R16,"=INDIRECT(""E""&$Q16)"
définition profil en long,S16,"=INDIRECT(""F""&$Q16)"
définition profil en long,Q17,=ROW(P17)
définition profil en long,R17,"=INDIRECT(""E""&$Q17)"
définition profil en long,S17,"=INDIRECT(""F""&$Q17)"
définition profil en long,Q18,=ROW(P18)
définition profil en long,R18,"=INDIRECT(""E""&$Q18)"
définition profil en long,S18,"=INDIRECT(""F""&$Q18)"
définition profil en long,Q19,=ROW(P19)
définition profil en long,R19,"=INDIRECT(""E""&$Q19)"
définition profil en long,S19,"=INDIRECT(""F""&$Q19)"
définition profil en long,Q20,=ROW(P20)
définition profil en long,R20,"=INDIRECT(""E""&$Q20)"
définition profil en long,S20,"=INDIRECT(""F""&$Q20)"
définition profil en long,Q21,=ROW(P21)
définition profil en long,R21,"=INDIRECT(""E""&$Q21)"
définition profil en long,S21,"=INDIRECT(""F""&$Q21)"
définition profil en long,Q22,=ROW(P22)
définition profil en long,R22,"=INDIRECT(""E""&$Q22)"
définition profil en long,S22,"=INDIRECT(""F""&$Q22)"
définition profil en long,Q23,=ROW(P23)
définition profil en long,R23,"=INDIRECT(""E""&$Q23)"
définition profil en long,S23,"=INDIRECT(""F""&$Q23)"
définition profil en long,Q24,=ROW(P24)
définition profil en long,R24,"=INDIRECT(""E""&$Q24)"
définition profil en long,S24,"=INDIRECT(""F""&$Q24)"
définition profil en long,Q25,=ROW(P25)
définition profil en long,R25,"=INDIRECT(""E""&$Q25)"
définition profil en long,S25,"=INDIRECT(""F""&$Q25)"
définition profil en long,Q26,=ROW(P26)
définition profil en long,R26,"=INDIRECT(""E""&$Q26)"
définition profil en long,S26,"=INDIRECT(""F""&$Q26)"
définition profil en long,Q27,=ROW(P27)
définition profil en long,R27,"=INDIRECT(""E""&$Q27)"
définition profil en long,S27,"=INDIRECT(""F""&$Q27)"
définition profil en long,Q28,=ROW(P28)
définition profil en long,R28,"=INDIRECT(""E""&$Q28)"
définition profil en long,S28,"=INDIRECT(""F""&$Q28)"
définition profil en long,Q29,=ROW(P29)
définition profil en long,R29,"=INDIRECT(""E""&$Q29)"
définition profil en long,S29,"=INDIRECT(""F""&$Q29)"
définition profil en long,Q30,=ROW(P30)
définition profil en long,R30,"=INDIRECT(""E""&$Q30)"
définition profil en long,S30,"=INDIRECT(""F""&$Q30)"
définition profil en long,Q31,=ROW(P31)
définition profil en long,R31,"=INDIRECT(""E""&$Q31)"
définition profil en long,S31,"=INDIRECT(""F""&$Q31)"
définition profil en long,Q32,=ROW(P32)
définition profil en long,R32,"=INDIRECT(""E""&$Q32)"
définition profil en long,S32,"=INDIRECT(""F""&$Q32)"
définition profil en long,Q33,=ROW(P33)
définition profil en long,R33,"=INDIRECT(""E""&$Q33)"
définition profil en long,S33,"=INDIRECT(""F""&$Q33)"
définition profil en long,Q34,=ROW(P34)
définition profil en long,R34,"=INDIRECT(""E""&$Q34)"
définition profil en long,S34,"=INDIRECT(""F""&$Q34)"
Calcul Z,Q1,"='INFOS-PARAM'!B3&""-""&'INFOS-PARAM'!B5"
Calcul Z,A4,=PMdonné
Calcul Z,B4,=EcartVdonné
Calcul Z,C4,=C49
Calcul Z,D4,=D49
Calcul Z,E4,=E49
Calcul Z,C11,"=IF(PMdonné<_PL2,""oui"",""non"")"
Calcul Z,D11,"=IF(testZ=""oui"",'définition profil en long'!D11,"""")"
Calcul Z,E11,"=IF(testZ=""oui"",'définition profil en long'!E11,"""")"
Calcul Z,F11,"=IF(testZ=""oui"",'définition profil en long'!F11,"""")"
Calcul Z,G11,"=IF(testZ=""oui"",'définition profil en long'!G11,"""")"
Calcul Z,H11,"=IF(testZ=""oui"",'définition profil en long'!H11,"""")"
Calcul Z,I11,"=IF(testZ=""oui"",'définition profil en long'!I11,"""")"
Calcul Z,C12,"=IF(AND(PMdonné>=_PL2,PMdonné<_PL3),""oui"",""non"")"
Calcul Z,D12,"=IF(testZ=""oui"",'définition profil en long'!D12,"""")"
Calcul Z,E12,"=IF(testZ=""oui"",'définition profil en long'!E12,"""")"
Calcul Z,F12,"=IF(testZ=""oui"",'définition profil en long'!F12,"""")"
Calcul Z,G12,"=IF(testZ=""oui"",'définition profil en long'!G12,"""")"
Calcul Z,H12,"=IF(testZ=""oui"",'définition profil en long'!H12,"""")"
Calcul Z,I12,"=IF(testZ=""oui"",'définition profil en long'!I12,"""")"
Calcul Z,C13,"=IF(AND(PMdonné>=_PL3,PMdonné<_PL4),""oui"",""non"")"
Calcul Z,D13,"=IF(testZ=""oui"",'définition profil en long'!D13,"""")"
Calcul Z,E13,"=IF(testZ=""oui"",'définition profil en long'!E13,"""")"
Calcul Z,F13,"=IF(testZ=""oui"",'définition profil en long'!F13,"""")"
Calcul Z,G13,"=IF(testZ=""oui"",'définition profil en long'!G13,"""")"
Calcul Z,H13,"=IF(testZ=""oui"",'définition profil en long'!H13,"""")"
Calcul Z,I13,"=IF(testZ=""oui"",'définition profil en long'!I13,"""")"
Calcul Z,C14,"=IF(AND(PMdonné>=_PL4,PMdonné<_PL5),""oui"",""non"")"
Calcul Z,D14,"=IF(testZ=""oui"",'définition profil en long'!D14,"""")"
Calcul Z,E14,"=IF(testZ=""oui"",'définition profil en long'!E14,"""")"
Calcul Z,F14,"=IF(testZ=""oui"",'définition profil en long'!F14,"""")"
Calcul Z,G14,"=IF(testZ=""oui"",'définition profil en long'!G14,"""")"
Calcul Z,H14,"=IF(testZ=""oui"",'définition profil en long'!H14,"""")"
Calcul Z,I14,"=IF(testZ=""oui"",'définition profil en long'!I14,"""")"
Calcul Z,C15,"=IF(AND(PMdonné>=_PL5,PMdonné<_PL6),""oui"",""non"")"
Calcul Z,D15,"=IF(testZ=""oui"",'définition profil en long'!D15,"""")"
Calcul Z,E15,"=IF(testZ=""oui"",'définition profil en long'!E15,"""")"
Calcul Z,F15,"=IF(testZ=""oui"",'définition profil en long'!F15,"""")"
Calcul Z,G15,"=IF(testZ=""oui"",'définition profil en long'!G15,"""")"
Calcul Z,H15,"=IF(testZ=""oui"",'définition profil en long'!H15,"""")"
Calcul Z,I15,"=IF(testZ=""oui"",'définition profil en long'!I15,"""")"
Calcul Z,C16,"=IF(AND(PMdonné>=_PL6,PMdonné<_PL7),""oui"",""non"")"
Calcul Z,D16,"=IF(testZ=""oui"",'définition profil en long'!D16,"""")"
Calcul Z,E16,"=IF(testZ=""oui"",'définition profil en long'!E16,"""")"
Calcul Z,F16,"=IF(testZ=""oui"",'définition profil en long'!F16,"""")"
Calcul Z,G16,"=IF(testZ=""oui"",'définition profil en long'!G16,"""")"
Calcul Z,H16,"=IF(testZ=""oui"",'définition profil en long'!H16,"""")"
Calcul Z,I16,"=IF(testZ=""oui"",'définition profil en long'!I16,"""")"
Calcul Z,C17,"=IF(AND(PMdonné>=_PL7,PMdonné<_PL8),""oui"",""non"")"
Calcul Z,D17,"=IF(testZ=""oui"",'définition profil en long'!D17,"""")"
Calcul Z,E17,"=IF(testZ=""oui"",'définition profil en long'!E17,"""")"
Calcul Z,F17,"=IF(testZ=""oui"",'définition profil en long'!F17,"""")"
Calcul Z,G17,"=IF(testZ=""oui"",'définition profil en long'!G17,"""")"
Calcul Z,H17,"=IF(testZ=""oui"",'définition profil en long'!H17,"""")"
Calcul Z,I17,"=IF(testZ=""oui"",'définition profil en long'!I17,"""")"
Calcul Z,C18,"=IF(AND(PMdonné>=_PL8,PMdonné<_PL9),""oui"",""non"")"
Calcul Z,D18,"=IF(testZ=""oui"",'définition profil en long'!D18,"""")"
Calcul Z,E18,"=IF(testZ=""oui"",'définition profil en long'!E18,"""")"
Calcul Z,F18,"=IF(testZ=""oui"",'définition profil en long'!F18,"""")"
Calcul Z,G18,"=IF(testZ=""oui"",'définition profil en long'!G18,"""")"
Calcul Z,H18,"=IF(testZ=""oui"",'définition profil en long'!H18,"""")"
Calcul Z,I18,"=IF(testZ=""oui"",'définition profil en long'!I18,"""")"
Calcul Z,C19,"=IF(AND(PMdonné>=_PL9,PMdonné<_PL10),""oui"",""non"")"
Calcul Z,D19,"=IF(testZ=""oui"",'définition profil en long'!D19,"""")"
Calcul Z,E19,"=IF(testZ=""oui"",'définition profil en long'!E19,"""")"
Calcul Z,F19,"=IF(testZ=""oui"",'définition profil en long'!F19,"""")"
Calcul Z,G19,"=IF(testZ=""oui"",'définition profil en long'!G19,"""")"
Calcul Z,H19,"=IF(testZ=""oui"",'définition profil en long'!H19,"""")"
Calcul Z,I19,"=IF(testZ=""oui"",'définition profil en long'!I19,"""")"
Calcul Z,C20,"=IF(AND(PMdonné>=_PL10,PMdonné<_PL11),""oui"",""non"")"
Calcul Z,D20,"=IF(testZ=""oui"",'définition profil en long'!D20,"""")"
Calcul Z,E20,"=IF(testZ=""oui"",'définition profil en long'!E20,"""")"
Calcul Z,F20,"=IF(testZ=""oui"",'définition profil en long'!F20,"""")"
Calcul Z,G20,"=IF(testZ=""oui"",'définition profil en long'!G20,"""")"
Calcul Z,H20,"=IF(testZ=""oui"",'définition profil en long'!H20,"""")"
Calcul Z,I20,"=IF(testZ=""oui"",'définition profil en long'!I20,"""")"
Calcul Z,C21,"=IF(AND(PMdonné>=_PL11,PMdonné<_PL12),""oui"",""non"")"
Calcul Z,D21,"=IF(testZ=""oui"",'définition profil en long'!D21,"""")"
Calcul Z,E21,"=IF(testZ=""oui"",'définition profil en long'!E21,"""")"
Calcul Z,F21,"=IF(testZ=""oui"",'définition profil en long'!F21,"""")"
Calcul Z,G21,"=IF(testZ=""oui"",'définition profil en long'!G21,"""")"
Calcul Z,H21,"=IF(testZ=""oui"",'définition profil en long'!H21,"""")"
Calcul Z,I21,"=IF(testZ=""oui"",'définition profil en long'!I21,"""")"
Calcul Z,C22,"=IF(AND(PMdonné>=_PL12,PMdonné<_PL13),""oui"",""non"")"
Calcul Z,D22,"=IF(testZ=""oui"",'définition profil en long'!D22,"""")"
Calcul Z,E22,"=IF(testZ=""oui"",'définition profil en long'!E22,"""")"
Calcul Z,F22,"=IF(testZ=""oui"",'définition profil en long'!F22,"""")"
Calcul Z,G22,"=IF(testZ=""oui"",'définition profil en long'!G22,"""")"
Calcul Z,H22,"=IF(testZ=""oui"",'définition profil en long'!H22,"""")"
Calcul Z,I22,"=IF(testZ=""oui"",'définition profil en long'!I22,"""")"
Calcul Z,C23,"=IF(AND(PMdonné>=_PL13,PMdonné<_PL14),""oui"",""non"")"
Calcul Z,D23,"=IF(testZ=""oui"",'définition profil en long'!D23,"""")"
Calcul Z,E23,"=IF(testZ=""oui"",'définition profil en long'!E23,"""")"
Calcul Z,F23,"=IF(testZ=""oui"",'définition profil en long'!F23,"""")"
Calcul Z,G23,"=IF(testZ=""oui"",'définition profil en long'!G23,"""")"
Calcul Z,H23,"=IF(testZ=""oui"",'définition profil en long'!H23,"""")"
Calcul Z,I23,"=IF(testZ=""oui"",'définition profil en long'!I23,"""")"
Calcul Z,C24,"=IF(AND(PMdonné>=_PL14,PMdonné<_PL15),""oui"",""non"")"
Calcul Z,D24,"=IF(testZ=""oui"",'définition profil en long'!D24,"""")"
Calcul Z,E24,"=IF(testZ=""oui"",'définition profil en long'!E24,"""")"
Calcul Z,F24,"=IF(testZ=""oui"",'définition profil en long'!F24,"""")"
Calcul Z,G24,"=IF(testZ=""oui"",'définition profil en long'!G24,"""")"
Calcul Z,H24,"=IF(testZ=""oui"",'définition profil en long'!H24,"""")"
Calcul Z,I24,"=IF(testZ=""oui"",'définition profil en long'!I24,"""")"
Calcul Z,C25,"=IF(AND(PMdonné>=_PL15,PMdonné<_PL16),""oui"",""non"")"
Calcul Z,D25,"=IF(testZ=""oui"",'définition profil en long'!D25,"""")"
Calcul Z,E25,"=IF(testZ=""oui"",'définition profil en long'!E25,"""")"
Calcul Z,F25,"=IF(testZ=""oui"",'définition profil en long'!F25,"""")"
Calcul Z,G25,"=IF(testZ=""oui"",'définition profil en long'!G25,"""")"
Calcul Z,H25,"=IF(testZ=""oui"",'définition profil en long'!H25,"""")"
Calcul Z,I25,"=IF(testZ=""oui"",'définition profil en long'!I25,"""")"
Calcul Z,C26,"=IF(AND(PMdonné>=_PL16,PMdonné<_PL17),""oui"",""non"")"
Calcul Z,D26,"=IF(testZ=""oui"",'définition profil en long'!D26,"""")"
Calcul Z,E26,"=IF(testZ=""oui"",'définition profil en long'!E26,"""")"
Calcul Z,F26,"=IF(testZ=""oui"",'définition profil en long'!F26,"""")"
Calcul Z,G26,"=IF(testZ=""oui"",'définition profil en long'!G26,"""")"
Calcul Z,H26,"=IF(testZ=""oui"",'définition profil en long'!H26,"""")"
Calcul Z,I26,"=IF(testZ=""oui"",'définition profil en long'!I26,"""")"
Calcul Z,C27,"=IF(AND(PMdonné>=_PL17,PMdonné<_PL18),""oui"",""non"")"
Calcul Z,D27,"=IF(testZ=""oui"",'définition profil en long'!D27,"""")"
Calcul Z,E27,"=IF(testZ=""oui"",'définition profil en long'!E27,"""")"
Calcul Z,F27,"=IF(testZ=""oui"",'définition profil en long'!F27,"""")"
Calcul Z,G27,"=IF(testZ=""oui"",'définition profil en long'!G27,"""")"
Calcul Z,H27,"=IF(testZ=""oui"",'définition profil en long'!H27,"""")"
Calcul Z,I27,"=IF(testZ=""oui"",'définition profil en long'!I27,"""")"
Calcul Z,C28,"=IF(AND(PMdonné>=_PL18,PMdonné<_PL19),""oui"",""non"")"
Calcul Z,D28,"=IF(testZ=""oui"",'définition profil en long'!D28,"""")"
Calcul Z,E28,"=IF(testZ=""oui"",'définition profil en long'!E28,"""")"
Calcul Z,F28,"=IF(testZ=""oui"",'définition profil en long'!F28,"""")"
Calcul Z,G28,"=IF(testZ=""oui"",'définition profil en long'!G28,"""")"
Calcul Z,H28,"=IF(testZ=""oui"",'définition profil en long'!H28,"""")"
Calcul Z,I28,"=IF(testZ=""oui"",'définition profil en long'!I28,"""")"
Calcul Z,C29,"=IF(AND(PMdonné>=_PL19,PMdonné<_PL20),""oui"",""non"")"
Calcul Z,D29,"=IF(testZ=""oui"",'définition profil en long'!D29,"""")"
Calcul Z,E29,"=IF(testZ=""oui"",'définition profil en long'!E29,"""")"
Calcul Z,F29,"=IF(testZ=""oui"",'définition profil en long'!F29,"""")"
Calcul Z,G29,"=IF(testZ=""oui"",'définition profil en long'!G29,"""")"
Calcul Z,H29,"=IF(testZ=""oui"",'définition profil en long'!H29,"""")"
Calcul Z,I29,"=IF(testZ=""oui"",'définition profil en long'!I29,"""")"
Calcul Z,C30,"=IF(AND(PMdonné>=_PL20,PMdonné<_PL21),""oui"",""non"")"
Calcul Z,D30,"=IF(testZ=""oui"",'définition profil en long'!D30,"""")"
Calcul Z,E30,"=IF(testZ=""oui"",'définition profil en long'!E30,"""")"
Calcul Z,F30,"=IF(testZ=""oui"",'définition profil en long'!F30,"""")"
Calcul Z,G30,"=IF(testZ=""oui"",'définition profil en long'!G30,"""")"
Calcul Z,H30,"=IF(testZ=""oui"",'définition profil en long'!H30,"""")"
Calcul Z,I30,"=IF(testZ=""oui"",'définition profil en long'!I30,"""")"
Calcul Z,C31,"=IF(AND(PMdonné>=_PL21,PMdonné<_PL22),""oui"",""non"")"
Calcul Z,D31,"=IF(testZ=""oui"",'définition profil en long'!D31,"""")"
Calcul Z,E31,"=IF(testZ=""oui"",'définition profil en long'!E31,"""")"
Calcul Z,F31,"=IF(testZ=""oui"",'définition profil en long'!F31,"""")"
Calcul Z,G31,"=IF(testZ=""oui"",'définition profil en long'!G31,"""")"
Calcul Z,H31,"=IF(testZ=""oui"",'définition profil en long'!H31,"""")"
Calcul Z,I31,"=IF(testZ=""oui"",'définition profil en long'!I31,"""")"
Calcul Z,C32,"=IF(AND(PMdonné>=_PL22,PMdonné<_PL23),""oui"",""non"")"
Calcul Z,D32,"=IF(testZ=""oui"",'définition profil en long'!D32,"""")"
Calcul Z,E32,"=IF(testZ=""oui"",'définition profil en long'!E32,"""")"
Calcul Z,F32,"=IF(testZ=""oui"",'définition profil en long'!F32,"""")"
Calcul Z,G32,"=IF(testZ=""oui"",'définition profil en long'!G32,"""")"
Calcul Z,H32,"=IF(testZ=""oui"",'définition profil en long'!H32,"""")"
Calcul Z,I32,"=IF(testZ=""oui"",'définition profil en long'!I32,"""")"
Calcul Z,C33,"=IF(AND(PMdonné>=_PL23,PMdonné<_PL24),""oui"",""non"")"
Calcul Z,D33,"=IF(testZ=""oui"",'définition profil en long'!D33,"""")"
Calcul Z,E33,"=IF(testZ=""oui"",'définition profil en long'!E33,"""")"
Calcul Z,F33,"=IF(testZ=""oui"",'définition profil en long'!F33,"""")"
Calcul Z,G33,"=IF(testZ=""oui"",'définition profil en long'!G33,"""")"
Calcul Z,H33,"=IF(testZ=""oui"",'définition profil en long'!H33,"""")"
Calcul Z,I33,"=IF(testZ=""oui"",'définition profil en long'!I33,"""")"
Calcul Z,D37,=D11&D12&D13&D14&D15&D16&D17&D18&D19&D20&D21&D22&D23&D24&D25&D26&D27&D28&D29&D30&D31&D32&D33
Calcul Z,E37,=SUM(E11:E33)
Calcul Z,F37,=SUM(F11:F33)
Calcul Z,G37,=SUM(G11:G33)
Calcul Z,H37,"=IF(SUM(H11:H33)=0,"""",SUM(H11:H33))"
Calcul Z,I37,"=IF(SUM(I11:I33)=0,"""",SUM(I11:I33))"
Calcul Z,A43,"=IF(typeZ=""Pente constante"",PMdonné-PMz,"""")"
Calcul Z,C43,"=IF(typeZ=""Pente constante"",Ze+pente*A43,"""")"
Calcul Z,D43,"=IF(typeZ=""Pente constante"",pente,"""")"
Calcul Z,A45,"=IF(typeZ=""cercle"",PMdonné-PMz,"""")"
Calcul Z,C45,"=IF(typeZ=""Cercle"",J45-SensZ*_R*COS(K45),"""")"
Calcul Z,D45,"=IF(typeZ=""Cercle"",TAN(SensZ*K45),"""")"
Calcul Z,I45,"=IF(typeZ=""Cercle"",PMz-_R*SensZ*SIN(ATAN(pente)),"""")"
Calcul Z,J45,"=IF(typeZ=""Cercle"",Ze+_R*SensZ*COS(ATAN(pente)),"""")"
Calcul Z,K45,"=IF(typeZ=""Cercle"",ASIN((PMdonné-I45)/_R),"""")"
Calcul Z,A47,"=IF(typeZ=""Parabole"",PMdonné-PMz,"""")"
Calcul Z,C47,"=IF(typeZ=""Parabole"",Ze+A47*pente+A47^2/(2*_R*SensZ),"""")"
Calcul Z,D47,"=IF(typeZ=""Parabole"",pente+A47/(_R*SensZ),"""")"
Calcul Z,A49,"=ROUND(SUM(A43:A47),5)"
Calcul Z,B49,=SUM(B43:B47)
Calcul Z,C49,=SUM(C43:C47)
Calcul Z,D49,=SUM(D43:D47)
