source_file,sheet,galerie,section,month,dates_in_month,total_dates_in_month,first_date_in_month,last_date_in_month
C:\data\11-CHANTIERS\BURE\10-ACTIVITES\Rapports d'activité\2025\250902-rapport mensuel septembre\1-tableaux\GER\01_44-B-GER-SMC1-T92-PM_106-25-09-10.xlsm,Convergences,GER,T92,2025-09,['2025-09-10'],1,2025-09-10,2025-09-10
C:\data\11-CHANTIERS\BURE\10-ACTIVITES\Rapports d'activité\2025\250902-rapport mensuel septembre\1-tableaux\GER\01_44-B-GER-SMC1-T92-PM_106-25-09-10.xlsm,Déplacements,GER,T92,2025-09,['2025-09-10'],1,2025-09-10,2025-09-10
C:\data\11-CHANTIERS\BURE\10-ACTIVITES\Rapports d'activité\2025\250902-rapport mensuel septembre\1-tableaux\GER\01_45-B-GER-SMC1-T109-PM_120-25-09-10.xlsm,Convergences,GER,T109,2025-09,['2025-09-08'],1,2025-09-08,2025-09-08
C:\data\11-CHANTIERS\BURE\10-ACTIVITES\Rapports d'activité\2025\250902-rapport mensuel septembre\1-tableaux\GER\01_45-B-GER-SMC1-T109-PM_120-25-09-10.xlsm,Déplacements,GER,T109,2025-09,['2025-09-08'],1,2025-09-08,2025-09-08
C:\data\11-CHANTIERS\BURE\10-ACTIVITES\Rapports d'activité\2025\250902-rapport mensuel septembre\1-tableaux\GER\01_46-B-GER-SMC1-T131-PM_138-25-09-08.xlsm,Convergences,GER,T131,2025-09,['2025-09-08'],1,2025-09-08,2025-09-08
C:\data\11-CHANTIERS\BURE\10-ACTIVITES\Rapports d'activité\2025\250902-rapport mensuel septembre\1-tableaux\GER\01_46-B-GER-SMC1-T131-PM_138-25-09-08.xlsm,Déplacements,GER,T131,2025-09,['2025-09-08'],1,2025-09-08,2025-09-08
C:\data\11-CHANTIERS\BURE\10-ACTIVITES\Rapports d'activité\2025\250902-rapport mensuel septembre\1-tableaux\GER\01_47-B-GER-SMC1-T163-PM_162_6-25-09-08.xlsm,Convergences,GER,T163,2025-09,['2025-09-08'],1,2025-09-08,2025-09-08
C:\data\11-CHANTIERS\BURE\10-ACTIVITES\Rapports d'activité\2025\250902-rapport mensuel septembre\1-tableaux\GER\01_47-B-GER-SMC1-T163-PM_162_6-25-09-08.xlsm,Déplacements,GER,T163,2025-09,['2025-09-08'],1,2025-09-08,2025-09-08
C:\data\11-CHANTIERS\BURE\10-ACTIVITES\Rapports d'activité\2025\250902-rapport mensuel septembre\1-tableaux\GGS\03_101-GVA_SMC_C001_PM001_25_09_10.xlsm,Convergences,GVA,C001,2025-09,['2025-09-10'],1,2025-09-10,2025-09-10
C:\data\11-CHANTIERS\BURE\10-ACTIVITES\Rapports d'activité\2025\250902-rapport mensuel septembre\1-tableaux\GGS\03_101-GVA_SMC_C001_PM001_25_09_10.xlsm,Déplacements,GVA,C001,2025-09,['2025-09-10'],1,2025-09-10,2025-09-10
C:\data\11-CHANTIERS\BURE\10-ACTIVITES\Rapports d'activité\2025\250902-rapport mensuel septembre\1-tableaux\GGS\03_102-B-GRD_SMC_C105_PM163_25_09_10.xlsm,Convergences,GRD,C105,2025-09,['2025-09-10'],1,2025-09-10,2025-09-10
C:\data\11-CHANTIERS\BURE\10-ACTIVITES\Rapports d'activité\2025\250902-rapport mensuel septembre\1-tableaux\GGS\03_102-B-GRD_SMC_C105_PM163_25_09_10.xlsm,Déplacements,GRD,C105,2025-09,['2025-09-10'],1,2025-09-10,2025-09-10
C:\data\11-CHANTIERS\BURE\10-ACTIVITES\Rapports d'activité\2025\250902-rapport mensuel septembre\1-tableaux\GGS\03_103-GRD_SMC_C116_PM172_25-09-10.xlsm,Convergences,GRD,C116,2025-09,['2025-09-10'],1,2025-09-10,2025-09-10
C:\data\11-CHANTIERS\BURE\10-ACTIVITES\Rapports d'activité\2025\250902-rapport mensuel septembre\1-tableaux\GGS\03_103-GRD_SMC_C116_PM172_25-09-10.xlsm,Déplacements,GRD,C116,2025-09,['2025-09-10'],1,2025-09-10,2025-09-10
C:\data\11-CHANTIERS\BURE\10-ACTIVITES\Rapports d'activité\2025\250902-rapport mensuel septembre\1-tableaux\GGS\03_104-GGS_SMC_C003_PM001_25_09_30.xlsm,Convergences,GGS,C003,2025-09,"['2025-09-02', '2025-09-10', '2025-09-15', '2025-09-30']",4,2025-09-02,2025-09-30
C:\data\11-CHANTIERS\BURE\10-ACTIVITES\Rapports d'activité\2025\250902-rapport mensuel septembre\1-tableaux\GGS\03_104-GGS_SMC_C003_PM001_25_09_30.xlsm,Déplacements,GGS,C003,2025-09,"['2025-09-02', '2025-09-10', '2025-09-15', '2025-09-30']",4,2025-09-02,2025-09-30
C:\data\11-CHANTIERS\BURE\10-ACTIVITES\Rapports d'activité\2025\250902-rapport mensuel septembre\1-tableaux\GGS\03_105-GGS_SMC_C007_PM005_25_09_30.xlsm,Convergences,GGS,C007,2025-09,"['2025-09-02', '2025-09-10', '2025-09-15', '2025-09-30']",4,2025-09-02,2025-09-30
C:\data\11-CHANTIERS\BURE\10-ACTIVITES\Rapports d'activité\2025\250902-rapport mensuel septembre\1-tableaux\GGS\03_105-GGS_SMC_C007_PM005_25_09_30.xlsm,Déplacements,GGS,C007,2025-09,"['2025-09-02', '2025-09-10', '2025-09-15', '2025-09-30']",4,2025-09-02,2025-09-30
C:\data\11-CHANTIERS\BURE\10-ACTIVITES\Rapports d'activité\2025\250902-rapport mensuel septembre\1-tableaux\GGS\03_106-GGS_SMC_C020_PM005_25_09_30.xlsm,Convergences,GGS,C020,2025-09,"['2025-09-02', '2025-09-10', '2025-09-15', '2025-09-23', '2025-09-30']",5,2025-09-02,2025-09-30
C:\data\11-CHANTIERS\BURE\10-ACTIVITES\Rapports d'activité\2025\250902-rapport mensuel septembre\1-tableaux\GGS\03_106-GGS_SMC_C020_PM005_25_09_30.xlsm,Déplacements,GGS,C020,2025-09,"['2025-09-02', '2025-09-10', '2025-09-15', '2025-09-23', '2025-09-30']",5,2025-09-02,2025-09-30
C:\data\11-CHANTIERS\BURE\10-ACTIVITES\Rapports d'activité\2025\250902-rapport mensuel septembre\1-tableaux\GGS\03_107-GGS_SMC_C031_PM024_25_09_30.xlsm,Convergences,GGS,C031,2025-09,"['2025-09-02', '2025-09-10', '2025-09-15', '2025-09-23', '2025-09-30']",5,2025-09-02,2025-09-30
C:\data\11-CHANTIERS\BURE\10-ACTIVITES\Rapports d'activité\2025\250902-rapport mensuel septembre\1-tableaux\GGS\03_107-GGS_SMC_C031_PM024_25_09_30.xlsm,Déplacements,GGS,C031,2025-09,"['2025-09-02', '2025-09-10', '2025-09-15', '2025-09-23', '2025-09-30']",5,2025-09-02,2025-09-30
C:\data\11-CHANTIERS\BURE\10-ACTIVITES\Rapports d'activité\2025\250902-rapport mensuel septembre\1-tableaux\GHA\04_301-GVA_SMC_C105_C106_25_09_22.xlsm,Convergences,GVA,C105,2025-09,"['2025-09-01', '2025-09-15', '2025-09-22']",3,2025-09-01,2025-09-22
C:\data\11-CHANTIERS\BURE\10-ACTIVITES\Rapports d'activité\2025\250902-rapport mensuel septembre\1-tableaux\GHA\04_301-GVA_SMC_C105_C106_25_09_22.xlsm,Déplacements,GVA,C105,2025-09,"['2025-09-01', '2025-09-15', '2025-09-22']",3,2025-09-01,2025-09-22
C:\data\11-CHANTIERS\BURE\10-ACTIVITES\Rapports d'activité\2025\250902-rapport mensuel septembre\1-tableaux\GHA\04_302-GHA_SMC_C04_C05_25_09_22.xlsm,Convergences,GHA,C04,2025-09,"['2025-09-01', '2025-09-15', '2025-09-22']",3,2025-09-01,2025-09-22
C:\data\11-CHANTIERS\BURE\10-ACTIVITES\Rapports d'activité\2025\250902-rapport mensuel septembre\1-tableaux\GHA\04_302-GHA_SMC_C04_C05_25_09_22.xlsm,Déplacements,GHA,C04,2025-09,"['2025-09-01', '2025-09-15', '2025-09-22']",3,2025-09-01,2025-09-22
C:\data\11-CHANTIERS\BURE\10-ACTIVITES\Rapports d'activité\2025\250902-rapport mensuel septembre\1-tableaux\GHA\04_303-GHA_SMC_T15_25_09_22.xlsm,Convergences,GHA,T15,2025-09,"['2025-09-01', '2025-09-15', '2025-09-22']",3,2025-09-01,2025-09-22
C:\data\11-CHANTIERS\BURE\10-ACTIVITES\Rapports d'activité\2025\250902-rapport mensuel septembre\1-tableaux\GHA\04_303-GHA_SMC_T15_25_09_22.xlsm,Déplacements,GHA,T15,2025-09,"['2025-09-01', '2025-09-15', '2025-09-22']",3,2025-09-01,2025-09-22
C:\data\11-CHANTIERS\BURE\10-ACTIVITES\Rapports d'activité\2025\250902-rapport mensuel septembre\1-tableaux\GHA\04_304-GHA_SMC_T28_25_09-22.xlsm,Convergences,GHA,T28,2025-09,"['2025-09-01', '2025-09-15', '2025-09-22']",3,2025-09-01,2025-09-22
C:\data\11-CHANTIERS\BURE\10-ACTIVITES\Rapports d'activité\2025\250902-rapport mensuel septembre\1-tableaux\GHA\04_304-GHA_SMC_T28_25_09-22.xlsm,Déplacements,GHA,T28,2025-09,"['2025-09-01', '2025-09-15', '2025-09-22']",3,2025-09-01,2025-09-22
C:\data\11-CHANTIERS\BURE\10-ACTIVITES\Rapports d'activité\2025\250902-rapport mensuel septembre\1-tableaux\GHA\04_305-GHA_SMC_T41_25_09_22.xlsm,Convergences,GHA,T41,2025-09,"['2025-09-01', '2025-09-15', '2025-09-22']",3,2025-09-01,2025-09-22
C:\data\11-CHANTIERS\BURE\10-ACTIVITES\Rapports d'activité\2025\250902-rapport mensuel septembre\1-tableaux\GHA\04_305-GHA_SMC_T41_25_09_22.xlsm,Déplacements,GHA,T41,2025-09,"['2025-09-01', '2025-09-15', '2025-09-22']",3,2025-09-01,2025-09-22
