source_file,sheet,month,measure_label,col_index,col_letter,periodic_mm,cumulative_mm,cumulative_outside_month
C:\Temp\1-tableaux\GGS\03_104-GGS_SMC_C003_PM001_25_07-29.xlsm,Déplacements,2025-07,DPM bas gauche,3,C,0.4047862325140539,-8.116565682811938,False
C:\Temp\1-tableaux\GGS\03_104-GGS_SMC_C003_PM001_25_07-29.xlsm,Déplacements,2025-07,DH bas gauche,4,D,0.07841003607644836,9.124766269835494,False
C:\Temp\1-tableaux\GGS\03_104-GGS_SMC_C003_PM001_25_07-29.xlsm,Déplacements,2025-07,DZ bas gauche,5,E,0.30000000000995897,0.30000000000995897,False
C:\Temp\1-tableaux\GGS\03_104-GGS_SMC_C003_PM001_25_07-29.xlsm,Déplacements,2025-07,DPM haut gauche,6,F,0.7189409639278832,-6.075331514099558,False
C:\Temp\1-tableaux\GGS\03_104-GGS_SMC_C003_PM001_25_07-29.xlsm,Déplacements,2025-07,DH haut gauche,7,G,0.11455992169784324,6.876797669799428,False
C:\Temp\1-tableaux\GGS\03_104-GGS_SMC_C003_PM001_25_07-29.xlsm,Déplacements,2025-07,DZ haut gauche,8,H,0.0,-8.200000000002206,False
C:\Temp\1-tableaux\GGS\03_104-GGS_SMC_C003_PM001_25_07-29.xlsm,Déplacements,2025-07,DPM centre haut,9,I,0.9241322320194811,-2.5310554931479157,False
C:\Temp\1-tableaux\GGS\03_104-GGS_SMC_C003_PM001_25_07-29.xlsm,Déplacements,2025-07,DH centre haut,10,J,-0.5621208354618655,0.6955269123048412,False
C:\Temp\1-tableaux\GGS\03_104-GGS_SMC_C003_PM001_25_07-29.xlsm,Déplacements,2025-07,DZ centre haut,11,K,-0.6000000000057071,-9.29999999999609,False
C:\Temp\1-tableaux\GGS\03_104-GGS_SMC_C003_PM001_25_07-29.xlsm,Déplacements,2025-07,DPM haut droit,12,L,,-6.259680842767956,True
C:\Temp\1-tableaux\GGS\03_104-GGS_SMC_C003_PM001_25_07-29.xlsm,Déplacements,2025-07,DH haut droit,13,M,,-3.1394896829293195,True
C:\Temp\1-tableaux\GGS\03_104-GGS_SMC_C003_PM001_25_07-29.xlsm,Déplacements,2025-07,DZ haut droit,14,N,,-7.099999999994111,True
C:\Temp\1-tableaux\GGS\03_104-GGS_SMC_C003_PM001_25_07-29.xlsm,Déplacements,2025-07,DPM bas droit,15,O,-0.07892440504919662,-6.073850359010091,False
C:\Temp\1-tableaux\GGS\03_104-GGS_SMC_C003_PM001_25_07-29.xlsm,Déplacements,2025-07,DH bas droit,16,P,-1.250508224553748,-7.797329115098783,False
C:\Temp\1-tableaux\GGS\03_104-GGS_SMC_C003_PM001_25_07-29.xlsm,Déplacements,2025-07,DZ bas droit,17,Q,0.2999999999957481,3.299999999995862,False
C:\Temp\1-tableaux\GGS\03_105-GGS_SMC_C007_PM005_25_07_29.xlsm,Déplacements,2025-07,DPM bas gauche,3,C,-0.16904154429386864,-5.282548086935179,False
C:\Temp\1-tableaux\GGS\03_105-GGS_SMC_C007_PM005_25_07_29.xlsm,Déplacements,2025-07,DH bas gauche,4,D,0.3625258218376004,11.328931563292066,False
C:\Temp\1-tableaux\GGS\03_105-GGS_SMC_C007_PM005_25_07_29.xlsm,Déplacements,2025-07,DZ bas gauche,5,E,0.30000000000995897,0.6000000000057071,False
C:\Temp\1-tableaux\GGS\03_105-GGS_SMC_C007_PM005_25_07_29.xlsm,Déplacements,2025-07,DPM haut gauche,6,F,-0.42871449129133765,-1.0152470277846604,False
C:\Temp\1-tableaux\GGS\03_105-GGS_SMC_C007_PM005_25_07_29.xlsm,Déplacements,2025-07,DH haut gauche,7,G,0.6827912822076065,8.684571094967009,False
C:\Temp\1-tableaux\GGS\03_105-GGS_SMC_C007_PM005_25_07_29.xlsm,Déplacements,2025-07,DZ haut gauche,8,H,-0.10000000000331966,-3.7999999999982492,False
C:\Temp\1-tableaux\GGS\03_105-GGS_SMC_C007_PM005_25_07_29.xlsm,Déplacements,2025-07,DPM centre haut,9,I,-0.9124252343628569,-9.511251586583391,False
C:\Temp\1-tableaux\GGS\03_105-GGS_SMC_C007_PM005_25_07_29.xlsm,Déplacements,2025-07,DH centre haut,10,J,-0.6461270276173003,-17.34441097975131,False
C:\Temp\1-tableaux\GGS\03_105-GGS_SMC_C007_PM005_25_07_29.xlsm,Déplacements,2025-07,DZ centre haut,11,K,-2.600000000001046,-20.34999999999343,False
C:\Temp\1-tableaux\GGS\03_105-GGS_SMC_C007_PM005_25_07_29.xlsm,Déplacements,2025-07,DPM haut droit,12,L,,-3.1341816872547668,True
C:\Temp\1-tableaux\GGS\03_105-GGS_SMC_C007_PM005_25_07_29.xlsm,Déplacements,2025-07,DH Haut droit,13,M,,-5.819742697682484,True
C:\Temp\1-tableaux\GGS\03_105-GGS_SMC_C007_PM005_25_07_29.xlsm,Déplacements,2025-07,DZ haut droit,14,N,,-7.175000000017917,True
C:\Temp\1-tableaux\GGS\03_105-GGS_SMC_C007_PM005_25_07_29.xlsm,Déplacements,2025-07,DPM bas droit,15,O,1.642558721465015,-1.4206095882167702,False
C:\Temp\1-tableaux\GGS\03_105-GGS_SMC_C007_PM005_25_07_29.xlsm,Déplacements,2025-07,DH bas droit,16,P,-2.1028554200293037,-12.689143814486492,False
C:\Temp\1-tableaux\GGS\03_105-GGS_SMC_C007_PM005_25_07_29.xlsm,Déplacements,2025-07,DZ bas droit,17,Q,-9.500000000002728,-8.000000000009777,False
C:\Temp\1-tableaux\GGS\03_106-GGS_SMC_C020_PM005_25_07_29.xlsm,Déplacements,2025-07,DPM bas gauche,3,C,,0.0,True
C:\Temp\1-tableaux\GGS\03_106-GGS_SMC_C020_PM005_25_07_29.xlsm,Déplacements,2025-07,DH bas gauche,4,D,,0.0,True
C:\Temp\1-tableaux\GGS\03_106-GGS_SMC_C020_PM005_25_07_29.xlsm,Déplacements,2025-07,DZ bas gauche,5,E,,0.0,True
C:\Temp\1-tableaux\GGS\03_106-GGS_SMC_C020_PM005_25_07_29.xlsm,Déplacements,2025-07,DPM inter gauche,6,F,-0.33101263358048527,-1.8561083026611414,False
C:\Temp\1-tableaux\GGS\03_106-GGS_SMC_C020_PM005_25_07_29.xlsm,Déplacements,2025-07,DH inter gauche,7,G,4.259158625304238,15.574815072672443,False
C:\Temp\1-tableaux\GGS\03_106-GGS_SMC_C020_PM005_25_07_29.xlsm,Déplacements,2025-07,DZ inter gauche,8,H,0.19999999999242846,-7.999999999995566,False
C:\Temp\1-tableaux\GGS\03_106-GGS_SMC_C020_PM005_25_07_29.xlsm,Déplacements,2025-07,DPM haut gauche,9,I,1.1995747914284038,-0.1691752530845747,False
C:\Temp\1-tableaux\GGS\03_106-GGS_SMC_C020_PM005_25_07_29.xlsm,Déplacements,2025-07,DH haut gauche,10,J,1.3317356829865012,10.182527999898827,False
C:\Temp\1-tableaux\GGS\03_106-GGS_SMC_C020_PM005_25_07_29.xlsm,Déplacements,2025-07,DZ haut gauche,11,K,1.0499999999922238,-9.25000000000864,False
C:\Temp\1-tableaux\GGS\03_106-GGS_SMC_C020_PM005_25_07_29.xlsm,Déplacements,2025-07,DPM centre haut,12,L,-0.01783352494300061,14.126185427780769,False
C:\Temp\1-tableaux\GGS\03_106-GGS_SMC_C020_PM005_25_07_29.xlsm,Déplacements,2025-07,DH centre haut,13,M,0.9847241965163782,6.145802039193709,False
C:\Temp\1-tableaux\GGS\03_106-GGS_SMC_C020_PM005_25_07_29.xlsm,Déplacements,2025-07,DZ centre haut,14,N,-2.899999999996794,-56.100000000000705,False
C:\Temp\1-tableaux\GGS\03_106-GGS_SMC_C020_PM005_25_07_29.xlsm,Déplacements,2025-07,DPM haut droit,15,O,0.833510616121913,0.19055017829572307,False
C:\Temp\1-tableaux\GGS\03_106-GGS_SMC_C020_PM005_25_07_29.xlsm,Déplacements,2025-07,DH haut droit,16,P,-0.6043676997342651,-9.400196341063705,False
C:\Temp\1-tableaux\GGS\03_106-GGS_SMC_C020_PM005_25_07_29.xlsm,Déplacements,2025-07,DZ haut droit,17,Q,0.999999999990564,-5.60000000000116,False
C:\Temp\1-tableaux\GGS\03_106-GGS_SMC_C020_PM005_25_07_29.xlsm,Déplacements,2025-07,DPM inter droit,18,R,0.8696653287181277,-1.1994466507943002,False
C:\Temp\1-tableaux\GGS\03_106-GGS_SMC_C020_PM005_25_07_29.xlsm,Déplacements,2025-07,DH inter droit,19,S,-0.918521838616293,-11.151740971270918,False
C:\Temp\1-tableaux\GGS\03_106-GGS_SMC_C020_PM005_25_07_29.xlsm,Déplacements,2025-07,DZ inter droit,20,T,1.0999999999938836,-4.099999999993997,False
C:\Temp\1-tableaux\GGS\03_106-GGS_SMC_C020_PM005_25_07_29.xlsm,Déplacements,2025-07,DPM bas droit,21,U,,0.0,True
C:\Temp\1-tableaux\GGS\03_106-GGS_SMC_C020_PM005_25_07_29.xlsm,Déplacements,2025-07,DH bas droit,22,V,,0.0,True
C:\Temp\1-tableaux\GGS\03_106-GGS_SMC_C020_PM005_25_07_29.xlsm,Déplacements,2025-07,DZ bas droit,23,W,,0.0,True
C:\Temp\1-tableaux\GGS\03_107-GGS_SMC_C031_PM024_25_07_29.xlsm,Déplacements,2025-07,DPM bas gauche,3,C,,0.0,True
C:\Temp\1-tableaux\GGS\03_107-GGS_SMC_C031_PM024_25_07_29.xlsm,Déplacements,2025-07,DH bas gauche,4,D,,0.0,True
C:\Temp\1-tableaux\GGS\03_107-GGS_SMC_C031_PM024_25_07_29.xlsm,Déplacements,2025-07,DZ bas gauche,5,E,,0.0,True
C:\Temp\1-tableaux\GGS\03_107-GGS_SMC_C031_PM024_25_07_29.xlsm,Déplacements,2025-07,DPM inter gauche,6,F,-0.8366919809930096,-0.9146209091639435,False
C:\Temp\1-tableaux\GGS\03_107-GGS_SMC_C031_PM024_25_07_29.xlsm,Déplacements,2025-07,DH inter gauche,7,G,10.312611112385461,12.37269032929511,False
C:\Temp\1-tableaux\GGS\03_107-GGS_SMC_C031_PM024_25_07_29.xlsm,Déplacements,2025-07,DZ inter gauche,8,H,-4.3999999999897454,-4.899999999992133,False
C:\Temp\1-tableaux\GGS\03_107-GGS_SMC_C031_PM024_25_07_29.xlsm,Déplacements,2025-07,DPM haut gauche,9,I,0.12116604060352643,0.04274944971882633,False
C:\Temp\1-tableaux\GGS\03_107-GGS_SMC_C031_PM024_25_07_29.xlsm,Déplacements,2025-07,DH haut gauche,10,J,1.1598789387861075,1.5646639015458597,False
C:\Temp\1-tableaux\GGS\03_107-GGS_SMC_C031_PM024_25_07_29.xlsm,Déplacements,2025-07,DZ haut gauche,11,K,-5.49999999999784,-6.100000000003547,False
C:\Temp\1-tableaux\GGS\03_107-GGS_SMC_C031_PM024_25_07_29.xlsm,Déplacements,2025-07,DPM centre haut,12,L,-2.4108758508241124,-3.1537556430798475,False
C:\Temp\1-tableaux\GGS\03_107-GGS_SMC_C031_PM024_25_07_29.xlsm,Déplacements,2025-07,DH centre haut,13,M,-1.4552243256903963,-0.8085947476554334,False
C:\Temp\1-tableaux\GGS\03_107-GGS_SMC_C031_PM024_25_07_29.xlsm,Déplacements,2025-07,DZ centre haut,14,N,-6.900000000001683,-7.699999999999818,False
C:\Temp\1-tableaux\GGS\03_107-GGS_SMC_C031_PM024_25_07_29.xlsm,Déplacements,2025-07,DPM haut droit,15,O,0.31831084339728477,-0.11652187016863991,False
C:\Temp\1-tableaux\GGS\03_107-GGS_SMC_C031_PM024_25_07_29.xlsm,Déplacements,2025-07,DH haut droit,16,P,-6.361499671288406,-5.902238646461555,False
C:\Temp\1-tableaux\GGS\03_107-GGS_SMC_C031_PM024_25_07_29.xlsm,Déplacements,2025-07,DZ haut droit,17,Q,-4.9999999999954525,-5.60000000000116,False
C:\Temp\1-tableaux\GGS\03_107-GGS_SMC_C031_PM024_25_07_29.xlsm,Déplacements,2025-07,DPM inter droit,18,R,-3.56757315741163,-4.250357448039921,False
C:\Temp\1-tableaux\GGS\03_107-GGS_SMC_C031_PM024_25_07_29.xlsm,Déplacements,2025-07,DH inter droit,19,S,-11.042301444628144,-11.471027098003184,False
C:\Temp\1-tableaux\GGS\03_107-GGS_SMC_C031_PM024_25_07_29.xlsm,Déplacements,2025-07,DZ inter droit,20,T,-6.700000000009254,-7.30000000000075,False
C:\Temp\1-tableaux\GGS\03_107-GGS_SMC_C031_PM024_25_07_29.xlsm,Déplacements,2025-07,DPM bas droit,21,U,,0.0,True
C:\Temp\1-tableaux\GGS\03_107-GGS_SMC_C031_PM024_25_07_29.xlsm,Déplacements,2025-07,DH bas droit,22,V,,0.0,True
C:\Temp\1-tableaux\GGS\03_107-GGS_SMC_C031_PM024_25_07_29.xlsm,Déplacements,2025-07,DZ bas droit,23,W,,0.0,True
C:\Temp\1-tableaux\GHA\04_301-GVA_SMC_C105_C106_25_07_23.xlsm,Déplacements,2025-07,DPM bas gauche,3,C,-1.0086856165576474,-0.31060584821385184,False
C:\Temp\1-tableaux\GHA\04_301-GVA_SMC_C105_C106_25_07_23.xlsm,Déplacements,2025-07,DH bas gauche,4,D,0.7433393222706641,1.9378046154794326,False
C:\Temp\1-tableaux\GHA\04_301-GVA_SMC_C105_C106_25_07_23.xlsm,Déplacements,2025-07,DZ bas gauche,5,E,0.6000000000057071,1.012500000015848,False
C:\Temp\1-tableaux\GHA\04_301-GVA_SMC_C105_C106_25_07_23.xlsm,Déplacements,2025-07,DPM haut gauche,6,F,-0.5254749027083783,-4.110520143288499,False
C:\Temp\1-tableaux\GHA\04_301-GVA_SMC_C105_C106_25_07_23.xlsm,Déplacements,2025-07,DH haut gauche,7,G,0.41698440588122665,13.309906831859397,False
C:\Temp\1-tableaux\GHA\04_301-GVA_SMC_C105_C106_25_07_23.xlsm,Déplacements,2025-07,DZ haut gauche,8,H,0.19999999999242846,0.2999999999957481,False
C:\Temp\1-tableaux\GHA\04_301-GVA_SMC_C105_C106_25_07_23.xlsm,Déplacements,2025-07,DPM centre haut,9,I,-1.5162996737416705,-20.699890775863985,False
C:\Temp\1-tableaux\GHA\04_301-GVA_SMC_C105_C106_25_07_23.xlsm,Déplacements,2025-07,DH centre haut,10,J,0.17560002679201103,1.3255300011196791,False
C:\Temp\1-tableaux\GHA\04_301-GVA_SMC_C105_C106_25_07_23.xlsm,Déplacements,2025-07,DZ centre haut,11,K,-1.5000000000071623,-53.49999999999966,False
C:\Temp\1-tableaux\GHA\04_301-GVA_SMC_C105_C106_25_07_23.xlsm,Déplacements,2025-07,DPM haut droit,12,L,0.3263548600869193,-0.8008971666280118,False
C:\Temp\1-tableaux\GHA\04_301-GVA_SMC_C105_C106_25_07_23.xlsm,Déplacements,2025-07,DH haut droit,13,M,0.483210559141245,-12.952164174959258,False
C:\Temp\1-tableaux\GHA\04_301-GVA_SMC_C105_C106_25_07_23.xlsm,Déplacements,2025-07,DZ haut droit,14,N,1.3999999999896318,2.600000000001046,False
C:\Temp\1-tableaux\GHA\04_301-GVA_SMC_C105_C106_25_07_23.xlsm,Déplacements,2025-07,DPM bas droit,15,O,-0.6344072425956693,-0.050176698230375294,False
C:\Temp\1-tableaux\GHA\04_301-GVA_SMC_C105_C106_25_07_23.xlsm,Déplacements,2025-07,DH bas droit,16,P,-0.2958506017858298,-4.092159023292297,False
C:\Temp\1-tableaux\GHA\04_301-GVA_SMC_C105_C106_25_07_23.xlsm,Déplacements,2025-07,DZ bas droit,17,Q,0.5999999999914962,1.5874999999994088,False
C:\Temp\1-tableaux\GHA\04_302-GHA_SMC_C04_C05_25_07_23.xlsm,Déplacements,2025-07,DPM bas gauche,3,C,-0.14204533561334998,-0.26839677636969483,False
C:\Temp\1-tableaux\GHA\04_302-GHA_SMC_C04_C05_25_07_23.xlsm,Déplacements,2025-07,DH bas gauche,4,D,-0.28692002431540686,1.6402631966481174,False
C:\Temp\1-tableaux\GHA\04_302-GHA_SMC_C04_C05_25_07_23.xlsm,Déplacements,2025-07,DZ bas gauche,5,E,0.6000000000057071,0.5000000000023874,False
C:\Temp\1-tableaux\GHA\04_302-GHA_SMC_C04_C05_25_07_23.xlsm,Déplacements,2025-07,DPM inter gauche,6,F,-0.6766714314574429,3.336489782701957,False
C:\Temp\1-tableaux\GHA\04_302-GHA_SMC_C04_C05_25_07_23.xlsm,Déplacements,2025-07,DH inter gauche,7,G,-0.20522111229670514,23.485867063027133,False
C:\Temp\1-tableaux\GHA\04_302-GHA_SMC_C04_C05_25_07_23.xlsm,Déplacements,2025-07,DZ inter gauche,8,H,0.6500000000073669,-13.075000000000614,False
C:\Temp\1-tableaux\GHA\04_302-GHA_SMC_C04_C05_25_07_23.xlsm,Déplacements,2025-07,DPM haut gauche,9,I,-1.4195692621843392,5.942421626698113,False
C:\Temp\1-tableaux\GHA\04_302-GHA_SMC_C04_C05_25_07_23.xlsm,Déplacements,2025-07,DH haut gauche,10,J,0.44138806573545963,25.94243879577096,False
C:\Temp\1-tableaux\GHA\04_302-GHA_SMC_C04_C05_25_07_23.xlsm,Déplacements,2025-07,DZ haut gauche,11,K,-0.2999999999957481,-19.450000000006185,False
C:\Temp\1-tableaux\GHA\04_302-GHA_SMC_C04_C05_25_07_23.xlsm,Déplacements,2025-07,DPM centre haut,12,L,0.08452878554088272,43.07974128308034,False
C:\Temp\1-tableaux\GHA\04_302-GHA_SMC_C04_C05_25_07_23.xlsm,Déplacements,2025-07,DH centre haut,13,M,-0.1812593026052305,10.545539202805797,False
C:\Temp\1-tableaux\GHA\04_302-GHA_SMC_C04_C05_25_07_23.xlsm,Déplacements,2025-07,DZ centre haut,14,N,-1.0999999999938836,-75.50000000000523,False
C:\Temp\1-tableaux\GHA\04_302-GHA_SMC_C04_C05_25_07_23.xlsm,Déplacements,2025-07,DPM haut droit,15,O,0.8114518093274015,4.54685165094304,False
C:\Temp\1-tableaux\GHA\04_302-GHA_SMC_C04_C05_25_07_23.xlsm,Déplacements,2025-07,DH haut droit,16,P,-0.32040128007970736,-4.42640775782932,False
C:\Temp\1-tableaux\GHA\04_302-GHA_SMC_C04_C05_25_07_23.xlsm,Déplacements,2025-07,DZ haut droit,17,Q,1.1999999999972033,-30.349999999998545,False
C:\Temp\1-tableaux\GHA\04_302-GHA_SMC_C04_C05_25_07_23.xlsm,Déplacements,2025-07,DPM inter droit,18,R,-1.2176194586484002,4.486744901455619,False
C:\Temp\1-tableaux\GHA\04_302-GHA_SMC_C04_C05_25_07_23.xlsm,Déplacements,2025-07,DH inter droit,19,S,-1.1746926071518615,-18.37557120890887,False
C:\Temp\1-tableaux\GHA\04_302-GHA_SMC_C04_C05_25_07_23.xlsm,Déplacements,2025-07,DZ inter droit,20,T,0.5500000000040473,-13.449999999991746,False
C:\Temp\1-tableaux\GHA\04_302-GHA_SMC_C04_C05_25_07_23.xlsm,Déplacements,2025-07,DPM bas droit,21,U,,1.8844772874473392,True
C:\Temp\1-tableaux\GHA\04_302-GHA_SMC_C04_C05_25_07_23.xlsm,Déplacements,2025-07,DH bas droit,22,V,,-1.4383135970237326,True
C:\Temp\1-tableaux\GHA\04_302-GHA_SMC_C04_C05_25_07_23.xlsm,Déplacements,2025-07,DZ bas droit,23,W,,-4.300000000000637,True
C:\Temp\1-tableaux\GHA\04_303-GHA_SMC_T15_25_07_23.xlsm,Déplacements,2025-07,DPM bas gauche,3,C,-3.0334688821582745,-1.8191206196611631,False
C:\Temp\1-tableaux\GHA\04_303-GHA_SMC_T15_25_07_23.xlsm,Déplacements,2025-07,DH bas gauche,4,D,0.8657107029632627,1.1009943781017384,False
C:\Temp\1-tableaux\GHA\04_303-GHA_SMC_T15_25_07_23.xlsm,Déplacements,2025-07,DZ bas gauche,5,E,1.3666666666694027,0.5666666666570563,False
C:\Temp\1-tableaux\GHA\04_303-GHA_SMC_T15_25_07_23.xlsm,Déplacements,2025-07,DPM inter gauche,6,F,-3.3183554908298163,-8.610069641607154,False
C:\Temp\1-tableaux\GHA\04_303-GHA_SMC_T15_25_07_23.xlsm,Déplacements,2025-07,DH inter gauche,7,G,1.0822640121066485,25.206272042892053,False
C:\Temp\1-tableaux\GHA\04_303-GHA_SMC_T15_25_07_23.xlsm,Déplacements,2025-07,DZ inter gauche,8,H,0.6500000000073669,-24.649999999994066,False
C:\Temp\1-tableaux\GHA\04_303-GHA_SMC_T15_25_07_23.xlsm,Déplacements,2025-07,DPM haut gauche,9,I,-2.7893583924818444,-9.201340334605845,False
C:\Temp\1-tableaux\GHA\04_303-GHA_SMC_T15_25_07_23.xlsm,Déplacements,2025-07,DH haut gauche,10,J,0.657727061394553,14.880472538365552,False
C:\Temp\1-tableaux\GHA\04_303-GHA_SMC_T15_25_07_23.xlsm,Déplacements,2025-07,DZ haut gauche,11,K,0.3375000000005457,-16.76249999999868,False
C:\Temp\1-tableaux\GHA\04_303-GHA_SMC_T15_25_07_23.xlsm,Déplacements,2025-07,DPM centre haut,12,L,-2.3015722367745184,-11.140124801498175,False
C:\Temp\1-tableaux\GHA\04_303-GHA_SMC_T15_25_07_23.xlsm,Déplacements,2025-07,DH centre haut,13,M,0.4990149482389412,-0.4229336307203929,False
C:\Temp\1-tableaux\GHA\04_303-GHA_SMC_T15_25_07_23.xlsm,Déplacements,2025-07,DZ centre haut,14,N,-0.5500000000040473,-70.4499999999939,False
C:\Temp\1-tableaux\GHA\04_303-GHA_SMC_T15_25_07_23.xlsm,Déplacements,2025-07,DPM haut droit,15,O,-3.1938902854662388,-1.3068454564741927,False
C:\Temp\1-tableaux\GHA\04_303-GHA_SMC_T15_25_07_23.xlsm,Déplacements,2025-07,DH haut droit,16,P,-0.36766228602669315,-14.824808110632581,False
C:\Temp\1-tableaux\GHA\04_303-GHA_SMC_T15_25_07_23.xlsm,Déplacements,2025-07,DZ haut droit,17,Q,0.13333333333775954,-11.766666666659376,False
C:\Temp\1-tableaux\GHA\04_303-GHA_SMC_T15_25_07_23.xlsm,Déplacements,2025-07,DPM inter droit,18,R,-3.0438578487004264,-0.7751912613969125,False
C:\Temp\1-tableaux\GHA\04_303-GHA_SMC_T15_25_07_23.xlsm,Déplacements,2025-07,DH inter droit,19,S,-0.33447548916409886,-33.592003253449576,False
C:\Temp\1-tableaux\GHA\04_303-GHA_SMC_T15_25_07_23.xlsm,Déplacements,2025-07,DZ inter droit,20,T,0.950000000003115,7.750000000001478,False
C:\Temp\1-tableaux\GHA\04_303-GHA_SMC_T15_25_07_23.xlsm,Déplacements,2025-07,DPM bas droit,21,U,-3.2835767135690475,-3.2266123460953366,False
C:\Temp\1-tableaux\GHA\04_303-GHA_SMC_T15_25_07_23.xlsm,Déplacements,2025-07,DH bas droit,22,V,-0.648555091010472,-2.249493988231599,False
C:\Temp\1-tableaux\GHA\04_303-GHA_SMC_T15_25_07_23.xlsm,Déplacements,2025-07,DZ bas droit,23,W,1.300000000000523,1.4499999999912916,False
C:\Temp\1-tableaux\GHA\04_304-GHA_SMC_T28_25_07-25.xlsm,Déplacements,2025-07,DPM bas gauche,3,C,,0.0,True
C:\Temp\1-tableaux\GHA\04_304-GHA_SMC_T28_25_07-25.xlsm,Déplacements,2025-07,DH bas gauche,4,D,,0.0,True
C:\Temp\1-tableaux\GHA\04_304-GHA_SMC_T28_25_07-25.xlsm,Déplacements,2025-07,DZ bas gauche,5,E,,0.0,True
C:\Temp\1-tableaux\GHA\04_304-GHA_SMC_T28_25_07-25.xlsm,Déplacements,2025-07,DPM inter gauche,6,F,1.991684013500361,2.3011438107332083,False
C:\Temp\1-tableaux\GHA\04_304-GHA_SMC_T28_25_07-25.xlsm,Déplacements,2025-07,DH inter gauche,7,G,4.128643208179739,31.85776561922271,False
C:\Temp\1-tableaux\GHA\04_304-GHA_SMC_T28_25_07-25.xlsm,Déplacements,2025-07,DZ inter gauche,8,H,-3.6000000000058208,-27.000000000001023,False
C:\Temp\1-tableaux\GHA\04_304-GHA_SMC_T28_25_07-25.xlsm,Déplacements,2025-07,DPM haut gauche,9,I,-1.6901495745003103,0.3716942471356788,False
C:\Temp\1-tableaux\GHA\04_304-GHA_SMC_T28_25_07-25.xlsm,Déplacements,2025-07,DH haut gauche,10,J,0.6903583307811267,7.38952242528379,False
C:\Temp\1-tableaux\GHA\04_304-GHA_SMC_T28_25_07-25.xlsm,Déplacements,2025-07,DZ haut gauche,11,K,-3.11999999998136,-25.719999999978427,False
C:\Temp\1-tableaux\GHA\04_304-GHA_SMC_T28_25_07-25.xlsm,Déplacements,2025-07,DPM centre haut,12,L,0.17045437737195357,-7.433680679667987,False
C:\Temp\1-tableaux\GHA\04_304-GHA_SMC_T28_25_07-25.xlsm,Déplacements,2025-07,DH centre haut,13,M,0.3443038632116311,6.949387486566316,False
C:\Temp\1-tableaux\GHA\04_304-GHA_SMC_T28_25_07-25.xlsm,Déplacements,2025-07,DZ centre haut,14,N,-1.599999999996271,-52.79999999999063,False
C:\Temp\1-tableaux\GHA\04_304-GHA_SMC_T28_25_07-25.xlsm,Déplacements,2025-07,DPM haut droit,15,O,1.0389691536865087,1.3922950041589388,False
C:\Temp\1-tableaux\GHA\04_304-GHA_SMC_T28_25_07-25.xlsm,Déplacements,2025-07,DH haut droit,16,P,-0.4533689705819022,-12.094896377953468,False
C:\Temp\1-tableaux\GHA\04_304-GHA_SMC_T28_25_07-25.xlsm,Déplacements,2025-07,DZ haut droit,17,Q,-0.6500000000073669,-13.650000000012597,False
C:\Temp\1-tableaux\GHA\04_304-GHA_SMC_T28_25_07-25.xlsm,Déplacements,2025-07,DPM inter droit,18,R,1.11107535312982,-0.2070699622507277,False
C:\Temp\1-tableaux\GHA\04_304-GHA_SMC_T28_25_07-25.xlsm,Déplacements,2025-07,DH inter droit,19,S,-1.9093222770365514,-28.8951055768214,False
C:\Temp\1-tableaux\GHA\04_304-GHA_SMC_T28_25_07-25.xlsm,Déplacements,2025-07,DZ inter droit,20,T,-2.200000000001978,-15.800000000012915,False
C:\Temp\1-tableaux\GHA\04_304-GHA_SMC_T28_25_07-25.xlsm,Déplacements,2025-07,DPM bas droit,21,U,,0.0,True
C:\Temp\1-tableaux\GHA\04_304-GHA_SMC_T28_25_07-25.xlsm,Déplacements,2025-07,DH bas droit,22,V,,0.0,True
C:\Temp\1-tableaux\GHA\04_304-GHA_SMC_T28_25_07-25.xlsm,Déplacements,2025-07,DZ bas droit,23,W,,0.0,True
C:\Temp\1-tableaux\GHA\04_305-GHA_SMC_T41_25_07_30.xlsm,Déplacements,2025-07,DPM bas gauche,3,C,,0.0,True
C:\Temp\1-tableaux\GHA\04_305-GHA_SMC_T41_25_07_30.xlsm,Déplacements,2025-07,DH bas gauche,4,D,,0.0,True
C:\Temp\1-tableaux\GHA\04_305-GHA_SMC_T41_25_07_30.xlsm,Déplacements,2025-07,DZ bas gauche,5,E,,0.0,True
C:\Temp\1-tableaux\GHA\04_305-GHA_SMC_T41_25_07_30.xlsm,Déplacements,2025-07,DPM inter gauche,6,F,,3.163809029910425,True
C:\Temp\1-tableaux\GHA\04_305-GHA_SMC_T41_25_07_30.xlsm,Déplacements,2025-07,DH inter gauche,7,G,,15.929856082619764,True
C:\Temp\1-tableaux\GHA\04_305-GHA_SMC_T41_25_07_30.xlsm,Déplacements,2025-07,DZ inter gauche,8,H,,-4.9999999999954525,True
C:\Temp\1-tableaux\GHA\04_305-GHA_SMC_T41_25_07_30.xlsm,Déplacements,2025-07,DPM haut gauche,9,I,-0.9241568310187631,1.6988837882898622,False
C:\Temp\1-tableaux\GHA\04_305-GHA_SMC_T41_25_07_30.xlsm,Déplacements,2025-07,DH haut gauche,10,J,0.5620800196681763,4.874812143755403,False
C:\Temp\1-tableaux\GHA\04_305-GHA_SMC_T41_25_07_30.xlsm,Déplacements,2025-07,DZ haut gauche,11,K,-0.999999999990564,-9.29999999999609,False
C:\Temp\1-tableaux\GHA\04_305-GHA_SMC_T41_25_07_30.xlsm,Déplacements,2025-07,DPM centre haut,12,L,-0.8457290096437475,0.6940908346351193,False
C:\Temp\1-tableaux\GHA\04_305-GHA_SMC_T41_25_07_30.xlsm,Déplacements,2025-07,DH centre haut,13,M,0.15729723270313523,-2.4347974891553594,False
C:\Temp\1-tableaux\GHA\04_305-GHA_SMC_T41_25_07_30.xlsm,Déplacements,2025-07,DZ centre haut,14,N,-1.7000000000138016,-21.79999999999893,False
C:\Temp\1-tableaux\GHA\04_305-GHA_SMC_T41_25_07_30.xlsm,Déplacements,2025-07,DPM haut droit,15,O,-0.7673010827602411,0.37339509565370577,False
C:\Temp\1-tableaux\GHA\04_305-GHA_SMC_T41_25_07_30.xlsm,Déplacements,2025-07,DH haut droit,16,P,-0.24748550506625833,-4.349778880192279,False
C:\Temp\1-tableaux\GHA\04_305-GHA_SMC_T41_25_07_30.xlsm,Déplacements,2025-07,DZ haut droit,17,Q,-0.10000000000331966,-7.199999999997431,False
C:\Temp\1-tableaux\GHA\04_305-GHA_SMC_T41_25_07_30.xlsm,Déplacements,2025-07,DPM inter droit,18,R,-2.5794514074917174,-0.051898681153517146,False
C:\Temp\1-tableaux\GHA\04_305-GHA_SMC_T41_25_07_30.xlsm,Déplacements,2025-07,DH inter droit,19,S,0.5625218698286361,-13.37524975601756,False
C:\Temp\1-tableaux\GHA\04_305-GHA_SMC_T41_25_07_30.xlsm,Déplacements,2025-07,DZ inter droit,20,T,0.2000000000066393,-4.899999999992133,False
C:\Temp\1-tableaux\GHA\04_305-GHA_SMC_T41_25_07_30.xlsm,Déplacements,2025-07,DPM bas droit,21,U,,0.0,True
C:\Temp\1-tableaux\GHA\04_305-GHA_SMC_T41_25_07_30.xlsm,Déplacements,2025-07,DH bas droit,22,V,,0.0,True
C:\Temp\1-tableaux\GHA\04_305-GHA_SMC_T41_25_07_30.xlsm,Déplacements,2025-07,DZ bas droit,23,W,,0.0,True
C:\Temp\1-tableaux\GTB\02_201-GT7_SMC_C061_PM57_25_07_08.xlsm,Déplacements,2025-07,DGT7+ bas gauche,3,C,-2.060557739471669,-1.5895660789713162,False
C:\Temp\1-tableaux\GTB\02_201-GT7_SMC_C061_PM57_25_07_08.xlsm,Déplacements,2025-07,DGRD+ bas gauche,4,D,-1.7332344919722686,-2.5066470921077944,False
C:\Temp\1-tableaux\GTB\02_201-GT7_SMC_C061_PM57_25_07_08.xlsm,Déplacements,2025-07,DZ bas gauche,5,E,0.2999999999957481,-1.0000000000047748,False
C:\Temp\1-tableaux\GTB\02_201-GT7_SMC_C061_PM57_25_07_08.xlsm,Déplacements,2025-07,DGT7+ haut gauche,6,F,0.3080479734407504,-0.16342230915089573,False
C:\Temp\1-tableaux\GTB\02_201-GT7_SMC_C061_PM57_25_07_08.xlsm,Déplacements,2025-07,DGRD+ haut gauche,7,G,-0.18736695791288227,-1.0692487763359626,False
C:\Temp\1-tableaux\GTB\02_201-GT7_SMC_C061_PM57_25_07_08.xlsm,Déplacements,2025-07,DZ haut gauche,8,H,-0.39999999999906777,-2.0999999999986585,False
C:\Temp\1-tableaux\GTB\02_201-GT7_SMC_C061_PM57_25_07_08.xlsm,Déplacements,2025-07,DGT7+ centre haut,9,I,-0.26578571683266716,0.16294358155199973,False
C:\Temp\1-tableaux\GTB\02_201-GT7_SMC_C061_PM57_25_07_08.xlsm,Déplacements,2025-07,DGRD+ centre haut,10,J,0.09673631045875597,-0.5860456914234258,False
C:\Temp\1-tableaux\GTB\02_201-GT7_SMC_C061_PM57_25_07_08.xlsm,Déplacements,2025-07,DZ centre haut,11,K,-0.6000000000057071,-2.4000000000086175,False
C:\Temp\1-tableaux\GTB\02_201-GT7_SMC_C061_PM57_25_07_08.xlsm,Déplacements,2025-07,DGT7+ haut droit,12,L,,1.1298288026067027,True
C:\Temp\1-tableaux\GTB\02_201-GT7_SMC_C061_PM57_25_07_08.xlsm,Déplacements,2025-07,DGRD+ haut droit,13,M,,0.4165174027432883,True
C:\Temp\1-tableaux\GTB\02_201-GT7_SMC_C061_PM57_25_07_08.xlsm,Déplacements,2025-07,DZ haut droit,14,N,,-0.6999999999948159,True
C:\Temp\1-tableaux\GTB\02_201-GT7_SMC_C061_PM57_25_07_08.xlsm,Déplacements,2025-07,DGT7+ bas droit,15,O,0.8579372188606271,1.2204594008595748,False
C:\Temp\1-tableaux\GTB\02_201-GT7_SMC_C061_PM57_25_07_08.xlsm,Déplacements,2025-07,DGRD+ bas droit,16,P,0.289730414793965,0.4587797648594183,False
C:\Temp\1-tableaux\GTB\02_201-GT7_SMC_C061_PM57_25_07_08.xlsm,Déplacements,2025-07,DZ bas droit,17,Q,-0.5000000000023874,-1.2000000000114142,False
C:\Temp\1-tableaux\GTB\02_202-GRD_SMC_T48_PM44_25_07_08.xlsm,Déplacements,2025-07,DGRD2+ bas gauche,3,C,,0.5193451034486429,True
C:\Temp\1-tableaux\GTB\02_202-GRD_SMC_T48_PM44_25_07_08.xlsm,Déplacements,2025-07,DGT7+ bas gauche,4,D,,-0.6405316344131329,True
C:\Temp\1-tableaux\GTB\02_202-GRD_SMC_T48_PM44_25_07_08.xlsm,Déplacements,2025-07,DZ bas gauche,5,E,,1.1999999999972033,True
C:\Temp\1-tableaux\GTB\02_202-GRD_SMC_T48_PM44_25_07_08.xlsm,Déplacements,2025-07,DGRD2+ haut gauche,6,F,0.02392717403232325,0.4170082660621688,False
C:\Temp\1-tableaux\GTB\02_202-GRD_SMC_T48_PM44_25_07_08.xlsm,Déplacements,2025-07,DGT7+ haut gauche,7,G,-0.7612013065023682,0.5254560343272985,False
C:\Temp\1-tableaux\GTB\02_202-GRD_SMC_T48_PM44_25_07_08.xlsm,Déplacements,2025-07,DZ haut gauche,8,H,-0.0999999999891088,-1.0999999999938836,False
C:\Temp\1-tableaux\GTB\02_202-GRD_SMC_T48_PM44_25_07_08.xlsm,Déplacements,2025-07,DGRD2+ centre haut,9,I,-0.2841164720095435,0.10285374545837556,False
C:\Temp\1-tableaux\GTB\02_202-GRD_SMC_T48_PM44_25_07_08.xlsm,Déplacements,2025-07,DGT7+ centre haut,10,J,-0.5738272341537787,0.489306893030228,False
C:\Temp\1-tableaux\GTB\02_202-GRD_SMC_T48_PM44_25_07_08.xlsm,Déplacements,2025-07,DZ centre haut,11,K,-0.2999999999957481,-1.8000000000029104,False
C:\Temp\1-tableaux\GTB\02_202-GRD_SMC_T48_PM44_25_07_08.xlsm,Déplacements,2025-07,DGRD2+ haut droit,12,L,-0.1812629375717023,-2.6400191803102047,False
C:\Temp\1-tableaux\GTB\02_202-GRD_SMC_T48_PM44_25_07_08.xlsm,Déplacements,2025-07,DGT7+ haut droit,13,M,-0.08452043952278387,-0.017299180385066393,False
C:\Temp\1-tableaux\GTB\02_202-GRD_SMC_T48_PM44_25_07_08.xlsm,Déplacements,2025-07,DZ haut droit,14,N,0.0,-1.599999999996271,False
C:\Temp\1-tableaux\GTB\02_202-GRD_SMC_T48_PM44_25_07_08.xlsm,Déplacements,2025-07,DGRD2+ bas droit,15,O,,-3.105398800913761,True
C:\Temp\1-tableaux\GTB\02_202-GRD_SMC_T48_PM44_25_07_08.xlsm,Déplacements,2025-07,DGT7+ bas droit,16,P,,-0.6756469524562547,True
C:\Temp\1-tableaux\GTB\02_202-GRD_SMC_T48_PM44_25_07_08.xlsm,Déplacements,2025-07,DZ bas droit,17,Q,,0.6999999999948159,True
C:\Temp\1-tableaux\GTB\02_203-GRD_SMC_C52_PM47_25_07_08.xlsm,Déplacements,2025-07,DGRD+ bas gauche,3,C,-0.8574267980918648,-2.7708427232537858,False
C:\Temp\1-tableaux\GTB\02_203-GRD_SMC_C52_PM47_25_07_08.xlsm,Déplacements,2025-07,DGTB+ bas gauche,4,D,1.365583799628478,6.652250041282226,False
C:\Temp\1-tableaux\GTB\02_203-GRD_SMC_C52_PM47_25_07_08.xlsm,Déplacements,2025-07,DZ bas gauche,5,E,-0.39999999999906777,1.1999999999972033,False
C:\Temp\1-tableaux\GTB\02_203-GRD_SMC_C52_PM47_25_07_08.xlsm,Déplacements,2025-07,DGRD+ haut gauche,6,F,-0.6822749952988261,-2.0646410251536906,False
C:\Temp\1-tableaux\GTB\02_203-GRD_SMC_C52_PM47_25_07_08.xlsm,Déplacements,2025-07,DGTB+ haut gauche,7,G,1.2265810326159698,4.664467610883127,False
C:\Temp\1-tableaux\GTB\02_203-GRD_SMC_C52_PM47_25_07_08.xlsm,Déplacements,2025-07,DZ haut gauche,8,H,-0.19999999999242846,-1.599999999996271,False
C:\Temp\1-tableaux\GTB\02_203-GRD_SMC_C52_PM47_25_07_08.xlsm,Déplacements,2025-07,DGRD+ centre haut,9,I,-0.6588647293348515,-1.292768370097619,False
C:\Temp\1-tableaux\GTB\02_203-GRD_SMC_C52_PM47_25_07_08.xlsm,Déplacements,2025-07,DGTB+ centre haut,10,J,-1.189914835658168,0.16955793469869418,False
C:\Temp\1-tableaux\GTB\02_203-GRD_SMC_C52_PM47_25_07_08.xlsm,Déplacements,2025-07,DZ centre haut,11,K,-0.7999999999981355,-3.500000000002501,False
C:\Temp\1-tableaux\GTB\02_203-GRD_SMC_C52_PM47_25_07_08.xlsm,Déplacements,2025-07,DGRD+ haut droit,12,L,-0.1629298918475186,0.3869700064500492,False
C:\Temp\1-tableaux\GTB\02_203-GRD_SMC_C52_PM47_25_07_08.xlsm,Déplacements,2025-07,DGTB+ haut droit,13,M,0.5860493981990622,1.0631340287896585,False
C:\Temp\1-tableaux\GTB\02_203-GRD_SMC_C52_PM47_25_07_08.xlsm,Déplacements,2025-07,DZ haut droit,14,N,-0.2999999999957481,-1.1999999999972033,False
C:\Temp\1-tableaux\GTB\02_203-GRD_SMC_C52_PM47_25_07_08.xlsm,Déplacements,2025-07,DGRD+ bas droit,15,O,-0.4831957090569716,-0.20519011160935463,False
C:\Temp\1-tableaux\GTB\02_203-GRD_SMC_C52_PM47_25_07_08.xlsm,Déplacements,2025-07,DGTB+ bas droit,16,P,0.3263768464774053,0.6766808669893543,False
C:\Temp\1-tableaux\GTB\02_203-GRD_SMC_C52_PM47_25_07_08.xlsm,Déplacements,2025-07,DZ bas droit,17,Q,-0.2999999999957481,-0.39999999999906777,False
C:\Temp\1-tableaux\GTB\02_204-GRD_SMC_C63_PM57_25_07_08.xlsm,Déplacements,2025-07,DGRD3+ bas gauche,3,C,0.2535719300515993,-1.0453065361462066,False
C:\Temp\1-tableaux\GTB\02_204-GRD_SMC_C63_PM57_25_07_08.xlsm,Déplacements,2025-07,DGTB+ bas gauche,4,D,-0.5437842499445011,-0.5977745156728886,False
C:\Temp\1-tableaux\GTB\02_204-GRD_SMC_C63_PM57_25_07_08.xlsm,Déplacements,2025-07,DZ bas gauche,5,E,-0.49999999998817657,-0.49999999998817657,False
C:\Temp\1-tableaux\GTB\02_204-GRD_SMC_C63_PM57_25_07_08.xlsm,Déplacements,2025-07,DGRD3+ haut gauche,6,F,-0.8034628096833529,-1.8849245251786328,False
C:\Temp\1-tableaux\GTB\02_204-GRD_SMC_C63_PM57_25_07_08.xlsm,Déplacements,2025-07,DGTB+ haut gauche,7,G,0.06668883399574277,-0.2169315965192542,False
C:\Temp\1-tableaux\GTB\02_204-GRD_SMC_C63_PM57_25_07_08.xlsm,Déplacements,2025-07,DZ haut gauche,8,H,-0.7999999999981355,-2.3999999999944066,False
C:\Temp\1-tableaux\GTB\02_204-GRD_SMC_C63_PM57_25_07_08.xlsm,Déplacements,2025-07,DGRD3+ centre haut,9,I,0.37425129709944827,-1.4383628693819261,False
C:\Temp\1-tableaux\GTB\02_204-GRD_SMC_C63_PM57_25_07_08.xlsm,Déplacements,2025-07,DGTB+ centre haut,10,J,-1.0391996533535632,-1.8844394201939576,False
C:\Temp\1-tableaux\GTB\02_204-GRD_SMC_C63_PM57_25_07_08.xlsm,Déplacements,2025-07,DZ centre haut,11,K,-0.39999999999906777,-3.200000000006753,False
C:\Temp\1-tableaux\GTB\02_204-GRD_SMC_C63_PM57_25_07_08.xlsm,Déplacements,2025-07,DGRD3+ haut droit,12,L,-0.344687796115295,-4.979067014645011,False
C:\Temp\1-tableaux\GTB\02_204-GRD_SMC_C63_PM57_25_07_08.xlsm,Déplacements,2025-07,DGTB+ haut droit,13,M,-1.1537722288985641,-3.7561802721262083,False
C:\Temp\1-tableaux\GTB\02_204-GRD_SMC_C63_PM57_25_07_08.xlsm,Déplacements,2025-07,DZ haut droit,14,N,-0.2999999999957481,-1.1999999999972033,False
C:\Temp\1-tableaux\GTB\02_204-GRD_SMC_C63_PM57_25_07_08.xlsm,Déplacements,2025-07,DGRD3+ bas droit,15,O,0.4648818471615357,-3.879770472986266,False
C:\Temp\1-tableaux\GTB\02_204-GRD_SMC_C63_PM57_25_07_08.xlsm,Déplacements,2025-07,DGTB+ bas droit,16,P,-0.9969377388094891,-4.457284215536816,False
C:\Temp\1-tableaux\GTB\02_204-GRD_SMC_C63_PM57_25_07_08.xlsm,Déplacements,2025-07,DZ bas droit,17,Q,-0.5999999999914962,-0.0999999999891088,False
C:\Temp\1-tableaux\GTB\02_205-GTB_SMC_C004_PM002_25_07_08.xlsm,Déplacements,2025-07,DPM bas gauche,3,C,-0.0845255161911993,-56.453000269818254,False
C:\Temp\1-tableaux\GTB\02_205-GTB_SMC_C004_PM002_25_07_08.xlsm,Déplacements,2025-07,DH bas gauche,4,D,0.18126057030176668,12.028414573852508,False
C:\Temp\1-tableaux\GTB\02_205-GTB_SMC_C004_PM002_25_07_08.xlsm,Déplacements,2025-07,DZ bas gauche,5,E,0.2999999999957481,10.419999999996321,False
C:\Temp\1-tableaux\GTB\02_205-GTB_SMC_C004_PM002_25_07_08.xlsm,Déplacements,2025-07,DPM haut gauche,6,F,,-6.908559469373188,True
C:\Temp\1-tableaux\GTB\02_205-GTB_SMC_C004_PM002_25_07_08.xlsm,Déplacements,2025-07,DH haut gauche,7,G,,9.136290687793203,True
C:\Temp\1-tableaux\GTB\02_205-GTB_SMC_C004_PM002_25_07_08.xlsm,Déplacements,2025-07,DZ haut gauche,8,H,,-6.200000000006867,True
C:\Temp\1-tableaux\GTB\02_205-GTB_SMC_C004_PM002_25_07_08.xlsm,Déplacements,2025-07,DPM centre haut,9,I,-0.8039340401007067,-24.975474271633047,False
C:\Temp\1-tableaux\GTB\02_205-GTB_SMC_C004_PM002_25_07_08.xlsm,Déplacements,2025-07,DH centre haut,10,J,-1.5886125727436173,-24.997513472499232,False
C:\Temp\1-tableaux\GTB\02_205-GTB_SMC_C004_PM002_25_07_08.xlsm,Déplacements,2025-07,DZ centre haut,11,K,-0.5999999999914962,-22.999999999996135,False
C:\Temp\1-tableaux\GTB\02_205-GTB_SMC_C004_PM002_25_07_08.xlsm,Déplacements,2025-07,DPM haut droit,12,L,-0.4169935984341677,-6.399536882603751,False
C:\Temp\1-tableaux\GTB\02_205-GTB_SMC_C004_PM002_25_07_08.xlsm,Déplacements,2025-07,DH Haut droit,13,M,-0.5254676079355924,-6.625400107663548,False
C:\Temp\1-tableaux\GTB\02_205-GTB_SMC_C004_PM002_25_07_08.xlsm,Déplacements,2025-07,DZ haut droit,14,N,-0.39999999999906777,-8.300000000005525,False
C:\Temp\1-tableaux\GTB\02_205-GTB_SMC_C004_PM002_25_07_08.xlsm,Déplacements,2025-07,DPM bas droit,15,O,-0.0061047689603483946,-18.451866708223854,False
C:\Temp\1-tableaux\GTB\02_205-GTB_SMC_C004_PM002_25_07_08.xlsm,Déplacements,2025-07,DH bas droit,16,P,-0.22352332839670197,-9.078938196120934,False
C:\Temp\1-tableaux\GTB\02_205-GTB_SMC_C004_PM002_25_07_08.xlsm,Déplacements,2025-07,DZ bas droit,17,Q,-0.10000000000331966,4.549999999994725,False
C:\Temp\1-tableaux\GTB\02_206-GTB_SMC_C009_PM007_25_07_08.xlsm,Déplacements,2025-07,DPM bas gauche,3,C,-0.38036506886474086,-6.681271001354183,False
C:\Temp\1-tableaux\GTB\02_206-GTB_SMC_C009_PM007_25_07_08.xlsm,Déplacements,2025-07,DH bas gauche,4,D,0.8156730938990719,22.37254172165004,False
C:\Temp\1-tableaux\GTB\02_206-GTB_SMC_C009_PM007_25_07_08.xlsm,Déplacements,2025-07,DZ bas gauche,5,E,0.5000000000023874,5.099999999998772,False
C:\Temp\1-tableaux\GTB\02_206-GTB_SMC_C009_PM007_25_07_08.xlsm,Déplacements,2025-07,DPM haut gauche,6,F,0.3686260221780202,-1.234065184498867,False
C:\Temp\1-tableaux\GTB\02_206-GTB_SMC_C009_PM007_25_07_08.xlsm,Déplacements,2025-07,DH haut gauche,7,G,0.39257467020181736,15.42358858308912,False
C:\Temp\1-tableaux\GTB\02_206-GTB_SMC_C009_PM007_25_07_08.xlsm,Déplacements,2025-07,DZ haut gauche,8,H,0.39999999999906777,-5.699999999990268,False
C:\Temp\1-tableaux\GTB\02_206-GTB_SMC_C009_PM007_25_07_08.xlsm,Déplacements,2025-07,DPM centre haut,9,I,-0.295839454272695,-14.088539310077586,False
C:\Temp\1-tableaux\GTB\02_206-GTB_SMC_C009_PM007_25_07_08.xlsm,Déplacements,2025-07,DH centre haut,10,J,0.6344123125767709,19.801087261970608,False
C:\Temp\1-tableaux\GTB\02_206-GTB_SMC_C009_PM007_25_07_08.xlsm,Déplacements,2025-07,DZ centre haut,11,K,-0.39999999999906777,-37.09999999999525,False
C:\Temp\1-tableaux\GTB\02_206-GTB_SMC_C009_PM007_25_07_08.xlsm,Déplacements,2025-07,DPM haut droit,12,L,-0.4653611817957426,-4.1600802741550424,False
C:\Temp\1-tableaux\GTB\02_206-GTB_SMC_C009_PM007_25_07_08.xlsm,Déplacements,2025-07,DHaut  droit,13,M,-0.6583608058909896,-13.084102166626366,False
C:\Temp\1-tableaux\GTB\02_206-GTB_SMC_C009_PM007_25_07_08.xlsm,Déplacements,2025-07,DZ haut droit,14,N,0.5000000000023874,-6.599999999991724,False
C:\Temp\1-tableaux\GTB\02_206-GTB_SMC_C009_PM007_25_07_08.xlsm,Déplacements,2025-07,DPM bas droit,15,O,1.7703438452922882,-7.767449862080333,False
C:\Temp\1-tableaux\GTB\02_206-GTB_SMC_C009_PM007_25_07_08.xlsm,Déplacements,2025-07,DH bas droit,16,P,0.9358859953798593,-15.759337600758094,False
C:\Temp\1-tableaux\GTB\02_206-GTB_SMC_C009_PM007_25_07_08.xlsm,Déplacements,2025-07,DZ bas droit,17,Q,0.5000000000023874,7.000000000005002,False
C:\Temp\1-tableaux\GTB\02_207-GTB-SMC1-T16-PM13_25_07_08.xlsm,Déplacements,2025-07,DPM bas gauche,3,C,,-0.707901554809709,True
C:\Temp\1-tableaux\GTB\02_207-GTB-SMC1-T16-PM13_25_07_08.xlsm,Déplacements,2025-07,DH bas gauche,4,D,,1.5180580412055278,True
C:\Temp\1-tableaux\GTB\02_207-GTB-SMC1-T16-PM13_25_07_08.xlsm,Déplacements,2025-07,DZ bas gauche,5,E,,-0.3999999999848569,True
C:\Temp\1-tableaux\GTB\02_207-GTB-SMC1-T16-PM13_25_07_08.xlsm,Déplacements,2025-07,DPM inter gauche,6,F,,-1.0189929211854576,True
C:\Temp\1-tableaux\GTB\02_207-GTB-SMC1-T16-PM13_25_07_08.xlsm,Déplacements,2025-07,DH inter gauche,7,G,,17.565139974531796,True
C:\Temp\1-tableaux\GTB\02_207-GTB-SMC1-T16-PM13_25_07_08.xlsm,Déplacements,2025-07,DZ inter gauche,8,H,,-5.949999999984357,True
C:\Temp\1-tableaux\GTB\02_207-GTB-SMC1-T16-PM13_25_07_08.xlsm,Déplacements,2025-07,DPM haut gauche,9,I,-0.03310565030290036,-1.525211660025505,False
C:\Temp\1-tableaux\GTB\02_207-GTB-SMC1-T16-PM13_25_07_08.xlsm,Déplacements,2025-07,DH haut gauche,10,J,0.42591551336323974,11.315640813787109,False
C:\Temp\1-tableaux\GTB\02_207-GTB-SMC1-T16-PM13_25_07_08.xlsm,Déplacements,2025-07,DZ haut gauche,11,K,0.6999999999948159,-8.850000000009572,False
C:\Temp\1-tableaux\GTB\02_207-GTB-SMC1-T16-PM13_25_07_08.xlsm,Déplacements,2025-07,DPM voute gauche,12,L,-0.5254677063391,8.927793733867873,False
C:\Temp\1-tableaux\GTB\02_207-GTB-SMC1-T16-PM13_25_07_08.xlsm,Déplacements,2025-07,DH voute gauche,13,M,0.4169938094411574,6.645825721709464,False
C:\Temp\1-tableaux\GTB\02_207-GTB-SMC1-T16-PM13_25_07_08.xlsm,Déplacements,2025-07,DZ voute gauche,14,N,-0.649999999993156,-33.09999999999036,False
C:\Temp\1-tableaux\GTB\02_207-GTB-SMC1-T16-PM13_25_07_08.xlsm,Déplacements,2025-07,DPM centre haut,15,O,0.25381210005370747,14.829092690385792,False
C:\Temp\1-tableaux\GTB\02_207-GTB-SMC1-T16-PM13_25_07_08.xlsm,Déplacements,2025-07,DH centre haut,16,P,0.28386525680596675,3.218775299598485,False
C:\Temp\1-tableaux\GTB\02_207-GTB-SMC1-T16-PM13_25_07_08.xlsm,Déplacements,2025-07,DZ centre haut,17,Q,0.649999999993156,-49.19999999999902,False
C:\Temp\1-tableaux\GTB\02_207-GTB-SMC1-T16-PM13_25_07_08.xlsm,Déplacements,2025-07,DPM voute droit,18,R,0.18126057030265486,1.6576322148260658,False
C:\Temp\1-tableaux\GTB\02_207-GTB-SMC1-T16-PM13_25_07_08.xlsm,Déplacements,2025-07,DH voute droit,19,S,0.08452551618809778,-16.568520447117983,False
C:\Temp\1-tableaux\GTB\02_207-GTB-SMC1-T16-PM13_25_07_08.xlsm,Déplacements,2025-07,DZ voute droit,20,T,0.8000000000123464,-32.333333333326664,False
C:\Temp\1-tableaux\GTB\02_207-GTB-SMC1-T16-PM13_25_07_08.xlsm,Déplacements,2025-07,DPM haut droit,21,U,-0.4047840605121422,0.7485138417298032,False
C:\Temp\1-tableaux\GTB\02_207-GTB-SMC1-T16-PM13_25_07_08.xlsm,Déplacements,2025-07,DH haut droit,22,V,-0.0784209511421885,-12.726045358965266,False
C:\Temp\1-tableaux\GTB\02_207-GTB-SMC1-T16-PM13_25_07_08.xlsm,Déplacements,2025-07,DZ haut droit,23,W,-0.2999999999957481,-12.399999999999523,False
C:\Temp\1-tableaux\GTB\02_207-GTB-SMC1-T16-PM13_25_07_08.xlsm,Déplacements,2025-07,DPM inter droit,24,X,,1.1926227217635699,True
C:\Temp\1-tableaux\GTB\02_207-GTB-SMC1-T16-PM13_25_07_08.xlsm,Déplacements,2025-07,DH inter droit,25,Y,,-17.760019236034097,True
C:\Temp\1-tableaux\GTB\02_207-GTB-SMC1-T16-PM13_25_07_08.xlsm,Déplacements,2025-07,DZ inter droit,26,Z,,-9.449999999986858,True
C:\Temp\1-tableaux\GTB\02_207-GTB-SMC1-T16-PM13_25_07_08.xlsm,Déplacements,2025-07,DPM bas droit,27,AA,,-0.9777990969528361,True
C:\Temp\1-tableaux\GTB\02_207-GTB-SMC1-T16-PM13_25_07_08.xlsm,Déplacements,2025-07,DH bas droit,28,AB,,-2.221380912012183,True
C:\Temp\1-tableaux\GTB\02_207-GTB-SMC1-T16-PM13_25_07_08.xlsm,Déplacements,2025-07,DZ bas droit,29,AC,,-1.5750000000025466,True
C:\Temp\1-tableaux\GTB\02_208-GTB-SMC1-T24-PM19_25-07_08.xlsm,Déplacements,2025-07,DPM bas gauche,3,C,,-0.24701914587410556,True
C:\Temp\1-tableaux\GTB\02_208-GTB-SMC1-T24-PM19_25-07_08.xlsm,Déplacements,2025-07,DH bas gauche,4,D,,2.4225978989180774,True
C:\Temp\1-tableaux\GTB\02_208-GTB-SMC1-T24-PM19_25-07_08.xlsm,Déplacements,2025-07,DZ bas gauche,5,E,,-0.7000000000090267,True
C:\Temp\1-tableaux\GTB\02_208-GTB-SMC1-T24-PM19_25-07_08.xlsm,Déplacements,2025-07,DPM inter gauche,6,F,,-3.305546336576981,True
C:\Temp\1-tableaux\GTB\02_208-GTB-SMC1-T24-PM19_25-07_08.xlsm,Déplacements,2025-07,DH inter gauche,7,G,,18.209156136986593,True
C:\Temp\1-tableaux\GTB\02_208-GTB-SMC1-T24-PM19_25-07_08.xlsm,Déplacements,2025-07,DZ inter gauche,8,H,,-12.000000000000455,True
C:\Temp\1-tableaux\GTB\02_208-GTB-SMC1-T24-PM19_25-07_08.xlsm,Déplacements,2025-07,DPM haut gauche,9,I,1.9995053078218916,-2.123086594341572,False
C:\Temp\1-tableaux\GTB\02_208-GTB-SMC1-T24-PM19_25-07_08.xlsm,Déplacements,2025-07,DH haut gauche,10,J,-0.5019751777504133,12.360926405744266,False
C:\Temp\1-tableaux\GTB\02_208-GTB-SMC1-T24-PM19_25-07_08.xlsm,Déplacements,2025-07,DZ haut gauche,11,K,0.4000000000132786,-9.000000000000341,False
C:\Temp\1-tableaux\GTB\02_208-GTB-SMC1-T24-PM19_25-07_08.xlsm,Déplacements,2025-07,DPM centre haut,12,L,1.0692508403948864,-0.9654979361499727,False
C:\Temp\1-tableaux\GTB\02_208-GTB-SMC1-T24-PM19_25-07_08.xlsm,Déplacements,2025-07,DH centre haut,13,M,-0.16340901744942027,3.9633086089450877,False
C:\Temp\1-tableaux\GTB\02_208-GTB-SMC1-T24-PM19_25-07_08.xlsm,Déplacements,2025-07,DZ centre haut,14,N,0.0,-7.000000000005002,False
C:\Temp\1-tableaux\GTB\02_208-GTB-SMC1-T24-PM19_25-07_08.xlsm,Déplacements,2025-07,DPM haut droit,15,O,2.5132281326349926,-2.2384438239768656,False
C:\Temp\1-tableaux\GTB\02_208-GTB-SMC1-T24-PM19_25-07_08.xlsm,Déplacements,2025-07,DH haut droit,16,P,0.2892825651827913,-11.526030227135386,False
C:\Temp\1-tableaux\GTB\02_208-GTB-SMC1-T24-PM19_25-07_08.xlsm,Déplacements,2025-07,DZ haut droit,17,Q,0.7000000000090267,-10.99999999999568,False
C:\Temp\1-tableaux\GTB\02_208-GTB-SMC1-T24-PM19_25-07_08.xlsm,Déplacements,2025-07,DPM inter droit,18,R,,-44.93890949056123,True
C:\Temp\1-tableaux\GTB\02_208-GTB-SMC1-T24-PM19_25-07_08.xlsm,Déplacements,2025-07,DH inter droit,19,S,,-15.549740292406966,True
C:\Temp\1-tableaux\GTB\02_208-GTB-SMC1-T24-PM19_25-07_08.xlsm,Déplacements,2025-07,DZ inter droit,20,T,,-22.800000000003706,True
C:\Temp\1-tableaux\GTB\02_208-GTB-SMC1-T24-PM19_25-07_08.xlsm,Déplacements,2025-07,DPM bas droit,21,U,,-3.3054025999739167,True
C:\Temp\1-tableaux\GTB\02_208-GTB-SMC1-T24-PM19_25-07_08.xlsm,Déplacements,2025-07,DH bas droit,22,V,,-3.0861485326907356,True
C:\Temp\1-tableaux\GTB\02_208-GTB-SMC1-T24-PM19_25-07_08.xlsm,Déplacements,2025-07,DZ bas droit,23,W,,0.2999999999957481,True
C:\Temp\1-tableaux\GTB\02_209-GTB-SMC1-T32-PM25_25-07-08.xlsm,Déplacements,2025-07,DPM bas gauche,3,C,,1.9819598499388746,True
C:\Temp\1-tableaux\GTB\02_209-GTB-SMC1-T32-PM25_25-07-08.xlsm,Déplacements,2025-07,DH bas gauche,4,D,,1.58627844479442,True
C:\Temp\1-tableaux\GTB\02_209-GTB-SMC1-T32-PM25_25-07-08.xlsm,Déplacements,2025-07,DZ bas gauche,5,E,,1.3333333333349628,True
C:\Temp\1-tableaux\GTB\02_209-GTB-SMC1-T32-PM25_25-07-08.xlsm,Déplacements,2025-07,DPM inter gauche,6,F,,2.1048985177998247,True
C:\Temp\1-tableaux\GTB\02_209-GTB-SMC1-T32-PM25_25-07-08.xlsm,Déplacements,2025-07,DH inter gauche,7,G,,3.7676290987924688,True
C:\Temp\1-tableaux\GTB\02_209-GTB-SMC1-T32-PM25_25-07-08.xlsm,Déplacements,2025-07,DZ inter gauche,8,H,,3.024999999993838,True
C:\Temp\1-tableaux\GTB\02_209-GTB-SMC1-T32-PM25_25-07-08.xlsm,Déplacements,2025-07,DPM haut gauche,9,I,0.41088670839073416,-2.864036164321959,False
C:\Temp\1-tableaux\GTB\02_209-GTB-SMC1-T32-PM25_25-07-08.xlsm,Déplacements,2025-07,DH haut gauche,10,J,0.30194735868116496,3.657242080223444,False
C:\Temp\1-tableaux\GTB\02_209-GTB-SMC1-T32-PM25_25-07-08.xlsm,Déplacements,2025-07,DZ haut gauche,11,K,0.0,-3.200000000020964,False
C:\Temp\1-tableaux\GTB\02_209-GTB-SMC1-T32-PM25_25-07-08.xlsm,Déplacements,2025-07,DPM centre haut,12,L,1.0269873647779093,-6.928131761913647,False
C:\Temp\1-tableaux\GTB\02_209-GTB-SMC1-T32-PM25_25-07-08.xlsm,Déplacements,2025-07,DH centre haut,13,M,-0.07277893844565142,-23.119344854800996,False
C:\Temp\1-tableaux\GTB\02_209-GTB-SMC1-T32-PM25_25-07-08.xlsm,Déplacements,2025-07,DZ centre haut,14,N,0.5000000000023874,-10.049999999992565,False
C:\Temp\1-tableaux\GTB\02_209-GTB-SMC1-T32-PM25_25-07-08.xlsm,Déplacements,2025-07,DPM haut droit,15,O,-0.5137229303215918,-3.9275707048709307,False
C:\Temp\1-tableaux\GTB\02_209-GTB-SMC1-T32-PM25_25-07-08.xlsm,Déplacements,2025-07,DH haut droit,16,P,-0.7912577921316277,-8.258771834344092,False
C:\Temp\1-tableaux\GTB\02_209-GTB-SMC1-T32-PM25_25-07-08.xlsm,Déplacements,2025-07,DZ haut droit,17,Q,-0.39999999999906777,-4.249999999998977,False
C:\Temp\1-tableaux\GTB\02_209-GTB-SMC1-T32-PM25_25-07-08.xlsm,Déplacements,2025-07,DPM inter droit,18,R,,-32.53869232500861,True
C:\Temp\1-tableaux\GTB\02_209-GTB-SMC1-T32-PM25_25-07-08.xlsm,Déplacements,2025-07,DH inter droit,19,S,,-7.891395721985717,True
C:\Temp\1-tableaux\GTB\02_209-GTB-SMC1-T32-PM25_25-07-08.xlsm,Déplacements,2025-07,DZ inter droit,20,T,,-10.249999999999204,True
C:\Temp\1-tableaux\GTB\02_209-GTB-SMC1-T32-PM25_25-07-08.xlsm,Déplacements,2025-07,DPM bas droit,21,U,,1.9819598499388746,True
C:\Temp\1-tableaux\GTB\02_209-GTB-SMC1-T32-PM25_25-07-08.xlsm,Déplacements,2025-07,DH bas droit,22,V,,1.58627844479442,True
C:\Temp\1-tableaux\GTB\02_209-GTB-SMC1-T32-PM25_25-07-08.xlsm,Déplacements,2025-07,DZ bas droit,23,W,,1.3333333333349628,True
