source_file,sheet,month,metric,periodic_mm,cumulative_mm,cumulative_outside_month
C:\Temp\1-tableaux\GGS\03_104-GGS_SMC_C003_PM001_25_07-29.xlsm,Convergences,2025-07,BG,-1.084533144065425,-12.528242376895982,False
C:\Temp\1-tableaux\GGS\03_104-GGS_SMC_C003_PM001_25_07-29.xlsm,Convergences,2025-07,HG,-0.7842050667059564,-5.992417424288687,False
C:\Temp\1-tableaux\GGS\03_104-GGS_SMC_C003_PM001_25_07-29.xlsm,Convergences,2025-07,HD,,-3.9554132486825377,True
C:\Temp\1-tableaux\GGS\03_104-GGS_SMC_C003_PM001_25_07-29.xlsm,Convergences,2025-07,BD,-1.1060387380643633,-15.07011354749821,False
C:\Temp\1-tableaux\GGS\03_104-GGS_SMC_C003_PM001_25_07-29.xlsm,Convergences,2025-07,LH,,-7.938004158620338,True
C:\Temp\1-tableaux\GGS\03_104-GGS_SMC_C003_PM001_25_07-29.xlsm,Convergences,2025-07,LB,-1.3324457902079718,-16.947715035375843,False
C:\Temp\1-tableaux\GGS\03_104-GGS_SMC_C003_PM001_25_07-29.xlsm,Convergences,2025-07,IG,,,
C:\Temp\1-tableaux\GGS\03_104-GGS_SMC_C003_PM001_25_07-29.xlsm,Convergences,2025-07,ID,,,
C:\Temp\1-tableaux\GGS\03_104-GGS_SMC_C003_PM001_25_07-29.xlsm,Convergences,2025-07,LI,,,
C:\Temp\1-tableaux\GGS\03_105-GGS_SMC_C007_PM005_25_07_29.xlsm,Convergences,2025-07,BG,-2.885303301776613,-33.927714885791715,False
C:\Temp\1-tableaux\GGS\03_105-GGS_SMC_C007_PM005_25_07_29.xlsm,Convergences,2025-07,HG,-2.366922726197096,-30.333003997105923,False
C:\Temp\1-tableaux\GGS\03_105-GGS_SMC_C007_PM005_25_07_29.xlsm,Convergences,2025-07,HD,,-9.71800058032768,True
C:\Temp\1-tableaux\GGS\03_105-GGS_SMC_C007_PM005_25_07_29.xlsm,Convergences,2025-07,BD,4.517886932482897,-6.30904798856502,False
C:\Temp\1-tableaux\GGS\03_105-GGS_SMC_C007_PM005_25_07_29.xlsm,Convergences,2025-07,LH,,-10.644048571512243,True
C:\Temp\1-tableaux\GGS\03_105-GGS_SMC_C007_PM005_25_07_29.xlsm,Convergences,2025-07,LB,-2.555144575045354,-24.086595766220853,False
C:\Temp\1-tableaux\GGS\03_105-GGS_SMC_C007_PM005_25_07_29.xlsm,Convergences,2025-07,IG,,,
C:\Temp\1-tableaux\GGS\03_105-GGS_SMC_C007_PM005_25_07_29.xlsm,Convergences,2025-07,ID,,,
C:\Temp\1-tableaux\GGS\03_105-GGS_SMC_C007_PM005_25_07_29.xlsm,Convergences,2025-07,LI,,,
C:\Temp\1-tableaux\GGS\03_106-GGS_SMC_C020_PM005_25_07_29.xlsm,Convergences,2025-07,BG,,0.0,True
C:\Temp\1-tableaux\GGS\03_106-GGS_SMC_C020_PM005_25_07_29.xlsm,Convergences,2025-07,HG,-1.368737101397512,-16.789279185015715,False
C:\Temp\1-tableaux\GGS\03_106-GGS_SMC_C020_PM005_25_07_29.xlsm,Convergences,2025-07,HD,-3.1116113713638534,-35.00111140798224,False
C:\Temp\1-tableaux\GGS\03_106-GGS_SMC_C020_PM005_25_07_29.xlsm,Convergences,2025-07,BD,,0.0,True
C:\Temp\1-tableaux\GGS\03_106-GGS_SMC_C020_PM005_25_07_29.xlsm,Convergences,2025-07,LH,-1.9051967172565298,-19.88254585980087,False
C:\Temp\1-tableaux\GGS\03_106-GGS_SMC_C020_PM005_25_07_29.xlsm,Convergences,2025-07,LB,,0.0,True
C:\Temp\1-tableaux\GGS\03_106-GGS_SMC_C020_PM005_25_07_29.xlsm,Convergences,2025-07,IG,-4.439547271249289,-34.46319457062952,False
C:\Temp\1-tableaux\GGS\03_106-GGS_SMC_C020_PM005_25_07_29.xlsm,Convergences,2025-07,ID,-4.045161546080145,-46.12327457044518,False
C:\Temp\1-tableaux\GGS\03_106-GGS_SMC_C020_PM005_25_07_29.xlsm,Convergences,2025-07,LI,-5.24490140845657,-26.94692540687793,False
C:\Temp\1-tableaux\GGS\03_107-GGS_SMC_C031_PM024_25_07_29.xlsm,Convergences,2025-07,BG,,0.0,True
C:\Temp\1-tableaux\GGS\03_107-GGS_SMC_C031_PM024_25_07_29.xlsm,Convergences,2025-07,HG,-2.8921475516114903,-2.7240841443574304,False
C:\Temp\1-tableaux\GGS\03_107-GGS_SMC_C031_PM024_25_07_29.xlsm,Convergences,2025-07,HD,-5.216749516048669,-5.454278372963639,False
C:\Temp\1-tableaux\GGS\03_107-GGS_SMC_C031_PM024_25_07_29.xlsm,Convergences,2025-07,BD,,0.0,True
C:\Temp\1-tableaux\GGS\03_107-GGS_SMC_C031_PM024_25_07_29.xlsm,Convergences,2025-07,LH,-7.52285541301756,-7.467863480851378,False
C:\Temp\1-tableaux\GGS\03_107-GGS_SMC_C031_PM024_25_07_29.xlsm,Convergences,2025-07,LB,,0.0,True
C:\Temp\1-tableaux\GGS\03_107-GGS_SMC_C031_PM024_25_07_29.xlsm,Convergences,2025-07,IG,-10.309065903206793,-11.54367767735387,False
C:\Temp\1-tableaux\GGS\03_107-GGS_SMC_C031_PM024_25_07_29.xlsm,Convergences,2025-07,ID,-7.496174679664236,-8.449670851437219,False
C:\Temp\1-tableaux\GGS\03_107-GGS_SMC_C031_PM024_25_07_29.xlsm,Convergences,2025-07,LI,-21.344878175082016,-23.833149625158256,False
C:\Temp\1-tableaux\GHA\04_301-GVA_SMC_C105_C106_25_07_23.xlsm,Convergences,2025-07,BG,-2.0580773403491293,-9.943122429812767,False
C:\Temp\1-tableaux\GHA\04_301-GVA_SMC_C105_C106_25_07_23.xlsm,Convergences,2025-07,HG,-1.228834245081245,-43.22757218024886,False
C:\Temp\1-tableaux\GHA\04_301-GVA_SMC_C105_C106_25_07_23.xlsm,Convergences,2025-07,HD,-1.5565702007909152,-43.72150288157694,False
C:\Temp\1-tableaux\GHA\04_301-GVA_SMC_C105_C106_25_07_23.xlsm,Convergences,2025-07,BD,-2.04843840617297,-11.691191345624574,False
C:\Temp\1-tableaux\GHA\04_301-GVA_SMC_C105_C106_25_07_23.xlsm,Convergences,2025-07,LH,0.10440457337690745,-23.30264306577945,False
C:\Temp\1-tableaux\GHA\04_301-GVA_SMC_C105_C106_25_07_23.xlsm,Convergences,2025-07,LB,-1.0406864665366555,-6.0396799867072914,False
C:\Temp\1-tableaux\GHA\04_301-GVA_SMC_C105_C106_25_07_23.xlsm,Convergences,2025-07,IG,,,
C:\Temp\1-tableaux\GHA\04_301-GVA_SMC_C105_C106_25_07_23.xlsm,Convergences,2025-07,ID,,,
C:\Temp\1-tableaux\GHA\04_301-GVA_SMC_C105_C106_25_07_23.xlsm,Convergences,2025-07,LI,,,
C:\Temp\1-tableaux\GHA\04_302-GHA_SMC_C04_C05_25_07_23.xlsm,Convergences,2025-07,BG,-1.3738671242693457,-5.902416295500146,False
C:\Temp\1-tableaux\GHA\04_302-GHA_SMC_C04_C05_25_07_23.xlsm,Convergences,2025-07,HG,-0.8886824183398332,-36.36987887665466,False
C:\Temp\1-tableaux\GHA\04_302-GHA_SMC_C04_C05_25_07_23.xlsm,Convergences,2025-07,HD,-0.875940957362431,-31.199579559992863,False
C:\Temp\1-tableaux\GHA\04_302-GHA_SMC_C04_C05_25_07_23.xlsm,Convergences,2025-07,BD,,0.2353811346171852,True
C:\Temp\1-tableaux\GHA\04_302-GHA_SMC_C04_C05_25_07_23.xlsm,Convergences,2025-07,LH,-0.6862595314141053,-28.65887841320625,False
C:\Temp\1-tableaux\GHA\04_302-GHA_SMC_C04_C05_25_07_23.xlsm,Convergences,2025-07,LB,,-2.8666213211892,True
C:\Temp\1-tableaux\GHA\04_302-GHA_SMC_C04_C05_25_07_23.xlsm,Convergences,2025-07,IG,-1.1163318631712826,-51.22115600461008,False
C:\Temp\1-tableaux\GHA\04_302-GHA_SMC_C04_C05_25_07_23.xlsm,Convergences,2025-07,ID,-1.8225930101438692,-55.368209109654565,False
C:\Temp\1-tableaux\GHA\04_302-GHA_SMC_C04_C05_25_07_23.xlsm,Convergences,2025-07,LI,-0.9613410246709364,-35.82889456424354,False
C:\Temp\1-tableaux\GHA\04_303-GHA_SMC_T15_25_07_23.xlsm,Convergences,2025-07,BG,-1.800881542170174,-17.343636832722886,False
C:\Temp\1-tableaux\GHA\04_303-GHA_SMC_T15_25_07_23.xlsm,Convergences,2025-07,HG,-0.4903754181935227,-36.07069549558872,False
C:\Temp\1-tableaux\GHA\04_303-GHA_SMC_T15_25_07_23.xlsm,Convergences,2025-07,HD,-1.0517549344299937,-36.37657262367932,False
C:\Temp\1-tableaux\GHA\04_303-GHA_SMC_T15_25_07_23.xlsm,Convergences,2025-07,BD,-2.1252668005207194,-6.059217855129084,False
C:\Temp\1-tableaux\GHA\04_303-GHA_SMC_T15_25_07_23.xlsm,Convergences,2025-07,LH,-1.0322508833846555,-29.779300131674624,False
C:\Temp\1-tableaux\GHA\04_303-GHA_SMC_T15_25_07_23.xlsm,Convergences,2025-07,LB,-1.510851247456202,0.0722233470522581,False
C:\Temp\1-tableaux\GHA\04_303-GHA_SMC_T15_25_07_23.xlsm,Convergences,2025-07,IG,-1.2481730266786784,-50.015019357393165,False
C:\Temp\1-tableaux\GHA\04_303-GHA_SMC_T15_25_07_23.xlsm,Convergences,2025-07,ID,-1.6311574616851772,-77.63119892498426,False
C:\Temp\1-tableaux\GHA\04_303-GHA_SMC_T15_25_07_23.xlsm,Convergences,2025-07,LI,-1.4179417195752109,-58.61198489476749,False
C:\Temp\1-tableaux\GHA\04_304-GHA_SMC_T28_25_07-25.xlsm,Convergences,2025-07,BG,,0.0,True
C:\Temp\1-tableaux\GHA\04_304-GHA_SMC_T28_25_07-25.xlsm,Convergences,2025-07,HG,0.0918415963613306,-9.178434238703126,False
C:\Temp\1-tableaux\GHA\04_304-GHA_SMC_T28_25_07-25.xlsm,Convergences,2025-07,HD,-1.07031720824002,-31.80982896431539,False
C:\Temp\1-tableaux\GHA\04_304-GHA_SMC_T28_25_07-25.xlsm,Convergences,2025-07,BD,,0.0,True
C:\Temp\1-tableaux\GHA\04_304-GHA_SMC_T28_25_07-25.xlsm,Convergences,2025-07,LH,-1.1346355520354123,-19.19076369900008,False
C:\Temp\1-tableaux\GHA\04_304-GHA_SMC_T28_25_07-25.xlsm,Convergences,2025-07,LB,,0.0,True
C:\Temp\1-tableaux\GHA\04_304-GHA_SMC_T28_25_07-25.xlsm,Convergences,2025-07,IG,-1.457816368547256,-35.32105634448968,False
C:\Temp\1-tableaux\GHA\04_304-GHA_SMC_T28_25_07-25.xlsm,Convergences,2025-07,ID,-1.1757255203424037,-51.20926998673525,False
C:\Temp\1-tableaux\GHA\04_304-GHA_SMC_T28_25_07-25.xlsm,Convergences,2025-07,LI,-6.039878448454765,-60.79666010030316,False
C:\Temp\1-tableaux\GHA\04_305-GHA_SMC_T41_25_07_30.xlsm,Convergences,2025-07,BG,,0.0,True
C:\Temp\1-tableaux\GHA\04_305-GHA_SMC_T41_25_07_30.xlsm,Convergences,2025-07,HG,-0.5981083827522067,-10.782112845062477,False
C:\Temp\1-tableaux\GHA\04_305-GHA_SMC_T41_25_07_30.xlsm,Convergences,2025-07,HD,-0.8557623270117887,-6.1302861677527964,False
C:\Temp\1-tableaux\GHA\04_305-GHA_SMC_T41_25_07_30.xlsm,Convergences,2025-07,BD,,0.0,True
C:\Temp\1-tableaux\GHA\04_305-GHA_SMC_T41_25_07_30.xlsm,Convergences,2025-07,LH,-0.8049130828275963,-9.21256021393102,False
C:\Temp\1-tableaux\GHA\04_305-GHA_SMC_T41_25_07_30.xlsm,Convergences,2025-07,LB,,0.0,True
C:\Temp\1-tableaux\GHA\04_305-GHA_SMC_T41_25_07_30.xlsm,Convergences,2025-07,IG,,-22.173613648236667,True
C:\Temp\1-tableaux\GHA\04_305-GHA_SMC_T41_25_07_30.xlsm,Convergences,2025-07,ID,-0.255615192055636,-18.844132024368854,False
C:\Temp\1-tableaux\GHA\04_305-GHA_SMC_T41_25_07_30.xlsm,Convergences,2025-07,LI,,-28.51403170040712,True
C:\Temp\1-tableaux\GTB\02_201-GT7_SMC_C061_PM57_25_07_08.xlsm,Convergences,2025-07,BG,-2.0575250009597923,-2.4196469277946164,False
C:\Temp\1-tableaux\GTB\02_201-GT7_SMC_C061_PM57_25_07_08.xlsm,Convergences,2025-07,HG,-0.2895359401295928,-0.5464412426239296,False
C:\Temp\1-tableaux\GTB\02_201-GT7_SMC_C061_PM57_25_07_08.xlsm,Convergences,2025-07,HD,,-0.3071994836261194,True
C:\Temp\1-tableaux\GTB\02_201-GT7_SMC_C061_PM57_25_07_08.xlsm,Convergences,2025-07,BD,-0.1995030656947172,-1.5751975918569805,False
C:\Temp\1-tableaux\GTB\02_201-GT7_SMC_C061_PM57_25_07_08.xlsm,Convergences,2025-07,LH,,-0.5873775030473816,True
C:\Temp\1-tableaux\GTB\02_201-GT7_SMC_C061_PM57_25_07_08.xlsm,Convergences,2025-07,LB,-2.011571806010082,-2.982672504177053,False
C:\Temp\1-tableaux\GTB\02_201-GT7_SMC_C061_PM57_25_07_08.xlsm,Convergences,2025-07,IG,,,
C:\Temp\1-tableaux\GTB\02_201-GT7_SMC_C061_PM57_25_07_08.xlsm,Convergences,2025-07,ID,,,
C:\Temp\1-tableaux\GTB\02_201-GT7_SMC_C061_PM57_25_07_08.xlsm,Convergences,2025-07,LI,,,
C:\Temp\1-tableaux\GTB\02_202-GRD_SMC_T48_PM44_25_07_08.xlsm,Convergences,2025-07,BG,,-1.8886471582604256,True
C:\Temp\1-tableaux\GTB\02_202-GRD_SMC_T48_PM44_25_07_08.xlsm,Convergences,2025-07,HG,-0.26972424055138344,-0.4269083103780602,False
C:\Temp\1-tableaux\GTB\02_202-GRD_SMC_T48_PM44_25_07_08.xlsm,Convergences,2025-07,HD,-0.5514606701297886,0.5372002749322036,False
C:\Temp\1-tableaux\GTB\02_202-GRD_SMC_T48_PM44_25_07_08.xlsm,Convergences,2025-07,BD,3.1799663840512693,2.3604471219123013,False
C:\Temp\1-tableaux\GTB\02_202-GRD_SMC_T48_PM44_25_07_08.xlsm,Convergences,2025-07,LH,-0.6220329567314664,0.4662508264532405,False
C:\Temp\1-tableaux\GTB\02_202-GRD_SMC_T48_PM44_25_07_08.xlsm,Convergences,2025-07,LB,,-0.0812797936022846,True
C:\Temp\1-tableaux\GTB\02_202-GRD_SMC_T48_PM44_25_07_08.xlsm,Convergences,2025-07,IG,,,
C:\Temp\1-tableaux\GTB\02_202-GRD_SMC_T48_PM44_25_07_08.xlsm,Convergences,2025-07,ID,,,
C:\Temp\1-tableaux\GTB\02_202-GRD_SMC_T48_PM44_25_07_08.xlsm,Convergences,2025-07,LI,,,
C:\Temp\1-tableaux\GTB\02_203-GRD_SMC_C52_PM47_25_07_08.xlsm,Convergences,2025-07,BG,-1.9844086627123225,-7.864069614940128,False
C:\Temp\1-tableaux\GTB\02_203-GRD_SMC_C52_PM47_25_07_08.xlsm,Convergences,2025-07,HG,-2.481180648677306,-4.8969374168148505,False
C:\Temp\1-tableaux\GTB\02_203-GRD_SMC_C52_PM47_25_07_08.xlsm,Convergences,2025-07,HD,0.9924686015461148,-0.9065295231733828,False
C:\Temp\1-tableaux\GTB\02_203-GRD_SMC_C52_PM47_25_07_08.xlsm,Convergences,2025-07,BD,0.5234997579570688,-2.1372763332556666,False
C:\Temp\1-tableaux\GTB\02_203-GRD_SMC_C52_PM47_25_07_08.xlsm,Convergences,2025-07,LH,-0.6161353541944692,-3.717686987681823,False
C:\Temp\1-tableaux\GTB\02_203-GRD_SMC_C52_PM47_25_07_08.xlsm,Convergences,2025-07,LB,-1.0485194021550015,-6.035508030339365,False
C:\Temp\1-tableaux\GTB\02_203-GRD_SMC_C52_PM47_25_07_08.xlsm,Convergences,2025-07,IG,,,
C:\Temp\1-tableaux\GTB\02_203-GRD_SMC_C52_PM47_25_07_08.xlsm,Convergences,2025-07,ID,,,
C:\Temp\1-tableaux\GTB\02_203-GRD_SMC_C52_PM47_25_07_08.xlsm,Convergences,2025-07,LI,,,
C:\Temp\1-tableaux\GTB\02_204-GRD_SMC_C63_PM57_25_07_08.xlsm,Convergences,2025-07,BG,-0.25174730496679887,-2.879438366500509,False
C:\Temp\1-tableaux\GTB\02_204-GRD_SMC_C63_PM57_25_07_08.xlsm,Convergences,2025-07,HG,-0.8716832658373087,-1.83738593720606,False
C:\Temp\1-tableaux\GTB\02_204-GRD_SMC_C63_PM57_25_07_08.xlsm,Convergences,2025-07,HD,-0.17499277361521237,-2.810255084393365,False
C:\Temp\1-tableaux\GTB\02_204-GRD_SMC_C63_PM57_25_07_08.xlsm,Convergences,2025-07,BD,0.1793410572106242,-3.996792516030912,False
C:\Temp\1-tableaux\GTB\02_204-GRD_SMC_C63_PM57_25_07_08.xlsm,Convergences,2025-07,LH,-1.299551726987147,-3.825920371963498,False
C:\Temp\1-tableaux\GTB\02_204-GRD_SMC_C63_PM57_25_07_08.xlsm,Convergences,2025-07,LB,-0.4521257021652403,-3.858566872051661,False
C:\Temp\1-tableaux\GTB\02_204-GRD_SMC_C63_PM57_25_07_08.xlsm,Convergences,2025-07,IG,,,
C:\Temp\1-tableaux\GTB\02_204-GRD_SMC_C63_PM57_25_07_08.xlsm,Convergences,2025-07,ID,,,
C:\Temp\1-tableaux\GTB\02_204-GRD_SMC_C63_PM57_25_07_08.xlsm,Convergences,2025-07,LI,,,
C:\Temp\1-tableaux\GTB\02_205-GTB_SMC_C004_PM002_25_07_08.xlsm,Convergences,2025-07,BG,-1.6705626042803345,-46.046352153158665,False
C:\Temp\1-tableaux\GTB\02_205-GTB_SMC_C004_PM002_25_07_08.xlsm,Convergences,2025-07,HG,,-35.58296748196366,True
C:\Temp\1-tableaux\GTB\02_205-GTB_SMC_C004_PM002_25_07_08.xlsm,Convergences,2025-07,HD,0.8874960051903358,11.955718284058836,False
C:\Temp\1-tableaux\GTB\02_205-GTB_SMC_C004_PM002_25_07_08.xlsm,Convergences,2025-07,BD,0.37503276438944155,-9.762098317974475,False
C:\Temp\1-tableaux\GTB\02_205-GTB_SMC_C004_PM002_25_07_08.xlsm,Convergences,2025-07,LH,,-15.132359347951764,True
C:\Temp\1-tableaux\GTB\02_205-GTB_SMC_C004_PM002_25_07_08.xlsm,Convergences,2025-07,LB,-0.41240718838864154,-19.84059262731286,False
C:\Temp\1-tableaux\GTB\02_205-GTB_SMC_C004_PM002_25_07_08.xlsm,Convergences,2025-07,IG,,,
C:\Temp\1-tableaux\GTB\02_205-GTB_SMC_C004_PM002_25_07_08.xlsm,Convergences,2025-07,ID,,,
C:\Temp\1-tableaux\GTB\02_205-GTB_SMC_C004_PM002_25_07_08.xlsm,Convergences,2025-07,LI,,,
C:\Temp\1-tableaux\GTB\02_206-GTB_SMC_C009_PM007_25_07_08.xlsm,Convergences,2025-07,BG,-0.8567227749880431,-37.224225268365885,False
C:\Temp\1-tableaux\GTB\02_206-GTB_SMC_C009_PM007_25_07_08.xlsm,Convergences,2025-07,HG,-0.26812541286736113,-14.580767741058764,False
C:\Temp\1-tableaux\GTB\02_206-GTB_SMC_C009_PM007_25_07_08.xlsm,Convergences,2025-07,HD,-1.5580252606968088,-43.240888488096815,False
C:\Temp\1-tableaux\GTB\02_206-GTB_SMC_C009_PM007_25_07_08.xlsm,Convergences,2025-07,BD,-0.5455317467060183,-56.76987707184722,False
C:\Temp\1-tableaux\GTB\02_206-GTB_SMC_C009_PM007_25_07_08.xlsm,Convergences,2025-07,LH,-1.0574111077064074,-28.52915388512134,False
C:\Temp\1-tableaux\GTB\02_206-GTB_SMC_C009_PM007_25_07_08.xlsm,Convergences,2025-07,LB,0.10493023173552274,-38.10841963409661,False
C:\Temp\1-tableaux\GTB\02_206-GTB_SMC_C009_PM007_25_07_08.xlsm,Convergences,2025-07,IG,,,
C:\Temp\1-tableaux\GTB\02_206-GTB_SMC_C009_PM007_25_07_08.xlsm,Convergences,2025-07,ID,,,
C:\Temp\1-tableaux\GTB\02_206-GTB_SMC_C009_PM007_25_07_08.xlsm,Convergences,2025-07,LI,,,
C:\Temp\1-tableaux\GTB\02_207-GTB-SMC1-T16-PM13_25_07_08.xlsm,Convergences,2025-07,BG,,-4.093113223958333,True
C:\Temp\1-tableaux\GTB\02_207-GTB-SMC1-T16-PM13_25_07_08.xlsm,Convergences,2025-07,HG,-0.15866720774981857,-23.476394496196207,False
C:\Temp\1-tableaux\GTB\02_207-GTB-SMC1-T16-PM13_25_07_08.xlsm,Convergences,2025-07,HD,0.09138709925560207,-29.442975686831296,False
C:\Temp\1-tableaux\GTB\02_207-GTB-SMC1-T16-PM13_25_07_08.xlsm,Convergences,2025-07,BD,,-2.7875198697895343,True
C:\Temp\1-tableaux\GTB\02_207-GTB-SMC1-T16-PM13_25_07_08.xlsm,Convergences,2025-07,LH,,-23.790893647817946,True
C:\Temp\1-tableaux\GTB\02_207-GTB-SMC1-T16-PM13_25_07_08.xlsm,Convergences,2025-07,LB,,-3.769815905106277,True
C:\Temp\1-tableaux\GTB\02_207-GTB-SMC1-T16-PM13_25_07_08.xlsm,Convergences,2025-07,IG,,-17.154587652284725,True
C:\Temp\1-tableaux\GTB\02_207-GTB-SMC1-T16-PM13_25_07_08.xlsm,Convergences,2025-07,ID,,-41.51740101203583,True
C:\Temp\1-tableaux\GTB\02_207-GTB-SMC1-T16-PM13_25_07_08.xlsm,Convergences,2025-07,LI,,-35.3588941901819,True
C:\Temp\1-tableaux\GTB\02_208-GTB-SMC1-T24-PM19_25-07_08.xlsm,Convergences,2025-07,BG,,-1.2277717311839351,True
C:\Temp\1-tableaux\GTB\02_208-GTB-SMC1-T24-PM19_25-07_08.xlsm,Convergences,2025-07,HG,0.1602407813017237,-6.824200351424281,False
C:\Temp\1-tableaux\GTB\02_208-GTB-SMC1-T24-PM19_25-07_08.xlsm,Convergences,2025-07,HD,0.10608482922691387,-12.14157959069695,False
C:\Temp\1-tableaux\GTB\02_208-GTB-SMC1-T24-PM19_25-07_08.xlsm,Convergences,2025-07,BD,,-3.200115249731184,True
C:\Temp\1-tableaux\GTB\02_208-GTB-SMC1-T24-PM19_25-07_08.xlsm,Convergences,2025-07,LH,0.7842771351453948,-23.865464042677864,False
C:\Temp\1-tableaux\GTB\02_208-GTB-SMC1-T24-PM19_25-07_08.xlsm,Convergences,2025-07,LB,,-5.513067442297626,True
C:\Temp\1-tableaux\GTB\02_208-GTB-SMC1-T24-PM19_25-07_08.xlsm,Convergences,2025-07,IG,,-6.871590497156355,True
C:\Temp\1-tableaux\GTB\02_208-GTB-SMC1-T24-PM19_25-07_08.xlsm,Convergences,2025-07,ID,,-3.6555892270753176,True
C:\Temp\1-tableaux\GTB\02_208-GTB-SMC1-T24-PM19_25-07_08.xlsm,Convergences,2025-07,LI,,-33.69286199481536,True
C:\Temp\1-tableaux\GTB\02_209-GTB-SMC1-T32-PM25_25-07-08.xlsm,Convergences,2025-07,BG,,-1.3635319195071105,True
C:\Temp\1-tableaux\GTB\02_209-GTB-SMC1-T32-PM25_25-07-08.xlsm,Convergences,2025-07,HG,-0.1068069166811938,-27.41170550701844,False
C:\Temp\1-tableaux\GTB\02_209-GTB-SMC1-T32-PM25_25-07-08.xlsm,Convergences,2025-07,HD,-0.319807997525956,10.042919707058395,False
C:\Temp\1-tableaux\GTB\02_209-GTB-SMC1-T32-PM25_25-07-08.xlsm,Convergences,2025-07,BD,,-1.1259465600836904,True
C:\Temp\1-tableaux\GTB\02_209-GTB-SMC1-T32-PM25_25-07-08.xlsm,Convergences,2025-07,LH,-1.0875180857512508,-11.898535326504422,False
C:\Temp\1-tableaux\GTB\02_209-GTB-SMC1-T32-PM25_25-07-08.xlsm,Convergences,2025-07,LB,,-2.977319121358235,True
C:\Temp\1-tableaux\GTB\02_209-GTB-SMC1-T32-PM25_25-07-08.xlsm,Convergences,2025-07,IG,,-28.386252741874785,True
C:\Temp\1-tableaux\GTB\02_209-GTB-SMC1-T32-PM25_25-07-08.xlsm,Convergences,2025-07,ID,,7.994902075696864,True
C:\Temp\1-tableaux\GTB\02_209-GTB-SMC1-T32-PM25_25-07-08.xlsm,Convergences,2025-07,LI,,-11.288041661607906,True
