source_file,sheet,month,dates
C:\Temp\1-tableaux\GGS\03_104-GGS_SMC_C003_PM001_25_07-29.xlsm,Convergences,2025-07,2025-07-01;2025-07-08;2025-07-15;2025-07-23;2025-07-29
C:\Temp\1-tableaux\GGS\03_104-GGS_SMC_C003_PM001_25_07-29.xlsm,Déplacements,2025-07,2025-07-01;2025-07-08;2025-07-15;2025-07-23;2025-07-29
C:\Temp\1-tableaux\GGS\03_105-GGS_SMC_C007_PM005_25_07_29.xlsm,Convergences,2025-07,2025-07-01;2025-07-08;2025-07-15;2025-07-23;2025-07-29
C:\Temp\1-tableaux\GGS\03_105-GGS_SMC_C007_PM005_25_07_29.xlsm,Déplacements,2025-07,2025-07-01;2025-07-08;2025-07-15;2025-07-23;2025-07-29
C:\Temp\1-tableaux\GGS\03_106-GGS_SMC_C020_PM005_25_07_29.xlsm,Déplacements,2025-07,2025-07-08;2025-07-15;2025-07-21;2025-07-29
C:\Temp\1-tableaux\GGS\03_106-GGS_SMC_C020_PM005_25_07_29.xlsm,Convergences,2025-07,2025-07-08;2025-07-15;2025-07-21;2025-07-29
C:\Temp\1-tableaux\GGS\03_107-GGS_SMC_C031_PM024_25_07_29.xlsm,Déplacements,2025-07,2025-07-01;2025-07-03;2025-07-07;2025-07-11;2025-07-15;2025-07-17;2025-07-21;2025-07-23;2025-07-29
C:\Temp\1-tableaux\GGS\03_107-GGS_SMC_C031_PM024_25_07_29.xlsm,Convergences,2025-07,2025-07-01;2025-07-03;2025-07-07;2025-07-11;2025-07-15;2025-07-17;2025-07-21;2025-07-23;2025-07-29
C:\Temp\1-tableaux\GHA\04_301-GVA_SMC_C105_C106_25_07_23.xlsm,Convergences,2025-07,2025-07-09;2025-07-23
C:\Temp\1-tableaux\GHA\04_301-GVA_SMC_C105_C106_25_07_23.xlsm,Déplacements,2025-07,2025-07-09;2025-07-23
C:\Temp\1-tableaux\GHA\04_302-GHA_SMC_C04_C05_25_07_23.xlsm,Déplacements,2025-07,2025-07-03;2025-07-09;2025-07-16;2025-07-23
C:\Temp\1-tableaux\GHA\04_302-GHA_SMC_C04_C05_25_07_23.xlsm,Convergences,2025-07,2025-07-03;2025-07-09;2025-07-16;2025-07-23
C:\Temp\1-tableaux\GHA\04_303-GHA_SMC_T15_25_07_23.xlsm,Déplacements,2025-07,2025-07-02;2025-07-09;2025-07-15;2025-07-23
C:\Temp\1-tableaux\GHA\04_303-GHA_SMC_T15_25_07_23.xlsm,Convergences,2025-07,2025-07-02;2025-07-09;2025-07-15;2025-07-23
C:\Temp\1-tableaux\GHA\04_304-GHA_SMC_T28_25_07-25.xlsm,Déplacements,2025-07,2025-07-25
C:\Temp\1-tableaux\GHA\04_304-GHA_SMC_T28_25_07-25.xlsm,Convergences,2025-07,2025-07-25
C:\Temp\1-tableaux\GHA\04_305-GHA_SMC_T41_25_07_30.xlsm,Déplacements,2025-07,2025-07-02;2025-07-09;2025-07-15;2025-07-23;2025-07-30
C:\Temp\1-tableaux\GHA\04_305-GHA_SMC_T41_25_07_30.xlsm,Convergences,2025-07,2025-07-02;2025-07-09;2025-07-15;2025-07-23;2025-07-30
C:\Temp\1-tableaux\GTB\02_201-GT7_SMC_C061_PM57_25_07_08.xlsm,Convergences,2025-07,2025-07-08
C:\Temp\1-tableaux\GTB\02_201-GT7_SMC_C061_PM57_25_07_08.xlsm,Déplacements,2025-07,2025-07-08
C:\Temp\1-tableaux\GTB\02_202-GRD_SMC_T48_PM44_25_07_08.xlsm,Déplacements,2025-07,2025-07-08
C:\Temp\1-tableaux\GTB\02_202-GRD_SMC_T48_PM44_25_07_08.xlsm,Convergences,2025-07,2025-07-08
C:\Temp\1-tableaux\GTB\02_203-GRD_SMC_C52_PM47_25_07_08.xlsm,Convergences,2025-07,2025-07-08
C:\Temp\1-tableaux\GTB\02_203-GRD_SMC_C52_PM47_25_07_08.xlsm,Déplacements,2025-07,2025-07-08
C:\Temp\1-tableaux\GTB\02_204-GRD_SMC_C63_PM57_25_07_08.xlsm,Déplacements,2025-07,2025-07-08
C:\Temp\1-tableaux\GTB\02_204-GRD_SMC_C63_PM57_25_07_08.xlsm,Convergences,2025-07,2025-07-08
C:\Temp\1-tableaux\GTB\02_205-GTB_SMC_C004_PM002_25_07_08.xlsm,Convergences,2025-07,2025-07-08
C:\Temp\1-tableaux\GTB\02_205-GTB_SMC_C004_PM002_25_07_08.xlsm,Déplacements,2025-07,2025-07-08
C:\Temp\1-tableaux\GTB\02_206-GTB_SMC_C009_PM007_25_07_08.xlsm,Déplacements,2025-07,2025-07-08
C:\Temp\1-tableaux\GTB\02_206-GTB_SMC_C009_PM007_25_07_08.xlsm,Convergences,2025-07,2025-07-08
C:\Temp\1-tableaux\GTB\02_207-GTB-SMC1-T16-PM13_25_07_08.xlsm,Déplacements,2025-07,2025-07-08
C:\Temp\1-tableaux\GTB\02_207-GTB-SMC1-T16-PM13_25_07_08.xlsm,Convergences,2025-07,2025-07-08
C:\Temp\1-tableaux\GTB\02_208-GTB-SMC1-T24-PM19_25-07_08.xlsm,Déplacements,2025-07,2025-07-08
C:\Temp\1-tableaux\GTB\02_208-GTB-SMC1-T24-PM19_25-07_08.xlsm,Convergences,2025-07,2025-07-08
C:\Temp\1-tableaux\GTB\02_209-GTB-SMC1-T32-PM25_25-07-08.xlsm,Déplacements,2025-07,2025-07-08
C:\Temp\1-tableaux\GTB\02_209-GTB-SMC1-T32-PM25_25-07-08.xlsm,Convergences,2025-07,2025-07-08
