#Nom du point;Est ;Nord;Hauteur;PM Tunnel;PM 3D;Coordonnée X/L;Coordonnée Y/H ;Valeur de déviation;Remarque;Unnamed: 10;Angle (degres)
1;823283.340603;1091528.57314;-122.988765171;13.4001052121;13.4007752006;5.07818254092;-0.353766222667;0.140490001873;;;86.01498822683773
2;823283.327422;1091528.61124;-122.674545979;13.4042631262;13.4049333226;5.03807843541;-0.0395886098754;0.088233974256;;;89.54978597337654
3;823283.333583;1091528.56852;-122.382853968;13.3917898337;13.3924594064;5.07940459973;0.252228133711;0.135663193646;;;87.15719698253636
4;823283.306812;1091528.64502;-122.074812266;13.3998623136;13.4005322899;4.99875160686;0.560189110509;0.080042690338;;;83.60578121235808
5;823283.274101;1091528.70209;-121.77139369;13.39433459;13.39500429;4.93321040321;0.863662963925;0.0582410682419;;;80.0697974433695
6;823283.262914;1091528.73146;-121.473019845;13.3966124398;13.3972822537;4.90185763668;1.16201403101;0.0877063132472;;;76.66387307552019
7;823283.230766;1091528.76998;-121.171230375;13.3837545654;13.3844237364;4.85336358932;1.46393207904;0.119342685413;;;73.21498334388887
8;823283.200861;1091528.85888;-120.879557536;13.3942271188;13.3948968135;4.7601528661;1.75550019254;0.123542769566;;;69.7564938479298
9;823283.154485;1091528.96365;-120.595444582;13.3964762793;13.3971460864;4.64560026976;2.039590655;0.123611327881;;;66.29674573836878
10;823283.110492;1091529.07118;-120.305934314;13.4020514205;13.4027215064;4.52955715941;2.32904517167;0.143264127457;;;62.78830383276157
11;823283.04437;1091529.1963;-120.036314803;13.395010769;13.3956805028;4.38820736784;2.59873508933;0.149979212477;;;59.36560871427976
12;823282.931897;1091529.41805;-119.805626407;13.3867976457;13.3874669689;4.13970452561;2.82950561655;0.0643050957658;;;55.64722767706848
13;823282.866782;1091529.59459;-119.55140773;13.402399412;13.4030695152;3.95218415909;3.08356827552;0.062798912498;;;52.03797663338
14;823282.78912;1091529.75843;-119.31017753;13.4012587045;13.4019287507;3.77087758915;3.32480988323;0.0773132538142;;;48.597143875208246
15;823282.700873;1091529.92006;-119.06889773;13.3895946503;13.3902641133;3.58709443129;3.56620632368;0.108169036522;;;45.167306960445465
16;823282.625839;1091530.09324;-118.837524006;13.3947838932;13.3954536156;3.39843318017;3.79752815517;0.146132667959;;;41.825572751259294
17;823282.511706;1091530.27605;-118.616001572;13.3686135345;13.3692819484;3.18450816521;4.01931229312;0.177959005679;;;38.38984695423871
18;823282.421236;1091530.4948;-118.416707462;13.3790736119;13.3797425488;2.94802314243;4.21850180222;0.196513179195;;;34.947073515173216
19;823282.297844;1091530.73288;-118.237120549;13.3678688576;13.3685372343;2.68009894628;4.39820076236;0.200446612464;;;31.356566134455434
20;823282.21276;1091530.96659;-118.056444264;13.3895341696;13.3902036296;2.43232995042;4.57866039442;0.234627276394;;;27.978660610312378
21;823282.082154;1091531.28425;-117.967988219;13.4054257613;13.4060960158;2.08923325809;4.66695752364;0.163256118574;;;24.116389021790752
22;823281.977281;1091531.50503;-117.785136254;13.4036894557;13.4043596234;1.8448234173;4.84982685144;0.238852852985;;;20.826291410006217
23;823281.868113;1091531.77658;-117.67874615;13.4195219877;13.420192947;1.5525783174;4.95605862987;0.243555292317;;;17.3941435532935
24;823281.746451;1091532.06923;-117.60967283;13.432947379;13.4336190095;1.2359324148;5.02499769607;0.224759006893;;;13.818006227367466
25;823281.616595;1091532.35206;-117.55225779;13.4347973046;13.4354690276;0.924720690109;5.08239423712;0.21583386649;;;10.311928725872827
26;823281.498912;1091532.60309;-117.437997212;13.4342386606;13.4349103558;0.647476806742;5.19666040139;0.286841179814;;;7.1021555183675895
27;823281.322486;1091532.91597;-117.498251454;13.4065826194;13.4072529318;0.289349348059;5.13668271995;0.194825790117;;;3.224064197585954
28;823281.203875;1091533.1966;-117.494465538;13.4176956038;13.4183664718;-0.0151179564991;5.14035750627;0.190379737416;;;-0.16850824165115352
29;823281.071349;1091533.48766;-117.517556753;13.4206014084;13.4212724217;-0.334912584906;5.11723723324;0.178185189795;;;-3.744549760223285
30;823280.935836;1091533.77942;-117.584968703;13.4210990885;13.4217701267;-0.656607235371;5.04982030609;0.142329347685;;;-7.408369249105024
31;823280.801091;1091534.07174;-117.642508386;13.422530104;13.4232012137;-0.978487424781;4.99226631275;0.137254719185;;;-11.089431206936952
32;823280.673631;1091534.35679;-117.682860905;13.4274880015;13.4281593591;-1.29069392601;4.95186421547;0.167308864932;;;-14.608992034734666
33;823280.541492;1091534.63944;-117.702540752;13.4271915444;13.4278628872;-1.60270514579;4.93218733206;0.236052030482;;;-18.001474556679256
34;823280.413629;1091534.92628;-117.756574815;13.4325441504;13.4332157608;-1.91671084357;4.87809974355;0.291148496832;;;-21.450936491609273
35;823280.283493;1091535.1916;-117.891266051;13.4267376347;13.4274089548;-2.21216885006;4.74346657295;0.283943651767;;;-25.002520618494152
36;823280.134362;1091535.44115;-118.02457543;13.3970564203;13.3977262564;-2.50137009549;4.61045400608;0.29529679778;;;-28.481739871155092
37;823280.037167;1091535.71802;-118.144088652;13.4259843121;13.4266555945;-2.79336955633;4.49065150513;0.338559767907;;;-31.88330779645977
38;823279.925125;1091535.97571;-118.336278643;13.4333567274;13.4340283784;-3.07427357125;4.29838778985;0.33462823506;;;-35.57293750285367
39;823279.821237;1091536.20662;-118.562771845;13.4367956114;13.4374674344;-3.32745067881;4.07186019926;0.308514381671;;;-39.2550740047338
40;823279.680265;1091536.42329;-118.78312393;13.4006086208;13.4012786345;-3.58339904383;3.85186998361;0.310955338906;;;-42.93207589892222
41;823279.568583;1091536.65365;-119.010697188;13.3967514198;13.3974212406;-3.83937252477;3.62433529794;0.329828381289;;;-46.65029479681664
42;823279.505149;1091536.88906;-119.262406171;13.4387586269;13.439430548;-4.07953585423;3.37220624319;0.342861960464;;;-50.422347915931006
43;823279.387271;1091537.06387;-119.54128201;13.4058078412;13.4064781149;-4.2877832457;3.09365991127;0.337326054701;;;-54.18933798513755
44;823279.31829;1091537.26884;-119.815610569;13.4299228602;13.4305943395;-4.50270608983;2.81909020228;0.362403570885;;;-57.949811962079536
45;823279.255819;1091537.39525;-120.136461016;13.4267316089;13.4274029286;-4.64367167683;2.49827166748;0.323049209588;;;-61.71997523876353
46;823279.17821;1091537.49586;-120.462032031;13.3989177598;13.3995876889;-4.76765452551;2.17297879137;0.289500596652;;;-65.49767703029107
47;823279.167992;1091537.57497;-120.79684862;13.4230926452;13.423763783;-4.84367056349;1.83792045336;0.230646303356;;;-69.22085737266421
48;823279.126456;1091537.64154;-121.122411983;13.4135822029;13.4142528652;-4.92155250009;1.51245219543;0.198707668392;;;-72.91717807181081
49;823279.099962;1091537.68789;-121.449863861;13.4091637542;13.4098341957;-4.97476428938;1.18504450128;0.163962280358;;;-76.60121548830419
50;823279.053549;1091537.75907;-121.773709302;13.3971819861;13.3978518285;-5.05888665589;0.861318878163;0.181686312216;;;-80.33755568198573
51;823279.048119;1091537.7826;-122.089007567;13.4022047595;13.402874853;-5.08250309073;0.54597038525;0.161743472517;;;-83.86870991784377
52;823279.020124;1091537.84923;-122.425395565;13.4049938879;13.4056641209;-5.15472343667;0.209554496407;0.208981178054;;;-87.67204183590393
53;823279.019963;1091537.81201;-122.729790684;13.3891191657;13.3897886049;-5.12106156681;-0.0946818752401;0.17193676538;;;-88.94079503426872
54;823279.064139;1091537.82137;-122.893733846;13.4331124878;13.4337841266;-5.11087743577;-0.25906497054;0.167439088294;;;-87.09822109462705
