galerie;section;type;mode;DPM BG;DH BG;DZ BG;DPM IG;DH IG;DZ IG;DPM HG;DH HG;DZ HG;DPM CH;DH CH;DZ CH;DPM HD;DH HD;DZ HD;DPM ID;DH ID;DZ ID;DPM BD;DH BD;DZ BD;DZ CH x2;VITESSE EVOL DZ;DGRD4+ BD;DGRD4+ BG;DGRD4+ CH;DGRD4+ HD;DGRD4+ HG;DGVA+ BD;DGVA+ BG;DGVA+ CH;DGVA+ HG;DGGS+ BD;DGGS+ BG;DGGS+ CH;DGGS+ HG;DGRD6+ BD;DGRD6+ BG;DGRD6+ CH;DGRD6+ HD;DGRD6+ HG
GER;T109;Déplacements;périodique;0.05;0.36;0;;;;-0.04;0.31;-0.1;0.32;0.26;-0.4;0.54;0.25;0;;;;;;;;;;;;;;;;;;;;;;;;;;
GER;T109;Déplacements;cumulé;-2.56;18.69;-1.49;;;;-0.82;15.39;-5.46;-3.78;9.57;-43.29;-1.96;-9.69;-5.84;;;;-3.1;;2.33;;;;;;;;;;;;;;;;;;;;
GER;T131;Déplacements;périodique;-1;0.97;0.3;;;;-0.14;-0.18;0;-0.76;-0.02;-0.5;-0.5;-0.24;-0.1;;;;-1.21;;0;;;;;;;;;;;;;;;;;;;;
GER;T131;Déplacements;cumulé;2.27;20.29;3.8;;;;-0.87;15.12;-6.33;-3.94;2.46;-31.9;-1.94;-12.96;-6.9;;;;-4.29;;2.67;;;;;;;;;;;;;;;;;;;;
GER;T163;Déplacements;périodique;0.24;0.66;0.6;;;;1.3;0.05;-0.7;0.76;0.02;-0.2;-0.06;-0.21;0.1;;;;0.98;;0.6;;;;;;;;;;;;;;;;;;;;
GER;T163;Déplacements;cumulé;-0.18;9.85;2.9;;;;1.94;11.94;-7.52;-3.58;3.41;-37.5;-0.72;-9.57;-6.1;;;;-0.17;;-0.2;;;;;;;;;;;;;;;;;;;;
GER;T92;Déplacements;périodique;-2.42;-0.02;1.1;;;;;;;-2.88;-0.68;-0.3;-3.08;0.27;0.3;;;;-1.78;;0.7;;;;;;;;;;;;;;;;;;;;
GER;T92;Déplacements;cumulé;-2.2;19.39;5.5;;;;-1.9;14.01;-7.8;-13.54;-2.67;-53.4;-4.47;-16.69;-11.5;;;;-4.8;;4.1;;;;;;;;;;;;;;;;;;;;
GGS;C003;Déplacements;périodique;-0.2;0.9;0.3;;;;0.01;0.45;0.2;0.14;0.18;-0.5;;;;;;;0.42;0.53;0.2;;;;;;;;;;;;;;;;;;;;
GGS;C003;Déplacements;cumulé;-9.58;9.66;0.3;;;;-7.68;7.23;-8.8;-4.05;0.65;-11;-6.26;-3.14;-7.1;;;;-7.24;-7.9;3.6;;;;;;;;;;;;;;;;;;;;
GGS;C007;Déplacements;périodique;-0.78;0.96;0.3;;;;-0.48;0.33;-0.2;-1.73;2.06;-2;;;;;;;-0.5;-0.34;0.4;;;;;;;;;;;;;;;;;;;;
GGS;C007;Déplacements;cumulé;-7.08;12.59;0.8;;;;-2.53;8.86;-4.5;-12.8;-15.02;-23.85;-3.13;-5.82;-7.18;;;;-3.11;-13.81;-7.8;;;;;;;;;;;;;;;;;;;;
GGS;C020;Déplacements;périodique;;;;-0.16;0.59;0.5;-0.74;0.65;-0.2;0.63;0.3;-3.4;;;;-0.48;-2.76;0.1;;;;-6.8;;;;;;;;;;;;;;;;;;;
GGS;C020;Déplacements;cumulé;0;0;0;-1.85;15.8;-10.1;-1.61;11.5;-13.5;16.14;6.31;-65.6;0.19;-9.4;-5.6;-1.01;-15.59;-6.8;0;0;0;-131.2;;;;;;;;;;;;;;;;;;;
GGS;C031;Déplacements;périodique;;;;-0.99;8.04;-3.4;-0.13;1.7;-2.7;-2.05;0.37;-3.7;-1.35;-3.72;-3.3;-3.37;-6.98;-7.7;;;;-7.4;;;;;;;;;;;;;;;;;;;
GGS;C031;Déplacements;cumulé;0;0;0;-2.55;26.29;-11.7;-0.46;5.96;-12;-7.14;0.64;-15.7;-2.53;-10.89;-12.1;-10.39;-21.5;-19.9;0;0;0;-31.4;;;;;;;;;;;;;;;;;;;
GHA;C04;Déplacements;périodique;1.54;-0.83;-0.2;1.42;-0.55;0.3;0.59;0.16;-0.3;0.48;-0.55;-1.5;0.62;-0.15;-0.1;0.59;-0.33;-0.05;;;;-3;;;;;;;;;;;;;;;;;;;
GHA;C04;Déplacements;cumulé;1.38;1.53;0.1;5.47;23.16;-13.33;7.17;26.62;-20.85;44.67;9.74;-79.1;5.5;-5.05;-31.15;5.11;-19.47;-14.1;1.88;-1.44;-4.3;-158.2;;;;;;;;;;;;;;;;;;;
GHA;T15;Déplacements;périodique;0.99;0.35;0.1;1.61;-0.02;0.25;0.5;0.23;0;0.4;-0.15;-1.1;0.41;-0.64;-0.15;0.82;-0.11;0.25;0.26;-0.32;0.2;-2.2;;;;;;;;;;;;;;;;;;;
GHA;T15;Déplacements;cumulé;0.09;1.7;0.4;-6.68;25.68;-24.8;-7.95;15.16;-17.3;-10.77;-1.27;-72.9;-0.48;-15.78;-12.4;0.31;-34.5;7.5;-2.85;-3.18;1.55;-145.8;;;;;;;;;;;;;;;;;;;
GHA;T28;Déplacements;périodique;-1.03;0.48;0.23;-0.02;-0.27;0.27;0.11;-0.87;0.4;0.02;-0.21;-0.9;0.65;-0.36;0.2;0.26;-0.25;0.3;0.11;-0.87;0.33;-1.8;;;;;;;;;;;;;;;;;;;
GHA;T28;Déplacements;cumulé;-1.04;1.06;-0.1;2.22;32.15;-27.2;-0.35;6.9;-26;-7.83;6.39;-55.9;1.07;-13.18;-14.4;-0.93;-30.89;-15.9;-1.97;-1.69;0.3;-111.8;;;;;;;;;;;;;;;;;;;
GHA;T41;Déplacements;périodique;;;;;;;-0.27;-0.13;-0.4;-0.06;-0.58;-0.8;1.3;-1.38;0.8;;;;;;;-1.6;;;;;;;;;;;;;;;;;;;
GHA;T41;Déplacements;cumulé;0;0;0;3.16;15.93;-5;0.72;5.08;-10.8;-0.53;-2.89;-24;0.11;-5.68;-7.4;-0.05;-13.38;-4.9;0;0;0;-48;;;;;;;;;;;;;;;;;;;
GRD;C105;Déplacements;périodique;;;-0.6;;;;;;0.5;;;-0.5;;;0.9;;;;;;0.3;;;-1.15;-0.69;-0.05;0.95;0.07;-1.31;2.43;4.61;-0.63;;;;;;;;;
GRD;C105;Déplacements;cumulé;;;-1.2;;;;;;-4.4;;;-4.3;;;-0.5;;;;;;-0.8;;;-0.99;-5.61;0.15;2.28;-0.42;-1.67;5.88;10.55;4.44;;;;;;;;;
GRD;C116;Déplacements;périodique;;;0.4;;;;;;;;;-0.5;;;0.1;;;;;;0.3;;;;;;;;;;;;0.46;0.8;0.49;;1.22;-0.65;-1.55;0.63;
GRD;C116;Déplacements;cumulé;;;6.4;;;;;;-1.8;;;-4.3;;;-4.2;;;;;;0.5;;;;;;;;;;;;-6.51;0.72;-4.87;0.15;-5.68;-2.71;-3.35;-2.65;-2.05
GVA;C001;Déplacements;périodique;;;-0.4;;;;;;0.8;;;-0.1;;;-0.9;;;;;;0.7;;;;;;;;;;;;-1.46;-0.66;0.69;-0.74;-2.19;1.19;-0.88;-3.3;1.01
GVA;C001;Déplacements;cumulé;;;-2;;;;;;-0.4;;;-1.4;;;-1.7;;;;;;-0.1;;;;;;;;;;;;-3.52;-1.86;-0.47;-1.79;-0.45;2.41;0.88;-2.06;1.61
GVA;C105;Déplacements;périodique;0.33;0.48;0.5;;;;0.91;0.42;0.6;0.68;0.43;-1;1.03;0.15;-0.6;;;;0.83;-0.83;0.5;;;;;;;;;;;;;;;;;;;;
GVA;C105;Déplacements;cumulé;0.37;2.14;0.91;;;;-3.74;13.93;0.4;-20.96;1.65;-57.3;-0.37;-13.41;1.8;;;;0.78;-4.92;2.09;;;;;;;;;;;;;;;;;;;;
