source_file;sheet;galerie;section;month;metric;periodic_mm;cumulative_mm;date_last_in_month;date_last_before_month;date_last_cumulative;nb_dates_in_month;nb_dates_before_month
C:\data\11-CHANTIERS\BURE\10-ACTIVITES\Rapports d'activité\2025\250902-rapport mensuel septembre\1-tableaux\GER\01_44-B-GER-SMC1-T92-PM_106-25-09-10.xlsm;Déplacements;GER;T92;2025-09;DPM bas gauche;-2.42;-2.2;10/09/2025;17/06/2025;10/09/2025;1;99
C:\data\11-CHANTIERS\BURE\10-ACTIVITES\Rapports d'activité\2025\250902-rapport mensuel septembre\1-tableaux\GER\01_44-B-GER-SMC1-T92-PM_106-25-09-10.xlsm;Déplacements;GER;T92;2025-09;DH bas gauche;-0.02;19.39;10/09/2025;17/06/2025;10/09/2025;1;99
C:\data\11-CHANTIERS\BURE\10-ACTIVITES\Rapports d'activité\2025\250902-rapport mensuel septembre\1-tableaux\GER\01_44-B-GER-SMC1-T92-PM_106-25-09-10.xlsm;Déplacements;GER;T92;2025-09;DZ bas gauche;1.1;5.5;10/09/2025;17/06/2025;10/09/2025;1;99
C:\data\11-CHANTIERS\BURE\10-ACTIVITES\Rapports d'activité\2025\250902-rapport mensuel septembre\1-tableaux\GER\01_44-B-GER-SMC1-T92-PM_106-25-09-10.xlsm;Déplacements;GER;T92;2025-09;DPM haut gauche;;-1.9;;27/05/2024;27/05/2024;1;99
C:\data\11-CHANTIERS\BURE\10-ACTIVITES\Rapports d'activité\2025\250902-rapport mensuel septembre\1-tableaux\GER\01_44-B-GER-SMC1-T92-PM_106-25-09-10.xlsm;Déplacements;GER;T92;2025-09;DH haut gauche;;14.01;;27/05/2024;27/05/2024;1;99
C:\data\11-CHANTIERS\BURE\10-ACTIVITES\Rapports d'activité\2025\250902-rapport mensuel septembre\1-tableaux\GER\01_44-B-GER-SMC1-T92-PM_106-25-09-10.xlsm;Déplacements;GER;T92;2025-09;DZ haut gauche;;-7.8;;27/05/2024;27/05/2024;1;99
C:\data\11-CHANTIERS\BURE\10-ACTIVITES\Rapports d'activité\2025\250902-rapport mensuel septembre\1-tableaux\GER\01_44-B-GER-SMC1-T92-PM_106-25-09-10.xlsm;Déplacements;GER;T92;2025-09;DPM centre haut;-2.88;-13.54;10/09/2025;17/06/2025;10/09/2025;1;99
C:\data\11-CHANTIERS\BURE\10-ACTIVITES\Rapports d'activité\2025\250902-rapport mensuel septembre\1-tableaux\GER\01_44-B-GER-SMC1-T92-PM_106-25-09-10.xlsm;Déplacements;GER;T92;2025-09;DH centre haut;-0.68;-2.67;10/09/2025;17/06/2025;10/09/2025;1;99
C:\data\11-CHANTIERS\BURE\10-ACTIVITES\Rapports d'activité\2025\250902-rapport mensuel septembre\1-tableaux\GER\01_44-B-GER-SMC1-T92-PM_106-25-09-10.xlsm;Déplacements;GER;T92;2025-09;DZ centre haut;-0.3;-53.4;10/09/2025;17/06/2025;10/09/2025;1;99
C:\data\11-CHANTIERS\BURE\10-ACTIVITES\Rapports d'activité\2025\250902-rapport mensuel septembre\1-tableaux\GER\01_44-B-GER-SMC1-T92-PM_106-25-09-10.xlsm;Déplacements;GER;T92;2025-09;DPM haut droit;-3.08;-4.47;10/09/2025;17/06/2025;10/09/2025;1;99
C:\data\11-CHANTIERS\BURE\10-ACTIVITES\Rapports d'activité\2025\250902-rapport mensuel septembre\1-tableaux\GER\01_44-B-GER-SMC1-T92-PM_106-25-09-10.xlsm;Déplacements;GER;T92;2025-09;DH haut droit;-1.44;-11.24;10/09/2025;17/06/2025;10/09/2025;1;99
C:\data\11-CHANTIERS\BURE\10-ACTIVITES\Rapports d'activité\2025\250902-rapport mensuel septembre\1-tableaux\GER\01_44-B-GER-SMC1-T92-PM_106-25-09-10.xlsm;Déplacements;GER;T92;2025-09;DZ haut droit;0.3;-11.5;10/09/2025;17/06/2025;10/09/2025;1;99
C:\data\11-CHANTIERS\BURE\10-ACTIVITES\Rapports d'activité\2025\250902-rapport mensuel septembre\1-tableaux\GER\01_44-B-GER-SMC1-T92-PM_106-25-09-10.xlsm;Déplacements;GER;T92;2025-09;DPM bas droit;-1.78;-4.8;10/09/2025;17/06/2025;10/09/2025;1;99
C:\data\11-CHANTIERS\BURE\10-ACTIVITES\Rapports d'activité\2025\250902-rapport mensuel septembre\1-tableaux\GER\01_44-B-GER-SMC1-T92-PM_106-25-09-10.xlsm;Déplacements;GER;T92;2025-09;DH bas droit;0.27;-16.69;10/09/2025;17/06/2025;10/09/2025;1;99
C:\data\11-CHANTIERS\BURE\10-ACTIVITES\Rapports d'activité\2025\250902-rapport mensuel septembre\1-tableaux\GER\01_44-B-GER-SMC1-T92-PM_106-25-09-10.xlsm;Déplacements;GER;T92;2025-09;DZ bas droit;0.7;4.1;10/09/2025;17/06/2025;10/09/2025;1;99
C:\data\11-CHANTIERS\BURE\10-ACTIVITES\Rapports d'activité\2025\250902-rapport mensuel septembre\1-tableaux\GER\01_44-B-GER-SMC1-T92-PM_106-25-09-10.xlsm;Déplacements;GER;T92;2025-09;DZ centre haut x2;;;;;;;
"(interpolé)""";-0.6;-106.8;10/09/2025;17/06/2025;10/09/2025;1;99;;;;;
C:\data\11-CHANTIERS\BURE\10-ACTIVITES\Rapports d'activité\2025\250902-rapport mensuel septembre\1-tableaux\GER\01_44-B-GER-SMC1-T92-PM_106-25-09-10.xlsm;Déplacements;GER;T92;2025-09;VITESSE EVOL DZ;;;;;;1;99
C:\data\11-CHANTIERS\BURE\10-ACTIVITES\Rapports d'activité\2025\250902-rapport mensuel septembre\1-tableaux\GER\01_45-B-GER-SMC1-T109-PM_120-25-09-10.xlsm;Déplacements;GER;T109;2025-09;DPM bas gauche;0.05;-2.56;08/09/2025;18/06/2025;08/09/2025;1;82
C:\data\11-CHANTIERS\BURE\10-ACTIVITES\Rapports d'activité\2025\250902-rapport mensuel septembre\1-tableaux\GER\01_45-B-GER-SMC1-T109-PM_120-25-09-10.xlsm;Déplacements;GER;T109;2025-09;DH bas gauche;0.36;18.69;08/09/2025;18/06/2025;08/09/2025;1;82
C:\data\11-CHANTIERS\BURE\10-ACTIVITES\Rapports d'activité\2025\250902-rapport mensuel septembre\1-tableaux\GER\01_45-B-GER-SMC1-T109-PM_120-25-09-10.xlsm;Déplacements;GER;T109;2025-09;DZ bas gauche;0;-1.49;08/09/2025;18/06/2025;08/09/2025;1;82
C:\data\11-CHANTIERS\BURE\10-ACTIVITES\Rapports d'activité\2025\250902-rapport mensuel septembre\1-tableaux\GER\01_45-B-GER-SMC1-T109-PM_120-25-09-10.xlsm;Déplacements;GER;T109;2025-09;DPM haut gauche;-0.04;-0.82;08/09/2025;18/06/2025;08/09/2025;1;82
C:\data\11-CHANTIERS\BURE\10-ACTIVITES\Rapports d'activité\2025\250902-rapport mensuel septembre\1-tableaux\GER\01_45-B-GER-SMC1-T109-PM_120-25-09-10.xlsm;Déplacements;GER;T109;2025-09;DH haut gauche;0.31;15.39;08/09/2025;18/06/2025;08/09/2025;1;82
C:\data\11-CHANTIERS\BURE\10-ACTIVITES\Rapports d'activité\2025\250902-rapport mensuel septembre\1-tableaux\GER\01_45-B-GER-SMC1-T109-PM_120-25-09-10.xlsm;Déplacements;GER;T109;2025-09;DZ haut gauche;-0.1;-5.46;08/09/2025;18/06/2025;08/09/2025;1;82
C:\data\11-CHANTIERS\BURE\10-ACTIVITES\Rapports d'activité\2025\250902-rapport mensuel septembre\1-tableaux\GER\01_45-B-GER-SMC1-T109-PM_120-25-09-10.xlsm;Déplacements;GER;T109;2025-09;DPM centre haut;0.32;-3.78;08/09/2025;18/06/2025;08/09/2025;1;82
C:\data\11-CHANTIERS\BURE\10-ACTIVITES\Rapports d'activité\2025\250902-rapport mensuel septembre\1-tableaux\GER\01_45-B-GER-SMC1-T109-PM_120-25-09-10.xlsm;Déplacements;GER;T109;2025-09;DH centre haut;0.26;9.57;08/09/2025;18/06/2025;08/09/2025;1;82
C:\data\11-CHANTIERS\BURE\10-ACTIVITES\Rapports d'activité\2025\250902-rapport mensuel septembre\1-tableaux\GER\01_45-B-GER-SMC1-T109-PM_120-25-09-10.xlsm;Déplacements;GER;T109;2025-09;DZ centre haut;-0.4;-43.29;08/09/2025;18/06/2025;08/09/2025;1;82
C:\data\11-CHANTIERS\BURE\10-ACTIVITES\Rapports d'activité\2025\250902-rapport mensuel septembre\1-tableaux\GER\01_45-B-GER-SMC1-T109-PM_120-25-09-10.xlsm;Déplacements;GER;T109;2025-09;DPM haut droit;0.54;-1.96;08/09/2025;18/06/2025;08/09/2025;1;82
C:\data\11-CHANTIERS\BURE\10-ACTIVITES\Rapports d'activité\2025\250902-rapport mensuel septembre\1-tableaux\GER\01_45-B-GER-SMC1-T109-PM_120-25-09-10.xlsm;Déplacements;GER;T109;2025-09;DH haut droit;0.25;-9.69;08/09/2025;18/06/2025;08/09/2025;1;82
C:\data\11-CHANTIERS\BURE\10-ACTIVITES\Rapports d'activité\2025\250902-rapport mensuel septembre\1-tableaux\GER\01_45-B-GER-SMC1-T109-PM_120-25-09-10.xlsm;Déplacements;GER;T109;2025-09;DZ haut droit;0;-5.84;08/09/2025;18/06/2025;08/09/2025;1;82
C:\data\11-CHANTIERS\BURE\10-ACTIVITES\Rapports d'activité\2025\250902-rapport mensuel septembre\1-tableaux\GER\01_45-B-GER-SMC1-T109-PM_120-25-09-10.xlsm;Déplacements;GER;T109;2025-09;DPM bas droit;;-3.1;;30/04/2024;30/04/2024;1;82
C:\data\11-CHANTIERS\BURE\10-ACTIVITES\Rapports d'activité\2025\250902-rapport mensuel septembre\1-tableaux\GER\01_45-B-GER-SMC1-T109-PM_120-25-09-10.xlsm;Déplacements;GER;T109;2025-09;DH bas droit;;-11.78;;30/04/2024;30/04/2024;1;82
C:\data\11-CHANTIERS\BURE\10-ACTIVITES\Rapports d'activité\2025\250902-rapport mensuel septembre\1-tableaux\GER\01_45-B-GER-SMC1-T109-PM_120-25-09-10.xlsm;Déplacements;GER;T109;2025-09;DZ bas droit;;2.33;;30/04/2024;30/04/2024;1;82
C:\data\11-CHANTIERS\BURE\10-ACTIVITES\Rapports d'activité\2025\250902-rapport mensuel septembre\1-tableaux\GER\01_45-B-GER-SMC1-T109-PM_120-25-09-10.xlsm;Déplacements;GER;T109;2025-09;DZ centre haut x2;;;;;;;
"(interpolé)""";-0.8;-86.57;08/09/2025;18/06/2025;08/09/2025;1;82;;;;;
C:\data\11-CHANTIERS\BURE\10-ACTIVITES\Rapports d'activité\2025\250902-rapport mensuel septembre\1-tableaux\GER\01_45-B-GER-SMC1-T109-PM_120-25-09-10.xlsm;Déplacements;GER;T109;2025-09;VITESSE EVOL DZ;;;;;;1;82
C:\data\11-CHANTIERS\BURE\10-ACTIVITES\Rapports d'activité\2025\250902-rapport mensuel septembre\1-tableaux\GER\01_46-B-GER-SMC1-T131-PM_138-25-09-08.xlsm;Déplacements;GER;T131;2025-09;DPM bas gauche;-1;2.27;08/09/2025;18/06/2025;08/09/2025;1;73
C:\data\11-CHANTIERS\BURE\10-ACTIVITES\Rapports d'activité\2025\250902-rapport mensuel septembre\1-tableaux\GER\01_46-B-GER-SMC1-T131-PM_138-25-09-08.xlsm;Déplacements;GER;T131;2025-09;DH bas gauche;0.97;20.29;08/09/2025;18/06/2025;08/09/2025;1;73
C:\data\11-CHANTIERS\BURE\10-ACTIVITES\Rapports d'activité\2025\250902-rapport mensuel septembre\1-tableaux\GER\01_46-B-GER-SMC1-T131-PM_138-25-09-08.xlsm;Déplacements;GER;T131;2025-09;DZ bas gauche;0.3;3.8;08/09/2025;18/06/2025;08/09/2025;1;73
C:\data\11-CHANTIERS\BURE\10-ACTIVITES\Rapports d'activité\2025\250902-rapport mensuel septembre\1-tableaux\GER\01_46-B-GER-SMC1-T131-PM_138-25-09-08.xlsm;Déplacements;GER;T131;2025-09;DPM haut gauche;-0.14;-0.87;08/09/2025;18/06/2025;08/09/2025;1;73
C:\data\11-CHANTIERS\BURE\10-ACTIVITES\Rapports d'activité\2025\250902-rapport mensuel septembre\1-tableaux\GER\01_46-B-GER-SMC1-T131-PM_138-25-09-08.xlsm;Déplacements;GER;T131;2025-09;DH haut gauche;-0.18;15.12;08/09/2025;18/06/2025;08/09/2025;1;73
C:\data\11-CHANTIERS\BURE\10-ACTIVITES\Rapports d'activité\2025\250902-rapport mensuel septembre\1-tableaux\GER\01_46-B-GER-SMC1-T131-PM_138-25-09-08.xlsm;Déplacements;GER;T131;2025-09;DZ haut gauche;0;-6.33;08/09/2025;18/06/2025;08/09/2025;1;73
C:\data\11-CHANTIERS\BURE\10-ACTIVITES\Rapports d'activité\2025\250902-rapport mensuel septembre\1-tableaux\GER\01_46-B-GER-SMC1-T131-PM_138-25-09-08.xlsm;Déplacements;GER;T131;2025-09;DPM centre haut;-0.76;-3.94;08/09/2025;18/06/2025;08/09/2025;1;73
C:\data\11-CHANTIERS\BURE\10-ACTIVITES\Rapports d'activité\2025\250902-rapport mensuel septembre\1-tableaux\GER\01_46-B-GER-SMC1-T131-PM_138-25-09-08.xlsm;Déplacements;GER;T131;2025-09;DH centre haut;-0.02;2.46;08/09/2025;18/06/2025;08/09/2025;1;73
C:\data\11-CHANTIERS\BURE\10-ACTIVITES\Rapports d'activité\2025\250902-rapport mensuel septembre\1-tableaux\GER\01_46-B-GER-SMC1-T131-PM_138-25-09-08.xlsm;Déplacements;GER;T131;2025-09;DZ centre haut;-0.5;-31.9;08/09/2025;18/06/2025;08/09/2025;1;73
C:\data\11-CHANTIERS\BURE\10-ACTIVITES\Rapports d'activité\2025\250902-rapport mensuel septembre\1-tableaux\GER\01_46-B-GER-SMC1-T131-PM_138-25-09-08.xlsm;Déplacements;GER;T131;2025-09;DPM haut droit;-0.5;-1.94;08/09/2025;18/06/2025;08/09/2025;1;73
C:\data\11-CHANTIERS\BURE\10-ACTIVITES\Rapports d'activité\2025\250902-rapport mensuel septembre\1-tableaux\GER\01_46-B-GER-SMC1-T131-PM_138-25-09-08.xlsm;Déplacements;GER;T131;2025-09;DH haut droit;-0.12;-11.46;08/09/2025;18/06/2025;08/09/2025;1;73
C:\data\11-CHANTIERS\BURE\10-ACTIVITES\Rapports d'activité\2025\250902-rapport mensuel septembre\1-tableaux\GER\01_46-B-GER-SMC1-T131-PM_138-25-09-08.xlsm;Déplacements;GER;T131;2025-09;DZ haut droit;-0.1;-6.9;08/09/2025;18/06/2025;08/09/2025;1;73
C:\data\11-CHANTIERS\BURE\10-ACTIVITES\Rapports d'activité\2025\250902-rapport mensuel septembre\1-tableaux\GER\01_46-B-GER-SMC1-T131-PM_138-25-09-08.xlsm;Déplacements;GER;T131;2025-09;DPM bas droit;-1.21;-4.29;08/09/2025;18/06/2025;08/09/2025;1;73
C:\data\11-CHANTIERS\BURE\10-ACTIVITES\Rapports d'activité\2025\250902-rapport mensuel septembre\1-tableaux\GER\01_46-B-GER-SMC1-T131-PM_138-25-09-08.xlsm;Déplacements;GER;T131;2025-09;DH bas droit;-0.24;-12.96;08/09/2025;18/06/2025;08/09/2025;1;73
C:\data\11-CHANTIERS\BURE\10-ACTIVITES\Rapports d'activité\2025\250902-rapport mensuel septembre\1-tableaux\GER\01_46-B-GER-SMC1-T131-PM_138-25-09-08.xlsm;Déplacements;GER;T131;2025-09;DZ bas droit;0;2.67;08/09/2025;18/06/2025;08/09/2025;1;73
C:\data\11-CHANTIERS\BURE\10-ACTIVITES\Rapports d'activité\2025\250902-rapport mensuel septembre\1-tableaux\GER\01_46-B-GER-SMC1-T131-PM_138-25-09-08.xlsm;Déplacements;GER;T131;2025-09;DZ centre haut x2;;;;;;;
"(interpolé)""";-1;-63.8;08/09/2025;18/06/2025;08/09/2025;1;73;;;;;
C:\data\11-CHANTIERS\BURE\10-ACTIVITES\Rapports d'activité\2025\250902-rapport mensuel septembre\1-tableaux\GER\01_46-B-GER-SMC1-T131-PM_138-25-09-08.xlsm;Déplacements;GER;T131;2025-09;VITESSE EVOL DZ;;;;;;1;73
C:\data\11-CHANTIERS\BURE\10-ACTIVITES\Rapports d'activité\2025\250902-rapport mensuel septembre\1-tableaux\GER\01_47-B-GER-SMC1-T163-PM_162_6-25-09-08.xlsm;Déplacements;GER;T163;2025-09;DPM bas gauche;0.24;-0.18;08/09/2025;18/06/2025;08/09/2025;1;40
C:\data\11-CHANTIERS\BURE\10-ACTIVITES\Rapports d'activité\2025\250902-rapport mensuel septembre\1-tableaux\GER\01_47-B-GER-SMC1-T163-PM_162_6-25-09-08.xlsm;Déplacements;GER;T163;2025-09;DH bas gauche;0.66;9.85;08/09/2025;18/06/2025;08/09/2025;1;40
C:\data\11-CHANTIERS\BURE\10-ACTIVITES\Rapports d'activité\2025\250902-rapport mensuel septembre\1-tableaux\GER\01_47-B-GER-SMC1-T163-PM_162_6-25-09-08.xlsm;Déplacements;GER;T163;2025-09;DZ bas gauche;0.6;2.9;08/09/2025;18/06/2025;08/09/2025;1;40
C:\data\11-CHANTIERS\BURE\10-ACTIVITES\Rapports d'activité\2025\250902-rapport mensuel septembre\1-tableaux\GER\01_47-B-GER-SMC1-T163-PM_162_6-25-09-08.xlsm;Déplacements;GER;T163;2025-09;DPM haut gauche;1.3;1.94;08/09/2025;18/06/2025;08/09/2025;1;40
C:\data\11-CHANTIERS\BURE\10-ACTIVITES\Rapports d'activité\2025\250902-rapport mensuel septembre\1-tableaux\GER\01_47-B-GER-SMC1-T163-PM_162_6-25-09-08.xlsm;Déplacements;GER;T163;2025-09;DH haut gauche;0.05;11.94;08/09/2025;18/06/2025;08/09/2025;1;40
C:\data\11-CHANTIERS\BURE\10-ACTIVITES\Rapports d'activité\2025\250902-rapport mensuel septembre\1-tableaux\GER\01_47-B-GER-SMC1-T163-PM_162_6-25-09-08.xlsm;Déplacements;GER;T163;2025-09;DZ haut gauche;-0.7;-7.52;08/09/2025;18/06/2025;08/09/2025;1;40
C:\data\11-CHANTIERS\BURE\10-ACTIVITES\Rapports d'activité\2025\250902-rapport mensuel septembre\1-tableaux\GER\01_47-B-GER-SMC1-T163-PM_162_6-25-09-08.xlsm;Déplacements;GER;T163;2025-09;DPM centre haut;0.76;-3.58;08/09/2025;18/06/2025;08/09/2025;1;40
C:\data\11-CHANTIERS\BURE\10-ACTIVITES\Rapports d'activité\2025\250902-rapport mensuel septembre\1-tableaux\GER\01_47-B-GER-SMC1-T163-PM_162_6-25-09-08.xlsm;Déplacements;GER;T163;2025-09;DH centre haut;0.02;3.41;08/09/2025;18/06/2025;08/09/2025;1;40
C:\data\11-CHANTIERS\BURE\10-ACTIVITES\Rapports d'activité\2025\250902-rapport mensuel septembre\1-tableaux\GER\01_47-B-GER-SMC1-T163-PM_162_6-25-09-08.xlsm;Déplacements;GER;T163;2025-09;DZ centre haut;-0.2;-37.5;08/09/2025;18/06/2025;08/09/2025;1;40
C:\data\11-CHANTIERS\BURE\10-ACTIVITES\Rapports d'activité\2025\250902-rapport mensuel septembre\1-tableaux\GER\01_47-B-GER-SMC1-T163-PM_162_6-25-09-08.xlsm;Déplacements;GER;T163;2025-09;DPM haut droit;-0.06;-0.72;08/09/2025;18/06/2025;08/09/2025;1;40
C:\data\11-CHANTIERS\BURE\10-ACTIVITES\Rapports d'activité\2025\250902-rapport mensuel septembre\1-tableaux\GER\01_47-B-GER-SMC1-T163-PM_162_6-25-09-08.xlsm;Déplacements;GER;T163;2025-09;DH haut droit;-0.58;-10.05;08/09/2025;18/06/2025;08/09/2025;1;40
C:\data\11-CHANTIERS\BURE\10-ACTIVITES\Rapports d'activité\2025\250902-rapport mensuel septembre\1-tableaux\GER\01_47-B-GER-SMC1-T163-PM_162_6-25-09-08.xlsm;Déplacements;GER;T163;2025-09;DZ haut droit;0.1;-6.1;08/09/2025;18/06/2025;08/09/2025;1;40
C:\data\11-CHANTIERS\BURE\10-ACTIVITES\Rapports d'activité\2025\250902-rapport mensuel septembre\1-tableaux\GER\01_47-B-GER-SMC1-T163-PM_162_6-25-09-08.xlsm;Déplacements;GER;T163;2025-09;DPM bas droit;0.98;-0.17;08/09/2025;18/06/2025;08/09/2025;1;40
C:\data\11-CHANTIERS\BURE\10-ACTIVITES\Rapports d'activité\2025\250902-rapport mensuel septembre\1-tableaux\GER\01_47-B-GER-SMC1-T163-PM_162_6-25-09-08.xlsm;Déplacements;GER;T163;2025-09;DH bas droit;-0.21;-9.57;08/09/2025;18/06/2025;08/09/2025;1;40
C:\data\11-CHANTIERS\BURE\10-ACTIVITES\Rapports d'activité\2025\250902-rapport mensuel septembre\1-tableaux\GER\01_47-B-GER-SMC1-T163-PM_162_6-25-09-08.xlsm;Déplacements;GER;T163;2025-09;DZ bas droit;0.6;-0.2;08/09/2025;18/06/2025;08/09/2025;1;40
C:\data\11-CHANTIERS\BURE\10-ACTIVITES\Rapports d'activité\2025\250902-rapport mensuel septembre\1-tableaux\GER\01_47-B-GER-SMC1-T163-PM_162_6-25-09-08.xlsm;Déplacements;GER;T163;2025-09;DZ centre haut x2;;;;;;;
"(interpolé)""";-0.4;-75;08/09/2025;18/06/2025;08/09/2025;1;40;;;;;
C:\data\11-CHANTIERS\BURE\10-ACTIVITES\Rapports d'activité\2025\250902-rapport mensuel septembre\1-tableaux\GER\01_47-B-GER-SMC1-T163-PM_162_6-25-09-08.xlsm;Déplacements;GER;T163;2025-09;VITESSE EVOL DZ;;;;;;1;40
C:\data\11-CHANTIERS\BURE\10-ACTIVITES\Rapports d'activité\2025\250902-rapport mensuel septembre\1-tableaux\GGS\03_101-GVA_SMC_C001_PM001_25_09_10.xlsm;Déplacements;GVA;C001;2025-09;DGRD6+ bas gauche;1.19;2.41;10/09/2025;17/06/2025;10/09/2025;1;37
C:\data\11-CHANTIERS\BURE\10-ACTIVITES\Rapports d'activité\2025\250902-rapport mensuel septembre\1-tableaux\GGS\03_101-GVA_SMC_C001_PM001_25_09_10.xlsm;Déplacements;GVA;C001;2025-09;DGGS+ bas gauche;-0.66;-1.86;10/09/2025;17/06/2025;10/09/2025;1;37
C:\data\11-CHANTIERS\BURE\10-ACTIVITES\Rapports d'activité\2025\250902-rapport mensuel septembre\1-tableaux\GGS\03_101-GVA_SMC_C001_PM001_25_09_10.xlsm;Déplacements;GVA;C001;2025-09;DZ bas gauche;-0.4;-2;10/09/2025;17/06/2025;10/09/2025;1;37
C:\data\11-CHANTIERS\BURE\10-ACTIVITES\Rapports d'activité\2025\250902-rapport mensuel septembre\1-tableaux\GGS\03_101-GVA_SMC_C001_PM001_25_09_10.xlsm;Déplacements;GVA;C001;2025-09;DGRD6+ haut gauche;1.01;1.61;10/09/2025;17/06/2025;10/09/2025;1;37
C:\data\11-CHANTIERS\BURE\10-ACTIVITES\Rapports d'activité\2025\250902-rapport mensuel septembre\1-tableaux\GGS\03_101-GVA_SMC_C001_PM001_25_09_10.xlsm;Déplacements;GVA;C001;2025-09;DGGS+ haut gauche;-0.74;-1.79;10/09/2025;17/06/2025;10/09/2025;1;37
C:\data\11-CHANTIERS\BURE\10-ACTIVITES\Rapports d'activité\2025\250902-rapport mensuel septembre\1-tableaux\GGS\03_101-GVA_SMC_C001_PM001_25_09_10.xlsm;Déplacements;GVA;C001;2025-09;DZ haut gauche;0.8;-0.4;10/09/2025;17/06/2025;10/09/2025;1;37
C:\data\11-CHANTIERS\BURE\10-ACTIVITES\Rapports d'activité\2025\250902-rapport mensuel septembre\1-tableaux\GGS\03_101-GVA_SMC_C001_PM001_25_09_10.xlsm;Déplacements;GVA;C001;2025-09;DGRD6+ centre haut;-0.88;0.88;10/09/2025;17/06/2025;10/09/2025;1;37
C:\data\11-CHANTIERS\BURE\10-ACTIVITES\Rapports d'activité\2025\250902-rapport mensuel septembre\1-tableaux\GGS\03_101-GVA_SMC_C001_PM001_25_09_10.xlsm;Déplacements;GVA;C001;2025-09;DGGS+ centre haut;0.69;-0.47;10/09/2025;17/06/2025;10/09/2025;1;37
C:\data\11-CHANTIERS\BURE\10-ACTIVITES\Rapports d'activité\2025\250902-rapport mensuel septembre\1-tableaux\GGS\03_101-GVA_SMC_C001_PM001_25_09_10.xlsm;Déplacements;GVA;C001;2025-09;DZ centre haut;-0.1;-1.4;10/09/2025;17/06/2025;10/09/2025;1;37
C:\data\11-CHANTIERS\BURE\10-ACTIVITES\Rapports d'activité\2025\250902-rapport mensuel septembre\1-tableaux\GGS\03_101-GVA_SMC_C001_PM001_25_09_10.xlsm;Déplacements;GVA;C001;2025-09;DGRD6+ haut droit;-3.3;-2.06;10/09/2025;17/06/2025;10/09/2025;1;37
C:\data\11-CHANTIERS\BURE\10-ACTIVITES\Rapports d'activité\2025\250902-rapport mensuel septembre\1-tableaux\GGS\03_101-GVA_SMC_C001_PM001_25_09_10.xlsm;Déplacements;GVA;C001;2025-09;DGGS+ haut droit;-1.43;-3.39;10/09/2025;17/06/2025;10/09/2025;1;37
C:\data\11-CHANTIERS\BURE\10-ACTIVITES\Rapports d'activité\2025\250902-rapport mensuel septembre\1-tableaux\GGS\03_101-GVA_SMC_C001_PM001_25_09_10.xlsm;Déplacements;GVA;C001;2025-09;DZ haut droit;-0.9;-1.7;10/09/2025;17/06/2025;10/09/2025;1;37
C:\data\11-CHANTIERS\BURE\10-ACTIVITES\Rapports d'activité\2025\250902-rapport mensuel septembre\1-tableaux\GGS\03_101-GVA_SMC_C001_PM001_25_09_10.xlsm;Déplacements;GVA;C001;2025-09;DGRD6+ bas droit;-2.19;-0.45;10/09/2025;17/06/2025;10/09/2025;1;37
C:\data\11-CHANTIERS\BURE\10-ACTIVITES\Rapports d'activité\2025\250902-rapport mensuel septembre\1-tableaux\GGS\03_101-GVA_SMC_C001_PM001_25_09_10.xlsm;Déplacements;GVA;C001;2025-09;DGGS+ bas droit;-1.46;-3.52;10/09/2025;17/06/2025;10/09/2025;1;37
C:\data\11-CHANTIERS\BURE\10-ACTIVITES\Rapports d'activité\2025\250902-rapport mensuel septembre\1-tableaux\GGS\03_101-GVA_SMC_C001_PM001_25_09_10.xlsm;Déplacements;GVA;C001;2025-09;DZ bas droit;0.7;-0.1;10/09/2025;17/06/2025;10/09/2025;1;37
C:\data\11-CHANTIERS\BURE\10-ACTIVITES\Rapports d'activité\2025\250902-rapport mensuel septembre\1-tableaux\GGS\03_101-GVA_SMC_C001_PM001_25_09_10.xlsm;Déplacements;GVA;C001;2025-09;DZ centre haut x2;;;;;;;
"(interpolé)""";-0.2;-2.8;10/09/2025;17/06/2025;10/09/2025;1;37;;;;;
C:\data\11-CHANTIERS\BURE\10-ACTIVITES\Rapports d'activité\2025\250902-rapport mensuel septembre\1-tableaux\GGS\03_101-GVA_SMC_C001_PM001_25_09_10.xlsm;Déplacements;GVA;C001;2025-09;VITESSE EVOL DZ;;;;;;1;37
C:\data\11-CHANTIERS\BURE\10-ACTIVITES\Rapports d'activité\2025\250902-rapport mensuel septembre\1-tableaux\GGS\03_102-B-GRD_SMC_C105_PM163_25_09_10.xlsm;Déplacements;GRD;C105;2025-09;DGRD4+ bas gauche;-0.69;-5.61;10/09/2025;28/03/2025;10/09/2025;1;37
C:\data\11-CHANTIERS\BURE\10-ACTIVITES\Rapports d'activité\2025\250902-rapport mensuel septembre\1-tableaux\GGS\03_102-B-GRD_SMC_C105_PM163_25_09_10.xlsm;Déplacements;GRD;C105;2025-09;DGVA+ bas gauche;2.43;5.88;10/09/2025;28/03/2025;10/09/2025;1;37
C:\data\11-CHANTIERS\BURE\10-ACTIVITES\Rapports d'activité\2025\250902-rapport mensuel septembre\1-tableaux\GGS\03_102-B-GRD_SMC_C105_PM163_25_09_10.xlsm;Déplacements;GRD;C105;2025-09;DZ bas gauche;-0.6;-1.2;10/09/2025;28/03/2025;10/09/2025;1;37
C:\data\11-CHANTIERS\BURE\10-ACTIVITES\Rapports d'activité\2025\250902-rapport mensuel septembre\1-tableaux\GGS\03_102-B-GRD_SMC_C105_PM163_25_09_10.xlsm;Déplacements;GRD;C105;2025-09;DGRD4+ haut gauche;0.07;-0.42;10/09/2025;17/06/2025;10/09/2025;1;37
C:\data\11-CHANTIERS\BURE\10-ACTIVITES\Rapports d'activité\2025\250902-rapport mensuel septembre\1-tableaux\GGS\03_102-B-GRD_SMC_C105_PM163_25_09_10.xlsm;Déplacements;GRD;C105;2025-09;DGVA+ haut gauche;-0.63;4.44;10/09/2025;17/06/2025;10/09/2025;1;37
C:\data\11-CHANTIERS\BURE\10-ACTIVITES\Rapports d'activité\2025\250902-rapport mensuel septembre\1-tableaux\GGS\03_102-B-GRD_SMC_C105_PM163_25_09_10.xlsm;Déplacements;GRD;C105;2025-09;DZ haut gauche;0.5;-4.4;10/09/2025;17/06/2025;10/09/2025;1;37
C:\data\11-CHANTIERS\BURE\10-ACTIVITES\Rapports d'activité\2025\250902-rapport mensuel septembre\1-tableaux\GGS\03_102-B-GRD_SMC_C105_PM163_25_09_10.xlsm;Déplacements;GRD;C105;2025-09;DGRD4+ centre haut;-0.05;0.15;10/09/2025;17/06/2025;10/09/2025;1;37
C:\data\11-CHANTIERS\BURE\10-ACTIVITES\Rapports d'activité\2025\250902-rapport mensuel septembre\1-tableaux\GGS\03_102-B-GRD_SMC_C105_PM163_25_09_10.xlsm;Déplacements;GRD;C105;2025-09;DGVA+ centre haut;4.61;10.55;10/09/2025;17/06/2025;10/09/2025;1;37
C:\data\11-CHANTIERS\BURE\10-ACTIVITES\Rapports d'activité\2025\250902-rapport mensuel septembre\1-tableaux\GGS\03_102-B-GRD_SMC_C105_PM163_25_09_10.xlsm;Déplacements;GRD;C105;2025-09;DZ centre haut;-0.5;-4.3;10/09/2025;17/06/2025;10/09/2025;1;37
C:\data\11-CHANTIERS\BURE\10-ACTIVITES\Rapports d'activité\2025\250902-rapport mensuel septembre\1-tableaux\GGS\03_102-B-GRD_SMC_C105_PM163_25_09_10.xlsm;Déplacements;GRD;C105;2025-09;DGRD4+ haut droit;0.95;2.28;10/09/2025;17/06/2025;10/09/2025;1;37
C:\data\11-CHANTIERS\BURE\10-ACTIVITES\Rapports d'activité\2025\250902-rapport mensuel septembre\1-tableaux\GGS\03_102-B-GRD_SMC_C105_PM163_25_09_10.xlsm;Déplacements;GRD;C105;2025-09;DGVA+ haut droit;-1.1;0.07;10/09/2025;17/06/2025;10/09/2025;1;37
C:\data\11-CHANTIERS\BURE\10-ACTIVITES\Rapports d'activité\2025\250902-rapport mensuel septembre\1-tableaux\GGS\03_102-B-GRD_SMC_C105_PM163_25_09_10.xlsm;Déplacements;GRD;C105;2025-09;DZ haut droit;0.9;-0.5;10/09/2025;17/06/2025;10/09/2025;1;37
C:\data\11-CHANTIERS\BURE\10-ACTIVITES\Rapports d'activité\2025\250902-rapport mensuel septembre\1-tableaux\GGS\03_102-B-GRD_SMC_C105_PM163_25_09_10.xlsm;Déplacements;GRD;C105;2025-09;DGRD4+ bas droit;-1.15;-0.99;10/09/2025;17/06/2025;10/09/2025;1;37
C:\data\11-CHANTIERS\BURE\10-ACTIVITES\Rapports d'activité\2025\250902-rapport mensuel septembre\1-tableaux\GGS\03_102-B-GRD_SMC_C105_PM163_25_09_10.xlsm;Déplacements;GRD;C105;2025-09;DGVA+ bas droit;-1.31;-1.67;10/09/2025;17/06/2025;10/09/2025;1;37
C:\data\11-CHANTIERS\BURE\10-ACTIVITES\Rapports d'activité\2025\250902-rapport mensuel septembre\1-tableaux\GGS\03_102-B-GRD_SMC_C105_PM163_25_09_10.xlsm;Déplacements;GRD;C105;2025-09;DZ bas droit;0.3;-0.8;10/09/2025;17/06/2025;10/09/2025;1;37
C:\data\11-CHANTIERS\BURE\10-ACTIVITES\Rapports d'activité\2025\250902-rapport mensuel septembre\1-tableaux\GGS\03_102-B-GRD_SMC_C105_PM163_25_09_10.xlsm;Déplacements;GRD;C105;2025-09;DZ centre haut x2;;;;;;;
"(interpolé)""";-1;-8.6;10/09/2025;17/06/2025;10/09/2025;1;37;;;;;
C:\data\11-CHANTIERS\BURE\10-ACTIVITES\Rapports d'activité\2025\250902-rapport mensuel septembre\1-tableaux\GGS\03_102-B-GRD_SMC_C105_PM163_25_09_10.xlsm;Déplacements;GRD;C105;2025-09;VITESSE EVOL DZ;;;;;;1;37
C:\data\11-CHANTIERS\BURE\10-ACTIVITES\Rapports d'activité\2025\250902-rapport mensuel septembre\1-tableaux\GGS\03_103-GRD_SMC_C116_PM172_25-09-10.xlsm;Déplacements;GRD;C116;2025-09;DGRD6+ bas gauche;-0.65;-2.71;10/09/2025;17/06/2025;10/09/2025;1;35
C:\data\11-CHANTIERS\BURE\10-ACTIVITES\Rapports d'activité\2025\250902-rapport mensuel septembre\1-tableaux\GGS\03_103-GRD_SMC_C116_PM172_25-09-10.xlsm;Déplacements;GRD;C116;2025-09;DGGS+ bas gauche;0.8;0.72;10/09/2025;17/06/2025;10/09/2025;1;35
C:\data\11-CHANTIERS\BURE\10-ACTIVITES\Rapports d'activité\2025\250902-rapport mensuel septembre\1-tableaux\GGS\03_103-GRD_SMC_C116_PM172_25-09-10.xlsm;Déplacements;GRD;C116;2025-09;DZ bas gauche;0.4;6.4;10/09/2025;17/06/2025;10/09/2025;1;35
C:\data\11-CHANTIERS\BURE\10-ACTIVITES\Rapports d'activité\2025\250902-rapport mensuel septembre\1-tableaux\GGS\03_103-GRD_SMC_C116_PM172_25-09-10.xlsm;Déplacements;GRD;C116;2025-09;DGRD6+ haut gauche;;-2.05;;14/01/2025;14/01/2025;1;35
C:\data\11-CHANTIERS\BURE\10-ACTIVITES\Rapports d'activité\2025\250902-rapport mensuel septembre\1-tableaux\GGS\03_103-GRD_SMC_C116_PM172_25-09-10.xlsm;Déplacements;GRD;C116;2025-09;DGGS+ haut gauche;;0.15;;14/01/2025;14/01/2025;1;35
C:\data\11-CHANTIERS\BURE\10-ACTIVITES\Rapports d'activité\2025\250902-rapport mensuel septembre\1-tableaux\GGS\03_103-GRD_SMC_C116_PM172_25-09-10.xlsm;Déplacements;GRD;C116;2025-09;DZ haut gauche;;-1.8;;14/01/2025;14/01/2025;1;35
C:\data\11-CHANTIERS\BURE\10-ACTIVITES\Rapports d'activité\2025\250902-rapport mensuel septembre\1-tableaux\GGS\03_103-GRD_SMC_C116_PM172_25-09-10.xlsm;Déplacements;GRD;C116;2025-09;DGRD6+ centre haut;-1.55;-3.35;10/09/2025;17/06/2025;10/09/2025;1;35
C:\data\11-CHANTIERS\BURE\10-ACTIVITES\Rapports d'activité\2025\250902-rapport mensuel septembre\1-tableaux\GGS\03_103-GRD_SMC_C116_PM172_25-09-10.xlsm;Déplacements;GRD;C116;2025-09;DGGS+ centre haut;0.49;-4.87;10/09/2025;17/06/2025;10/09/2025;1;35
C:\data\11-CHANTIERS\BURE\10-ACTIVITES\Rapports d'activité\2025\250902-rapport mensuel septembre\1-tableaux\GGS\03_103-GRD_SMC_C116_PM172_25-09-10.xlsm;Déplacements;GRD;C116;2025-09;DZ centre haut;-0.5;-4.3;10/09/2025;17/06/2025;10/09/2025;1;35
C:\data\11-CHANTIERS\BURE\10-ACTIVITES\Rapports d'activité\2025\250902-rapport mensuel septembre\1-tableaux\GGS\03_103-GRD_SMC_C116_PM172_25-09-10.xlsm;Déplacements;GRD;C116;2025-09;DGRD6+ haut droit;0.63;-2.65;10/09/2025;17/06/2025;10/09/2025;1;35
C:\data\11-CHANTIERS\BURE\10-ACTIVITES\Rapports d'activité\2025\250902-rapport mensuel septembre\1-tableaux\GGS\03_103-GRD_SMC_C116_PM172_25-09-10.xlsm;Déplacements;GRD;C116;2025-09;DGGS+ haut droit;0.3;-3.55;10/09/2025;17/06/2025;10/09/2025;1;35
C:\data\11-CHANTIERS\BURE\10-ACTIVITES\Rapports d'activité\2025\250902-rapport mensuel septembre\1-tableaux\GGS\03_103-GRD_SMC_C116_PM172_25-09-10.xlsm;Déplacements;GRD;C116;2025-09;DZ haut droit;0.1;-4.2;10/09/2025;17/06/2025;10/09/2025;1;35
C:\data\11-CHANTIERS\BURE\10-ACTIVITES\Rapports d'activité\2025\250902-rapport mensuel septembre\1-tableaux\GGS\03_103-GRD_SMC_C116_PM172_25-09-10.xlsm;Déplacements;GRD;C116;2025-09;DGRD6+ bas droit;1.22;-5.68;10/09/2025;17/06/2025;10/09/2025;1;35
C:\data\11-CHANTIERS\BURE\10-ACTIVITES\Rapports d'activité\2025\250902-rapport mensuel septembre\1-tableaux\GGS\03_103-GRD_SMC_C116_PM172_25-09-10.xlsm;Déplacements;GRD;C116;2025-09;DGGS+ bas droit;0.46;-6.51;10/09/2025;17/06/2025;10/09/2025;1;35
C:\data\11-CHANTIERS\BURE\10-ACTIVITES\Rapports d'activité\2025\250902-rapport mensuel septembre\1-tableaux\GGS\03_103-GRD_SMC_C116_PM172_25-09-10.xlsm;Déplacements;GRD;C116;2025-09;DZ bas droit;0.3;0.5;10/09/2025;17/06/2025;10/09/2025;1;35
C:\data\11-CHANTIERS\BURE\10-ACTIVITES\Rapports d'activité\2025\250902-rapport mensuel septembre\1-tableaux\GGS\03_103-GRD_SMC_C116_PM172_25-09-10.xlsm;Déplacements;GRD;C116;2025-09;DZ centre haut x2;;;;;;;
"(interpolé)""";-1;-8.6;10/09/2025;17/06/2025;10/09/2025;1;35;;;;;
C:\data\11-CHANTIERS\BURE\10-ACTIVITES\Rapports d'activité\2025\250902-rapport mensuel septembre\1-tableaux\GGS\03_103-GRD_SMC_C116_PM172_25-09-10.xlsm;Déplacements;GRD;C116;2025-09;VITESSE EVOL DZ;;;;;;1;35
C:\data\11-CHANTIERS\BURE\10-ACTIVITES\Rapports d'activité\2025\250902-rapport mensuel septembre\1-tableaux\GGS\03_104-GGS_SMC_C003_PM001_25_09_30.xlsm;Déplacements;GGS;C003;2025-09;DPM bas gauche;-0.2;-9.58;30/09/2025;25/08/2025;30/09/2025;4;57
C:\data\11-CHANTIERS\BURE\10-ACTIVITES\Rapports d'activité\2025\250902-rapport mensuel septembre\1-tableaux\GGS\03_104-GGS_SMC_C003_PM001_25_09_30.xlsm;Déplacements;GGS;C003;2025-09;DH bas gauche;0.9;9.66;30/09/2025;25/08/2025;30/09/2025;4;57
C:\data\11-CHANTIERS\BURE\10-ACTIVITES\Rapports d'activité\2025\250902-rapport mensuel septembre\1-tableaux\GGS\03_104-GGS_SMC_C003_PM001_25_09_30.xlsm;Déplacements;GGS;C003;2025-09;DZ bas gauche;0.3;0.3;30/09/2025;25/08/2025;30/09/2025;4;57
C:\data\11-CHANTIERS\BURE\10-ACTIVITES\Rapports d'activité\2025\250902-rapport mensuel septembre\1-tableaux\GGS\03_104-GGS_SMC_C003_PM001_25_09_30.xlsm;Déplacements;GGS;C003;2025-09;DPM haut gauche;0.01;-7.68;30/09/2025;25/08/2025;30/09/2025;4;57
C:\data\11-CHANTIERS\BURE\10-ACTIVITES\Rapports d'activité\2025\250902-rapport mensuel septembre\1-tableaux\GGS\03_104-GGS_SMC_C003_PM001_25_09_30.xlsm;Déplacements;GGS;C003;2025-09;DH haut gauche;0.45;7.23;30/09/2025;25/08/2025;30/09/2025;4;57
C:\data\11-CHANTIERS\BURE\10-ACTIVITES\Rapports d'activité\2025\250902-rapport mensuel septembre\1-tableaux\GGS\03_104-GGS_SMC_C003_PM001_25_09_30.xlsm;Déplacements;GGS;C003;2025-09;DZ haut gauche;0.2;-8.8;30/09/2025;25/08/2025;30/09/2025;4;57
C:\data\11-CHANTIERS\BURE\10-ACTIVITES\Rapports d'activité\2025\250902-rapport mensuel septembre\1-tableaux\GGS\03_104-GGS_SMC_C003_PM001_25_09_30.xlsm;Déplacements;GGS;C003;2025-09;DPM centre haut;0.14;-4.05;30/09/2025;25/08/2025;30/09/2025;4;57
C:\data\11-CHANTIERS\BURE\10-ACTIVITES\Rapports d'activité\2025\250902-rapport mensuel septembre\1-tableaux\GGS\03_104-GGS_SMC_C003_PM001_25_09_30.xlsm;Déplacements;GGS;C003;2025-09;DH centre haut;0.18;0.65;30/09/2025;25/08/2025;30/09/2025;4;57
C:\data\11-CHANTIERS\BURE\10-ACTIVITES\Rapports d'activité\2025\250902-rapport mensuel septembre\1-tableaux\GGS\03_104-GGS_SMC_C003_PM001_25_09_30.xlsm;Déplacements;GGS;C003;2025-09;DZ centre haut;-0.5;-11;30/09/2025;25/08/2025;30/09/2025;4;57
C:\data\11-CHANTIERS\BURE\10-ACTIVITES\Rapports d'activité\2025\250902-rapport mensuel septembre\1-tableaux\GGS\03_104-GGS_SMC_C003_PM001_25_09_30.xlsm;Déplacements;GGS;C003;2025-09;DPM haut droit;;-6.26;;24/02/2025;24/02/2025;4;57
C:\data\11-CHANTIERS\BURE\10-ACTIVITES\Rapports d'activité\2025\250902-rapport mensuel septembre\1-tableaux\GGS\03_104-GGS_SMC_C003_PM001_25_09_30.xlsm;Déplacements;GGS;C003;2025-09;DH haut droit;;-3.14;;24/02/2025;24/02/2025;4;57
C:\data\11-CHANTIERS\BURE\10-ACTIVITES\Rapports d'activité\2025\250902-rapport mensuel septembre\1-tableaux\GGS\03_104-GGS_SMC_C003_PM001_25_09_30.xlsm;Déplacements;GGS;C003;2025-09;DZ haut droit;;-7.1;;24/02/2025;24/02/2025;4;57
C:\data\11-CHANTIERS\BURE\10-ACTIVITES\Rapports d'activité\2025\250902-rapport mensuel septembre\1-tableaux\GGS\03_104-GGS_SMC_C003_PM001_25_09_30.xlsm;Déplacements;GGS;C003;2025-09;DPM bas droit;0.42;-7.24;30/09/2025;25/08/2025;30/09/2025;4;57
C:\data\11-CHANTIERS\BURE\10-ACTIVITES\Rapports d'activité\2025\250902-rapport mensuel septembre\1-tableaux\GGS\03_104-GGS_SMC_C003_PM001_25_09_30.xlsm;Déplacements;GGS;C003;2025-09;DH bas droit;0.53;-7.9;30/09/2025;25/08/2025;30/09/2025;4;57
C:\data\11-CHANTIERS\BURE\10-ACTIVITES\Rapports d'activité\2025\250902-rapport mensuel septembre\1-tableaux\GGS\03_104-GGS_SMC_C003_PM001_25_09_30.xlsm;Déplacements;GGS;C003;2025-09;DZ bas droit;0.2;3.6;30/09/2025;25/08/2025;30/09/2025;4;57
C:\data\11-CHANTIERS\BURE\10-ACTIVITES\Rapports d'activité\2025\250902-rapport mensuel septembre\1-tableaux\GGS\03_104-GGS_SMC_C003_PM001_25_09_30.xlsm;Déplacements;GGS;C003;2025-09;DZ centre haut x2;;;;;;;
"(interpolé)""";-1;-22;30/09/2025;25/08/2025;30/09/2025;4;57;;;;;
C:\data\11-CHANTIERS\BURE\10-ACTIVITES\Rapports d'activité\2025\250902-rapport mensuel septembre\1-tableaux\GGS\03_104-GGS_SMC_C003_PM001_25_09_30.xlsm;Déplacements;GGS;C003;2025-09;VITESSE EVOL DZ;;;;;;4;57
C:\data\11-CHANTIERS\BURE\10-ACTIVITES\Rapports d'activité\2025\250902-rapport mensuel septembre\1-tableaux\GGS\03_105-GGS_SMC_C007_PM005_25_09_30.xlsm;Déplacements;GGS;C007;2025-09;DPM bas gauche;-0.78;-7.08;30/09/2025;25/08/2025;30/09/2025;4;49
C:\data\11-CHANTIERS\BURE\10-ACTIVITES\Rapports d'activité\2025\250902-rapport mensuel septembre\1-tableaux\GGS\03_105-GGS_SMC_C007_PM005_25_09_30.xlsm;Déplacements;GGS;C007;2025-09;DH bas gauche;0.96;12.59;30/09/2025;25/08/2025;30/09/2025;4;49
C:\data\11-CHANTIERS\BURE\10-ACTIVITES\Rapports d'activité\2025\250902-rapport mensuel septembre\1-tableaux\GGS\03_105-GGS_SMC_C007_PM005_25_09_30.xlsm;Déplacements;GGS;C007;2025-09;DZ bas gauche;0.3;0.8;30/09/2025;25/08/2025;30/09/2025;4;49
C:\data\11-CHANTIERS\BURE\10-ACTIVITES\Rapports d'activité\2025\250902-rapport mensuel septembre\1-tableaux\GGS\03_105-GGS_SMC_C007_PM005_25_09_30.xlsm;Déplacements;GGS;C007;2025-09;DPM haut gauche;-0.48;-2.53;30/09/2025;25/08/2025;30/09/2025;4;49
C:\data\11-CHANTIERS\BURE\10-ACTIVITES\Rapports d'activité\2025\250902-rapport mensuel septembre\1-tableaux\GGS\03_105-GGS_SMC_C007_PM005_25_09_30.xlsm;Déplacements;GGS;C007;2025-09;DH haut gauche;0.33;8.86;30/09/2025;25/08/2025;30/09/2025;4;49
C:\data\11-CHANTIERS\BURE\10-ACTIVITES\Rapports d'activité\2025\250902-rapport mensuel septembre\1-tableaux\GGS\03_105-GGS_SMC_C007_PM005_25_09_30.xlsm;Déplacements;GGS;C007;2025-09;DZ haut gauche;-0.2;-4.5;30/09/2025;25/08/2025;30/09/2025;4;49
C:\data\11-CHANTIERS\BURE\10-ACTIVITES\Rapports d'activité\2025\250902-rapport mensuel septembre\1-tableaux\GGS\03_105-GGS_SMC_C007_PM005_25_09_30.xlsm;Déplacements;GGS;C007;2025-09;DPM centre haut;-1.73;-12.8;30/09/2025;25/08/2025;30/09/2025;4;49
C:\data\11-CHANTIERS\BURE\10-ACTIVITES\Rapports d'activité\2025\250902-rapport mensuel septembre\1-tableaux\GGS\03_105-GGS_SMC_C007_PM005_25_09_30.xlsm;Déplacements;GGS;C007;2025-09;DH centre haut;2.06;-15.02;30/09/2025;25/08/2025;30/09/2025;4;49
C:\data\11-CHANTIERS\BURE\10-ACTIVITES\Rapports d'activité\2025\250902-rapport mensuel septembre\1-tableaux\GGS\03_105-GGS_SMC_C007_PM005_25_09_30.xlsm;Déplacements;GGS;C007;2025-09;DZ centre haut;-2;-23.85;30/09/2025;25/08/2025;30/09/2025;4;49
C:\data\11-CHANTIERS\BURE\10-ACTIVITES\Rapports d'activité\2025\250902-rapport mensuel septembre\1-tableaux\GGS\03_105-GGS_SMC_C007_PM005_25_09_30.xlsm;Déplacements;GGS;C007;2025-09;DPM haut droit;;-3.13;;24/02/2025;24/02/2025;4;49
C:\data\11-CHANTIERS\BURE\10-ACTIVITES\Rapports d'activité\2025\250902-rapport mensuel septembre\1-tableaux\GGS\03_105-GGS_SMC_C007_PM005_25_09_30.xlsm;Déplacements;GGS;C007;2025-09;DH haut droit;;-5.82;;24/02/2025;24/02/2025;4;49
C:\data\11-CHANTIERS\BURE\10-ACTIVITES\Rapports d'activité\2025\250902-rapport mensuel septembre\1-tableaux\GGS\03_105-GGS_SMC_C007_PM005_25_09_30.xlsm;Déplacements;GGS;C007;2025-09;DZ haut droit;;-7.18;;24/02/2025;24/02/2025;4;49
C:\data\11-CHANTIERS\BURE\10-ACTIVITES\Rapports d'activité\2025\250902-rapport mensuel septembre\1-tableaux\GGS\03_105-GGS_SMC_C007_PM005_25_09_30.xlsm;Déplacements;GGS;C007;2025-09;DPM bas droit;-0.5;-3.11;30/09/2025;25/08/2025;30/09/2025;4;49
C:\data\11-CHANTIERS\BURE\10-ACTIVITES\Rapports d'activité\2025\250902-rapport mensuel septembre\1-tableaux\GGS\03_105-GGS_SMC_C007_PM005_25_09_30.xlsm;Déplacements;GGS;C007;2025-09;DH bas droit;-0.34;-13.81;30/09/2025;25/08/2025;30/09/2025;4;49
C:\data\11-CHANTIERS\BURE\10-ACTIVITES\Rapports d'activité\2025\250902-rapport mensuel septembre\1-tableaux\GGS\03_105-GGS_SMC_C007_PM005_25_09_30.xlsm;Déplacements;GGS;C007;2025-09;DZ bas droit;0.4;-7.8;30/09/2025;25/08/2025;30/09/2025;4;49
C:\data\11-CHANTIERS\BURE\10-ACTIVITES\Rapports d'activité\2025\250902-rapport mensuel septembre\1-tableaux\GGS\03_105-GGS_SMC_C007_PM005_25_09_30.xlsm;Déplacements;GGS;C007;2025-09;DZ centre haut x2;;;;;;;
"(interpolé)""";-4;-47.7;30/09/2025;25/08/2025;30/09/2025;4;49;;;;;
C:\data\11-CHANTIERS\BURE\10-ACTIVITES\Rapports d'activité\2025\250902-rapport mensuel septembre\1-tableaux\GGS\03_105-GGS_SMC_C007_PM005_25_09_30.xlsm;Déplacements;GGS;C007;2025-09;VITESSE EVOL DZ;;;;;;4;49
C:\data\11-CHANTIERS\BURE\10-ACTIVITES\Rapports d'activité\2025\250902-rapport mensuel septembre\1-tableaux\GGS\03_106-GGS_SMC_C020_PM005_25_09_30.xlsm;Déplacements;GGS;C020;2025-09;DPM bas gauche;;0;;04/04/2025;04/04/2025;5;25
C:\data\11-CHANTIERS\BURE\10-ACTIVITES\Rapports d'activité\2025\250902-rapport mensuel septembre\1-tableaux\GGS\03_106-GGS_SMC_C020_PM005_25_09_30.xlsm;Déplacements;GGS;C020;2025-09;DH bas gauche;;0;;04/04/2025;04/04/2025;5;25
C:\data\11-CHANTIERS\BURE\10-ACTIVITES\Rapports d'activité\2025\250902-rapport mensuel septembre\1-tableaux\GGS\03_106-GGS_SMC_C020_PM005_25_09_30.xlsm;Déplacements;GGS;C020;2025-09;DZ bas gauche;;0;;04/04/2025;04/04/2025;5;25
C:\data\11-CHANTIERS\BURE\10-ACTIVITES\Rapports d'activité\2025\250902-rapport mensuel septembre\1-tableaux\GGS\03_106-GGS_SMC_C020_PM005_25_09_30.xlsm;Déplacements;GGS;C020;2025-09;DPM inter gauche;-0.16;-1.85;30/09/2025;25/08/2025;30/09/2025;5;25
C:\data\11-CHANTIERS\BURE\10-ACTIVITES\Rapports d'activité\2025\250902-rapport mensuel septembre\1-tableaux\GGS\03_106-GGS_SMC_C020_PM005_25_09_30.xlsm;Déplacements;GGS;C020;2025-09;DH inter gauche;0.59;15.8;30/09/2025;25/08/2025;30/09/2025;5;25
C:\data\11-CHANTIERS\BURE\10-ACTIVITES\Rapports d'activité\2025\250902-rapport mensuel septembre\1-tableaux\GGS\03_106-GGS_SMC_C020_PM005_25_09_30.xlsm;Déplacements;GGS;C020;2025-09;DZ inter gauche;0.5;-10.1;30/09/2025;25/08/2025;30/09/2025;5;25
C:\data\11-CHANTIERS\BURE\10-ACTIVITES\Rapports d'activité\2025\250902-rapport mensuel septembre\1-tableaux\GGS\03_106-GGS_SMC_C020_PM005_25_09_30.xlsm;Déplacements;GGS;C020;2025-09;DPM haut gauche;-0.74;-1.61;30/09/2025;25/08/2025;30/09/2025;5;25
C:\data\11-CHANTIERS\BURE\10-ACTIVITES\Rapports d'activité\2025\250902-rapport mensuel septembre\1-tableaux\GGS\03_106-GGS_SMC_C020_PM005_25_09_30.xlsm;Déplacements;GGS;C020;2025-09;DH haut gauche;0.65;11.5;30/09/2025;25/08/2025;30/09/2025;5;25
C:\data\11-CHANTIERS\BURE\10-ACTIVITES\Rapports d'activité\2025\250902-rapport mensuel septembre\1-tableaux\GGS\03_106-GGS_SMC_C020_PM005_25_09_30.xlsm;Déplacements;GGS;C020;2025-09;DZ haut gauche;-0.2;-13.5;30/09/2025;25/08/2025;30/09/2025;5;25
C:\data\11-CHANTIERS\BURE\10-ACTIVITES\Rapports d'activité\2025\250902-rapport mensuel septembre\1-tableaux\GGS\03_106-GGS_SMC_C020_PM005_25_09_30.xlsm;Déplacements;GGS;C020;2025-09;DPM centre haut;0.63;16.14;30/09/2025;25/08/2025;30/09/2025;5;25
C:\data\11-CHANTIERS\BURE\10-ACTIVITES\Rapports d'activité\2025\250902-rapport mensuel septembre\1-tableaux\GGS\03_106-GGS_SMC_C020_PM005_25_09_30.xlsm;Déplacements;GGS;C020;2025-09;DH centre haut;0.3;6.31;30/09/2025;25/08/2025;30/09/2025;5;25
C:\data\11-CHANTIERS\BURE\10-ACTIVITES\Rapports d'activité\2025\250902-rapport mensuel septembre\1-tableaux\GGS\03_106-GGS_SMC_C020_PM005_25_09_30.xlsm;Déplacements;GGS;C020;2025-09;DZ centre haut;-3.4;-65.6;30/09/2025;25/08/2025;30/09/2025;5;25
C:\data\11-CHANTIERS\BURE\10-ACTIVITES\Rapports d'activité\2025\250902-rapport mensuel septembre\1-tableaux\GGS\03_106-GGS_SMC_C020_PM005_25_09_30.xlsm;Déplacements;GGS;C020;2025-09;DPM haut droit;;0.19;;29/07/2025;29/07/2025;5;25
C:\data\11-CHANTIERS\BURE\10-ACTIVITES\Rapports d'activité\2025\250902-rapport mensuel septembre\1-tableaux\GGS\03_106-GGS_SMC_C020_PM005_25_09_30.xlsm;Déplacements;GGS;C020;2025-09;DH haut droit;;-9.4;;29/07/2025;29/07/2025;5;25
C:\data\11-CHANTIERS\BURE\10-ACTIVITES\Rapports d'activité\2025\250902-rapport mensuel septembre\1-tableaux\GGS\03_106-GGS_SMC_C020_PM005_25_09_30.xlsm;Déplacements;GGS;C020;2025-09;DZ haut droit;;-5.6;;29/07/2025;29/07/2025;5;25
C:\data\11-CHANTIERS\BURE\10-ACTIVITES\Rapports d'activité\2025\250902-rapport mensuel septembre\1-tableaux\GGS\03_106-GGS_SMC_C020_PM005_25_09_30.xlsm;Déplacements;GGS;C020;2025-09;DPM inter droit;-0.48;-1.01;30/09/2025;25/08/2025;30/09/2025;5;25
C:\data\11-CHANTIERS\BURE\10-ACTIVITES\Rapports d'activité\2025\250902-rapport mensuel septembre\1-tableaux\GGS\03_106-GGS_SMC_C020_PM005_25_09_30.xlsm;Déplacements;GGS;C020;2025-09;DH inter droit;-2.76;-15.59;30/09/2025;25/08/2025;30/09/2025;5;25
C:\data\11-CHANTIERS\BURE\10-ACTIVITES\Rapports d'activité\2025\250902-rapport mensuel septembre\1-tableaux\GGS\03_106-GGS_SMC_C020_PM005_25_09_30.xlsm;Déplacements;GGS;C020;2025-09;DZ inter droit;0.1;-6.8;30/09/2025;25/08/2025;30/09/2025;5;25
C:\data\11-CHANTIERS\BURE\10-ACTIVITES\Rapports d'activité\2025\250902-rapport mensuel septembre\1-tableaux\GGS\03_106-GGS_SMC_C020_PM005_25_09_30.xlsm;Déplacements;GGS;C020;2025-09;DPM bas droit;;0;;04/04/2025;04/04/2025;5;25
C:\data\11-CHANTIERS\BURE\10-ACTIVITES\Rapports d'activité\2025\250902-rapport mensuel septembre\1-tableaux\GGS\03_106-GGS_SMC_C020_PM005_25_09_30.xlsm;Déplacements;GGS;C020;2025-09;DH bas droit;;0;;04/04/2025;04/04/2025;5;25
C:\data\11-CHANTIERS\BURE\10-ACTIVITES\Rapports d'activité\2025\250902-rapport mensuel septembre\1-tableaux\GGS\03_106-GGS_SMC_C020_PM005_25_09_30.xlsm;Déplacements;GGS;C020;2025-09;DZ bas droit;;0;;04/04/2025;04/04/2025;5;25
C:\data\11-CHANTIERS\BURE\10-ACTIVITES\Rapports d'activité\2025\250902-rapport mensuel septembre\1-tableaux\GGS\03_106-GGS_SMC_C020_PM005_25_09_30.xlsm;Déplacements;GGS;C020;2025-09;DZ centre haut x2;-6.8;-131.2;30/09/2025;25/08/2025;30/09/2025;5;25
C:\data\11-CHANTIERS\BURE\10-ACTIVITES\Rapports d'activité\2025\250902-rapport mensuel septembre\1-tableaux\GGS\03_107-GGS_SMC_C031_PM024_25_09_30.xlsm;Déplacements;GGS;C031;2025-09;DPM bas gauche;;0;;25/06/2025;25/06/2025;5;14
C:\data\11-CHANTIERS\BURE\10-ACTIVITES\Rapports d'activité\2025\250902-rapport mensuel septembre\1-tableaux\GGS\03_107-GGS_SMC_C031_PM024_25_09_30.xlsm;Déplacements;GGS;C031;2025-09;DH bas gauche;;0;;25/06/2025;25/06/2025;5;14
C:\data\11-CHANTIERS\BURE\10-ACTIVITES\Rapports d'activité\2025\250902-rapport mensuel septembre\1-tableaux\GGS\03_107-GGS_SMC_C031_PM024_25_09_30.xlsm;Déplacements;GGS;C031;2025-09;DZ bas gauche;;0;;25/06/2025;25/06/2025;5;14
C:\data\11-CHANTIERS\BURE\10-ACTIVITES\Rapports d'activité\2025\250902-rapport mensuel septembre\1-tableaux\GGS\03_107-GGS_SMC_C031_PM024_25_09_30.xlsm;Déplacements;GGS;C031;2025-09;DPM inter gauche;-0.99;-2.55;30/09/2025;25/08/2025;30/09/2025;5;14
C:\data\11-CHANTIERS\BURE\10-ACTIVITES\Rapports d'activité\2025\250902-rapport mensuel septembre\1-tableaux\GGS\03_107-GGS_SMC_C031_PM024_25_09_30.xlsm;Déplacements;GGS;C031;2025-09;DH inter gauche;8.04;26.29;30/09/2025;25/08/2025;30/09/2025;5;14
C:\data\11-CHANTIERS\BURE\10-ACTIVITES\Rapports d'activité\2025\250902-rapport mensuel septembre\1-tableaux\GGS\03_107-GGS_SMC_C031_PM024_25_09_30.xlsm;Déplacements;GGS;C031;2025-09;DZ inter gauche;-3.4;-11.7;30/09/2025;25/08/2025;30/09/2025;5;14
C:\data\11-CHANTIERS\BURE\10-ACTIVITES\Rapports d'activité\2025\250902-rapport mensuel septembre\1-tableaux\GGS\03_107-GGS_SMC_C031_PM024_25_09_30.xlsm;Déplacements;GGS;C031;2025-09;DPM haut gauche;-0.13;-0.46;30/09/2025;25/08/2025;30/09/2025;5;14
C:\data\11-CHANTIERS\BURE\10-ACTIVITES\Rapports d'activité\2025\250902-rapport mensuel septembre\1-tableaux\GGS\03_107-GGS_SMC_C031_PM024_25_09_30.xlsm;Déplacements;GGS;C031;2025-09;DH haut gauche;1.7;5.96;30/09/2025;25/08/2025;30/09/2025;5;14
C:\data\11-CHANTIERS\BURE\10-ACTIVITES\Rapports d'activité\2025\250902-rapport mensuel septembre\1-tableaux\GGS\03_107-GGS_SMC_C031_PM024_25_09_30.xlsm;Déplacements;GGS;C031;2025-09;DZ haut gauche;-2.7;-12;30/09/2025;25/08/2025;30/09/2025;5;14
C:\data\11-CHANTIERS\BURE\10-ACTIVITES\Rapports d'activité\2025\250902-rapport mensuel septembre\1-tableaux\GGS\03_107-GGS_SMC_C031_PM024_25_09_30.xlsm;Déplacements;GGS;C031;2025-09;DPM centre haut;-2.05;-7.14;30/09/2025;25/08/2025;30/09/2025;5;14
C:\data\11-CHANTIERS\BURE\10-ACTIVITES\Rapports d'activité\2025\250902-rapport mensuel septembre\1-tableaux\GGS\03_107-GGS_SMC_C031_PM024_25_09_30.xlsm;Déplacements;GGS;C031;2025-09;DH centre haut;0.37;0.64;30/09/2025;25/08/2025;30/09/2025;5;14
C:\data\11-CHANTIERS\BURE\10-ACTIVITES\Rapports d'activité\2025\250902-rapport mensuel septembre\1-tableaux\GGS\03_107-GGS_SMC_C031_PM024_25_09_30.xlsm;Déplacements;GGS;C031;2025-09;DZ centre haut;-3.7;-15.7;30/09/2025;25/08/2025;30/09/2025;5;14
C:\data\11-CHANTIERS\BURE\10-ACTIVITES\Rapports d'activité\2025\250902-rapport mensuel septembre\1-tableaux\GGS\03_107-GGS_SMC_C031_PM024_25_09_30.xlsm;Déplacements;GGS;C031;2025-09;DPM haut droit;-1.35;-2.53;30/09/2025;25/08/2025;30/09/2025;5;14
C:\data\11-CHANTIERS\BURE\10-ACTIVITES\Rapports d'activité\2025\250902-rapport mensuel septembre\1-tableaux\GGS\03_107-GGS_SMC_C031_PM024_25_09_30.xlsm;Déplacements;GGS;C031;2025-09;DH haut droit;-3.72;-10.89;30/09/2025;25/08/2025;30/09/2025;5;14
C:\data\11-CHANTIERS\BURE\10-ACTIVITES\Rapports d'activité\2025\250902-rapport mensuel septembre\1-tableaux\GGS\03_107-GGS_SMC_C031_PM024_25_09_30.xlsm;Déplacements;GGS;C031;2025-09;DZ haut droit;-3.3;-12.1;30/09/2025;25/08/2025;30/09/2025;5;14
C:\data\11-CHANTIERS\BURE\10-ACTIVITES\Rapports d'activité\2025\250902-rapport mensuel septembre\1-tableaux\GGS\03_107-GGS_SMC_C031_PM024_25_09_30.xlsm;Déplacements;GGS;C031;2025-09;DPM inter droit;-3.37;-10.39;30/09/2025;25/08/2025;30/09/2025;5;14
C:\data\11-CHANTIERS\BURE\10-ACTIVITES\Rapports d'activité\2025\250902-rapport mensuel septembre\1-tableaux\GGS\03_107-GGS_SMC_C031_PM024_25_09_30.xlsm;Déplacements;GGS;C031;2025-09;DH inter droit;-6.98;-21.5;30/09/2025;25/08/2025;30/09/2025;5;14
C:\data\11-CHANTIERS\BURE\10-ACTIVITES\Rapports d'activité\2025\250902-rapport mensuel septembre\1-tableaux\GGS\03_107-GGS_SMC_C031_PM024_25_09_30.xlsm;Déplacements;GGS;C031;2025-09;DZ inter droit;-7.7;-19.9;30/09/2025;25/08/2025;30/09/2025;5;14
C:\data\11-CHANTIERS\BURE\10-ACTIVITES\Rapports d'activité\2025\250902-rapport mensuel septembre\1-tableaux\GGS\03_107-GGS_SMC_C031_PM024_25_09_30.xlsm;Déplacements;GGS;C031;2025-09;DPM bas droit;;0;;25/06/2025;25/06/2025;5;14
C:\data\11-CHANTIERS\BURE\10-ACTIVITES\Rapports d'activité\2025\250902-rapport mensuel septembre\1-tableaux\GGS\03_107-GGS_SMC_C031_PM024_25_09_30.xlsm;Déplacements;GGS;C031;2025-09;DH bas droit;;0;;25/06/2025;25/06/2025;5;14
C:\data\11-CHANTIERS\BURE\10-ACTIVITES\Rapports d'activité\2025\250902-rapport mensuel septembre\1-tableaux\GGS\03_107-GGS_SMC_C031_PM024_25_09_30.xlsm;Déplacements;GGS;C031;2025-09;DZ bas droit;;0;;25/06/2025;25/06/2025;5;14
C:\data\11-CHANTIERS\BURE\10-ACTIVITES\Rapports d'activité\2025\250902-rapport mensuel septembre\1-tableaux\GGS\03_107-GGS_SMC_C031_PM024_25_09_30.xlsm;Déplacements;GGS;C031;2025-09;DZ centre haut x2;-7.4;-31.4;30/09/2025;25/08/2025;30/09/2025;5;14
C:\data\11-CHANTIERS\BURE\10-ACTIVITES\Rapports d'activité\2025\250902-rapport mensuel septembre\1-tableaux\GHA\04_301-GVA_SMC_C105_C106_25_09_22.xlsm;Déplacements;GVA;C105;2025-09;DPM bas gauche;0.33;0.37;22/09/2025;18/08/2025;22/09/2025;3;60
C:\data\11-CHANTIERS\BURE\10-ACTIVITES\Rapports d'activité\2025\250902-rapport mensuel septembre\1-tableaux\GHA\04_301-GVA_SMC_C105_C106_25_09_22.xlsm;Déplacements;GVA;C105;2025-09;DH bas gauche;0.48;2.14;22/09/2025;18/08/2025;22/09/2025;3;60
C:\data\11-CHANTIERS\BURE\10-ACTIVITES\Rapports d'activité\2025\250902-rapport mensuel septembre\1-tableaux\GHA\04_301-GVA_SMC_C105_C106_25_09_22.xlsm;Déplacements;GVA;C105;2025-09;DZ bas gauche;0.5;0.91;22/09/2025;18/08/2025;22/09/2025;3;60
C:\data\11-CHANTIERS\BURE\10-ACTIVITES\Rapports d'activité\2025\250902-rapport mensuel septembre\1-tableaux\GHA\04_301-GVA_SMC_C105_C106_25_09_22.xlsm;Déplacements;GVA;C105;2025-09;DPM haut gauche;0.91;-3.74;22/09/2025;18/08/2025;22/09/2025;3;60
C:\data\11-CHANTIERS\BURE\10-ACTIVITES\Rapports d'activité\2025\250902-rapport mensuel septembre\1-tableaux\GHA\04_301-GVA_SMC_C105_C106_25_09_22.xlsm;Déplacements;GVA;C105;2025-09;DH haut gauche;0.42;13.93;22/09/2025;18/08/2025;22/09/2025;3;60
C:\data\11-CHANTIERS\BURE\10-ACTIVITES\Rapports d'activité\2025\250902-rapport mensuel septembre\1-tableaux\GHA\04_301-GVA_SMC_C105_C106_25_09_22.xlsm;Déplacements;GVA;C105;2025-09;DZ haut gauche;0.6;0.4;22/09/2025;18/08/2025;22/09/2025;3;60
C:\data\11-CHANTIERS\BURE\10-ACTIVITES\Rapports d'activité\2025\250902-rapport mensuel septembre\1-tableaux\GHA\04_301-GVA_SMC_C105_C106_25_09_22.xlsm;Déplacements;GVA;C105;2025-09;DPM centre haut;0.68;-20.96;22/09/2025;18/08/2025;22/09/2025;3;60
C:\data\11-CHANTIERS\BURE\10-ACTIVITES\Rapports d'activité\2025\250902-rapport mensuel septembre\1-tableaux\GHA\04_301-GVA_SMC_C105_C106_25_09_22.xlsm;Déplacements;GVA;C105;2025-09;DH centre haut;0.43;1.65;22/09/2025;18/08/2025;22/09/2025;3;60
C:\data\11-CHANTIERS\BURE\10-ACTIVITES\Rapports d'activité\2025\250902-rapport mensuel septembre\1-tableaux\GHA\04_301-GVA_SMC_C105_C106_25_09_22.xlsm;Déplacements;GVA;C105;2025-09;DZ centre haut;-1;-57.3;22/09/2025;18/08/2025;22/09/2025;3;60
C:\data\11-CHANTIERS\BURE\10-ACTIVITES\Rapports d'activité\2025\250902-rapport mensuel septembre\1-tableaux\GHA\04_301-GVA_SMC_C105_C106_25_09_22.xlsm;Déplacements;GVA;C105;2025-09;DPM haut droit;1.03;-0.37;22/09/2025;18/08/2025;22/09/2025;3;60
C:\data\11-CHANTIERS\BURE\10-ACTIVITES\Rapports d'activité\2025\250902-rapport mensuel septembre\1-tableaux\GHA\04_301-GVA_SMC_C105_C106_25_09_22.xlsm;Déplacements;GVA;C105;2025-09;DH haut droit;0.15;-13.41;22/09/2025;18/08/2025;22/09/2025;3;60
C:\data\11-CHANTIERS\BURE\10-ACTIVITES\Rapports d'activité\2025\250902-rapport mensuel septembre\1-tableaux\GHA\04_301-GVA_SMC_C105_C106_25_09_22.xlsm;Déplacements;GVA;C105;2025-09;DZ haut droit;-0.6;1.8;22/09/2025;18/08/2025;22/09/2025;3;60
C:\data\11-CHANTIERS\BURE\10-ACTIVITES\Rapports d'activité\2025\250902-rapport mensuel septembre\1-tableaux\GHA\04_301-GVA_SMC_C105_C106_25_09_22.xlsm;Déplacements;GVA;C105;2025-09;DPM bas droit;0.83;0.78;22/09/2025;23/07/2025;22/09/2025;3;60
C:\data\11-CHANTIERS\BURE\10-ACTIVITES\Rapports d'activité\2025\250902-rapport mensuel septembre\1-tableaux\GHA\04_301-GVA_SMC_C105_C106_25_09_22.xlsm;Déplacements;GVA;C105;2025-09;DH bas droit;-0.83;-4.92;22/09/2025;23/07/2025;22/09/2025;3;60
C:\data\11-CHANTIERS\BURE\10-ACTIVITES\Rapports d'activité\2025\250902-rapport mensuel septembre\1-tableaux\GHA\04_301-GVA_SMC_C105_C106_25_09_22.xlsm;Déplacements;GVA;C105;2025-09;DZ bas droit;0.5;2.09;22/09/2025;23/07/2025;22/09/2025;3;60
C:\data\11-CHANTIERS\BURE\10-ACTIVITES\Rapports d'activité\2025\250902-rapport mensuel septembre\1-tableaux\GHA\04_301-GVA_SMC_C105_C106_25_09_22.xlsm;Déplacements;GVA;C105;2025-09;DZ centre haut x2;;;;;;;
"(interpolé)""";-2;-114.6;22/09/2025;18/08/2025;22/09/2025;3;60;;;;;
C:\data\11-CHANTIERS\BURE\10-ACTIVITES\Rapports d'activité\2025\250902-rapport mensuel septembre\1-tableaux\GHA\04_301-GVA_SMC_C105_C106_25_09_22.xlsm;Déplacements;GVA;C105;2025-09;VITESSE EVOL DZ;;;;;;3;60
C:\data\11-CHANTIERS\BURE\10-ACTIVITES\Rapports d'activité\2025\250902-rapport mensuel septembre\1-tableaux\GHA\04_302-GHA_SMC_C04_C05_25_09_22.xlsm;Déplacements;GHA;C04;2025-09;DPM bas gauche;1.54;1.38;22/09/2025;18/08/2025;22/09/2025;3;69
C:\data\11-CHANTIERS\BURE\10-ACTIVITES\Rapports d'activité\2025\250902-rapport mensuel septembre\1-tableaux\GHA\04_302-GHA_SMC_C04_C05_25_09_22.xlsm;Déplacements;GHA;C04;2025-09;DH bas gauche;-0.83;1.53;22/09/2025;18/08/2025;22/09/2025;3;69
C:\data\11-CHANTIERS\BURE\10-ACTIVITES\Rapports d'activité\2025\250902-rapport mensuel septembre\1-tableaux\GHA\04_302-GHA_SMC_C04_C05_25_09_22.xlsm;Déplacements;GHA;C04;2025-09;DZ bas gauche;-0.2;0.1;22/09/2025;18/08/2025;22/09/2025;3;69
C:\data\11-CHANTIERS\BURE\10-ACTIVITES\Rapports d'activité\2025\250902-rapport mensuel septembre\1-tableaux\GHA\04_302-GHA_SMC_C04_C05_25_09_22.xlsm;Déplacements;GHA;C04;2025-09;DPM inter gauche;1.42;5.47;22/09/2025;18/08/2025;22/09/2025;3;69
C:\data\11-CHANTIERS\BURE\10-ACTIVITES\Rapports d'activité\2025\250902-rapport mensuel septembre\1-tableaux\GHA\04_302-GHA_SMC_C04_C05_25_09_22.xlsm;Déplacements;GHA;C04;2025-09;DH inter gauche;-0.55;23.16;22/09/2025;18/08/2025;22/09/2025;3;69
C:\data\11-CHANTIERS\BURE\10-ACTIVITES\Rapports d'activité\2025\250902-rapport mensuel septembre\1-tableaux\GHA\04_302-GHA_SMC_C04_C05_25_09_22.xlsm;Déplacements;GHA;C04;2025-09;DZ inter gauche;0.3;-13.33;22/09/2025;18/08/2025;22/09/2025;3;69
C:\data\11-CHANTIERS\BURE\10-ACTIVITES\Rapports d'activité\2025\250902-rapport mensuel septembre\1-tableaux\GHA\04_302-GHA_SMC_C04_C05_25_09_22.xlsm;Déplacements;GHA;C04;2025-09;DPM haut gauche;0.59;7.17;22/09/2025;18/08/2025;22/09/2025;3;69
C:\data\11-CHANTIERS\BURE\10-ACTIVITES\Rapports d'activité\2025\250902-rapport mensuel septembre\1-tableaux\GHA\04_302-GHA_SMC_C04_C05_25_09_22.xlsm;Déplacements;GHA;C04;2025-09;DH haut gauche;0.16;26.62;22/09/2025;18/08/2025;22/09/2025;3;69
C:\data\11-CHANTIERS\BURE\10-ACTIVITES\Rapports d'activité\2025\250902-rapport mensuel septembre\1-tableaux\GHA\04_302-GHA_SMC_C04_C05_25_09_22.xlsm;Déplacements;GHA;C04;2025-09;DZ haut gauche;-0.3;-20.85;22/09/2025;18/08/2025;22/09/2025;3;69
C:\data\11-CHANTIERS\BURE\10-ACTIVITES\Rapports d'activité\2025\250902-rapport mensuel septembre\1-tableaux\GHA\04_302-GHA_SMC_C04_C05_25_09_22.xlsm;Déplacements;GHA;C04;2025-09;DPM centre haut;0.48;44.67;22/09/2025;18/08/2025;22/09/2025;3;69
C:\data\11-CHANTIERS\BURE\10-ACTIVITES\Rapports d'activité\2025\250902-rapport mensuel septembre\1-tableaux\GHA\04_302-GHA_SMC_C04_C05_25_09_22.xlsm;Déplacements;GHA;C04;2025-09;DH centre haut;-0.55;9.74;22/09/2025;18/08/2025;22/09/2025;3;69
C:\data\11-CHANTIERS\BURE\10-ACTIVITES\Rapports d'activité\2025\250902-rapport mensuel septembre\1-tableaux\GHA\04_302-GHA_SMC_C04_C05_25_09_22.xlsm;Déplacements;GHA;C04;2025-09;DZ centre haut;-1.5;-79.1;22/09/2025;18/08/2025;22/09/2025;3;69
C:\data\11-CHANTIERS\BURE\10-ACTIVITES\Rapports d'activité\2025\250902-rapport mensuel septembre\1-tableaux\GHA\04_302-GHA_SMC_C04_C05_25_09_22.xlsm;Déplacements;GHA;C04;2025-09;DPM haut droit;0.62;5.5;22/09/2025;18/08/2025;22/09/2025;3;69
C:\data\11-CHANTIERS\BURE\10-ACTIVITES\Rapports d'activité\2025\250902-rapport mensuel septembre\1-tableaux\GHA\04_302-GHA_SMC_C04_C05_25_09_22.xlsm;Déplacements;GHA;C04;2025-09;DH haut droit;-0.15;-5.05;22/09/2025;18/08/2025;22/09/2025;3;69
C:\data\11-CHANTIERS\BURE\10-ACTIVITES\Rapports d'activité\2025\250902-rapport mensuel septembre\1-tableaux\GHA\04_302-GHA_SMC_C04_C05_25_09_22.xlsm;Déplacements;GHA;C04;2025-09;DZ haut droit;-0.1;-31.15;22/09/2025;18/08/2025;22/09/2025;3;69
C:\data\11-CHANTIERS\BURE\10-ACTIVITES\Rapports d'activité\2025\250902-rapport mensuel septembre\1-tableaux\GHA\04_302-GHA_SMC_C04_C05_25_09_22.xlsm;Déplacements;GHA;C04;2025-09;DPM inter droit;0.59;5.11;22/09/2025;18/08/2025;22/09/2025;3;69
C:\data\11-CHANTIERS\BURE\10-ACTIVITES\Rapports d'activité\2025\250902-rapport mensuel septembre\1-tableaux\GHA\04_302-GHA_SMC_C04_C05_25_09_22.xlsm;Déplacements;GHA;C04;2025-09;DH inter droit;-0.33;-19.47;22/09/2025;18/08/2025;22/09/2025;3;69
C:\data\11-CHANTIERS\BURE\10-ACTIVITES\Rapports d'activité\2025\250902-rapport mensuel septembre\1-tableaux\GHA\04_302-GHA_SMC_C04_C05_25_09_22.xlsm;Déplacements;GHA;C04;2025-09;DZ inter droit;-0.05;-14.1;22/09/2025;18/08/2025;22/09/2025;3;69
C:\data\11-CHANTIERS\BURE\10-ACTIVITES\Rapports d'activité\2025\250902-rapport mensuel septembre\1-tableaux\GHA\04_302-GHA_SMC_C04_C05_25_09_22.xlsm;Déplacements;GHA;C04;2025-09;DPM bas droit;;1.88;;12/06/2025;12/06/2025;3;69
C:\data\11-CHANTIERS\BURE\10-ACTIVITES\Rapports d'activité\2025\250902-rapport mensuel septembre\1-tableaux\GHA\04_302-GHA_SMC_C04_C05_25_09_22.xlsm;Déplacements;GHA;C04;2025-09;DH bas droit;;-1.44;;12/06/2025;12/06/2025;3;69
C:\data\11-CHANTIERS\BURE\10-ACTIVITES\Rapports d'activité\2025\250902-rapport mensuel septembre\1-tableaux\GHA\04_302-GHA_SMC_C04_C05_25_09_22.xlsm;Déplacements;GHA;C04;2025-09;DZ bas droit;;-4.3;;12/06/2025;12/06/2025;3;69
C:\data\11-CHANTIERS\BURE\10-ACTIVITES\Rapports d'activité\2025\250902-rapport mensuel septembre\1-tableaux\GHA\04_302-GHA_SMC_C04_C05_25_09_22.xlsm;Déplacements;GHA;C04;2025-09;DZ centre haut x2;-3;-158.2;22/09/2025;18/08/2025;22/09/2025;3;69
C:\data\11-CHANTIERS\BURE\10-ACTIVITES\Rapports d'activité\2025\250902-rapport mensuel septembre\1-tableaux\GHA\04_303-GHA_SMC_T15_25_09_22.xlsm;Déplacements;GHA;T15;2025-09;DPM bas gauche;0.99;0.09;22/09/2025;18/08/2025;22/09/2025;3;62
C:\data\11-CHANTIERS\BURE\10-ACTIVITES\Rapports d'activité\2025\250902-rapport mensuel septembre\1-tableaux\GHA\04_303-GHA_SMC_T15_25_09_22.xlsm;Déplacements;GHA;T15;2025-09;DH bas gauche;0.35;1.7;22/09/2025;18/08/2025;22/09/2025;3;62
C:\data\11-CHANTIERS\BURE\10-ACTIVITES\Rapports d'activité\2025\250902-rapport mensuel septembre\1-tableaux\GHA\04_303-GHA_SMC_T15_25_09_22.xlsm;Déplacements;GHA;T15;2025-09;DZ bas gauche;0.1;0.4;22/09/2025;18/08/2025;22/09/2025;3;62
C:\data\11-CHANTIERS\BURE\10-ACTIVITES\Rapports d'activité\2025\250902-rapport mensuel septembre\1-tableaux\GHA\04_303-GHA_SMC_T15_25_09_22.xlsm;Déplacements;GHA;T15;2025-09;DPM inter gauche;1.61;-6.68;22/09/2025;18/08/2025;22/09/2025;3;62
C:\data\11-CHANTIERS\BURE\10-ACTIVITES\Rapports d'activité\2025\250902-rapport mensuel septembre\1-tableaux\GHA\04_303-GHA_SMC_T15_25_09_22.xlsm;Déplacements;GHA;T15;2025-09;DH inter gauche;-0.02;25.68;22/09/2025;18/08/2025;22/09/2025;3;62
C:\data\11-CHANTIERS\BURE\10-ACTIVITES\Rapports d'activité\2025\250902-rapport mensuel septembre\1-tableaux\GHA\04_303-GHA_SMC_T15_25_09_22.xlsm;Déplacements;GHA;T15;2025-09;DZ inter gauche;0.25;-24.8;22/09/2025;18/08/2025;22/09/2025;3;62
C:\data\11-CHANTIERS\BURE\10-ACTIVITES\Rapports d'activité\2025\250902-rapport mensuel septembre\1-tableaux\GHA\04_303-GHA_SMC_T15_25_09_22.xlsm;Déplacements;GHA;T15;2025-09;DPM haut gauche;0.5;-7.95;22/09/2025;18/08/2025;22/09/2025;3;62
C:\data\11-CHANTIERS\BURE\10-ACTIVITES\Rapports d'activité\2025\250902-rapport mensuel septembre\1-tableaux\GHA\04_303-GHA_SMC_T15_25_09_22.xlsm;Déplacements;GHA;T15;2025-09;DH haut gauche;0.23;15.16;22/09/2025;18/08/2025;22/09/2025;3;62
C:\data\11-CHANTIERS\BURE\10-ACTIVITES\Rapports d'activité\2025\250902-rapport mensuel septembre\1-tableaux\GHA\04_303-GHA_SMC_T15_25_09_22.xlsm;Déplacements;GHA;T15;2025-09;DZ haut gauche;0;-17.3;22/09/2025;18/08/2025;22/09/2025;3;62
C:\data\11-CHANTIERS\BURE\10-ACTIVITES\Rapports d'activité\2025\250902-rapport mensuel septembre\1-tableaux\GHA\04_303-GHA_SMC_T15_25_09_22.xlsm;Déplacements;GHA;T15;2025-09;DPM centre haut;0.4;-10.77;22/09/2025;18/08/2025;22/09/2025;3;62
C:\data\11-CHANTIERS\BURE\10-ACTIVITES\Rapports d'activité\2025\250902-rapport mensuel septembre\1-tableaux\GHA\04_303-GHA_SMC_T15_25_09_22.xlsm;Déplacements;GHA;T15;2025-09;DH centre haut;-0.15;-1.27;22/09/2025;18/08/2025;22/09/2025;3;62
C:\data\11-CHANTIERS\BURE\10-ACTIVITES\Rapports d'activité\2025\250902-rapport mensuel septembre\1-tableaux\GHA\04_303-GHA_SMC_T15_25_09_22.xlsm;Déplacements;GHA;T15;2025-09;DZ centre haut;-1.1;-72.9;22/09/2025;18/08/2025;22/09/2025;3;62
C:\data\11-CHANTIERS\BURE\10-ACTIVITES\Rapports d'activité\2025\250902-rapport mensuel septembre\1-tableaux\GHA\04_303-GHA_SMC_T15_25_09_22.xlsm;Déplacements;GHA;T15;2025-09;DPM haut droit;0.41;-0.48;22/09/2025;18/08/2025;22/09/2025;3;62
C:\data\11-CHANTIERS\BURE\10-ACTIVITES\Rapports d'activité\2025\250902-rapport mensuel septembre\1-tableaux\GHA\04_303-GHA_SMC_T15_25_09_22.xlsm;Déplacements;GHA;T15;2025-09;DH haut droit;-0.64;-15.78;22/09/2025;18/08/2025;22/09/2025;3;62
C:\data\11-CHANTIERS\BURE\10-ACTIVITES\Rapports d'activité\2025\250902-rapport mensuel septembre\1-tableaux\GHA\04_303-GHA_SMC_T15_25_09_22.xlsm;Déplacements;GHA;T15;2025-09;DZ haut droit;-0.15;-12.4;22/09/2025;18/08/2025;22/09/2025;3;62
C:\data\11-CHANTIERS\BURE\10-ACTIVITES\Rapports d'activité\2025\250902-rapport mensuel septembre\1-tableaux\GHA\04_303-GHA_SMC_T15_25_09_22.xlsm;Déplacements;GHA;T15;2025-09;DPM inter droit;0.82;0.31;22/09/2025;18/08/2025;22/09/2025;3;62
C:\data\11-CHANTIERS\BURE\10-ACTIVITES\Rapports d'activité\2025\250902-rapport mensuel septembre\1-tableaux\GHA\04_303-GHA_SMC_T15_25_09_22.xlsm;Déplacements;GHA;T15;2025-09;DH inter droit;-0.11;-34.5;22/09/2025;18/08/2025;22/09/2025;3;62
C:\data\11-CHANTIERS\BURE\10-ACTIVITES\Rapports d'activité\2025\250902-rapport mensuel septembre\1-tableaux\GHA\04_303-GHA_SMC_T15_25_09_22.xlsm;Déplacements;GHA;T15;2025-09;DZ inter droit;0.25;7.5;22/09/2025;18/08/2025;22/09/2025;3;62
C:\data\11-CHANTIERS\BURE\10-ACTIVITES\Rapports d'activité\2025\250902-rapport mensuel septembre\1-tableaux\GHA\04_303-GHA_SMC_T15_25_09_22.xlsm;Déplacements;GHA;T15;2025-09;DPM bas droit;0.26;-2.85;22/09/2025;18/08/2025;22/09/2025;3;62
C:\data\11-CHANTIERS\BURE\10-ACTIVITES\Rapports d'activité\2025\250902-rapport mensuel septembre\1-tableaux\GHA\04_303-GHA_SMC_T15_25_09_22.xlsm;Déplacements;GHA;T15;2025-09;DH bas droit;-0.32;-3.18;22/09/2025;18/08/2025;22/09/2025;3;62
C:\data\11-CHANTIERS\BURE\10-ACTIVITES\Rapports d'activité\2025\250902-rapport mensuel septembre\1-tableaux\GHA\04_303-GHA_SMC_T15_25_09_22.xlsm;Déplacements;GHA;T15;2025-09;DZ bas droit;0.2;1.55;22/09/2025;18/08/2025;22/09/2025;3;62
C:\data\11-CHANTIERS\BURE\10-ACTIVITES\Rapports d'activité\2025\250902-rapport mensuel septembre\1-tableaux\GHA\04_303-GHA_SMC_T15_25_09_22.xlsm;Déplacements;GHA;T15;2025-09;DZ centre haut x2;-2.2;-145.8;22/09/2025;18/08/2025;22/09/2025;3;62
C:\data\11-CHANTIERS\BURE\10-ACTIVITES\Rapports d'activité\2025\250902-rapport mensuel septembre\1-tableaux\GHA\04_304-GHA_SMC_T28_25_09-22.xlsm;Déplacements;GHA;T28;2025-09;DPM bas gauche;-1.03;-1.04;22/09/2025;18/08/2025;22/09/2025;3;41
C:\data\11-CHANTIERS\BURE\10-ACTIVITES\Rapports d'activité\2025\250902-rapport mensuel septembre\1-tableaux\GHA\04_304-GHA_SMC_T28_25_09-22.xlsm;Déplacements;GHA;T28;2025-09;DH bas gauche;0.48;1.06;22/09/2025;18/08/2025;22/09/2025;3;41
C:\data\11-CHANTIERS\BURE\10-ACTIVITES\Rapports d'activité\2025\250902-rapport mensuel septembre\1-tableaux\GHA\04_304-GHA_SMC_T28_25_09-22.xlsm;Déplacements;GHA;T28;2025-09;DZ bas gauche;0.23;-0.1;22/09/2025;18/08/2025;22/09/2025;3;41
C:\data\11-CHANTIERS\BURE\10-ACTIVITES\Rapports d'activité\2025\250902-rapport mensuel septembre\1-tableaux\GHA\04_304-GHA_SMC_T28_25_09-22.xlsm;Déplacements;GHA;T28;2025-09;DPM inter gauche;-0.02;2.22;22/09/2025;18/08/2025;22/09/2025;3;41
C:\data\11-CHANTIERS\BURE\10-ACTIVITES\Rapports d'activité\2025\250902-rapport mensuel septembre\1-tableaux\GHA\04_304-GHA_SMC_T28_25_09-22.xlsm;Déplacements;GHA;T28;2025-09;DH inter gauche;-0.27;32.15;22/09/2025;18/08/2025;22/09/2025;3;41
C:\data\11-CHANTIERS\BURE\10-ACTIVITES\Rapports d'activité\2025\250902-rapport mensuel septembre\1-tableaux\GHA\04_304-GHA_SMC_T28_25_09-22.xlsm;Déplacements;GHA;T28;2025-09;DZ inter gauche;0.27;-27.2;22/09/2025;18/08/2025;22/09/2025;3;41
C:\data\11-CHANTIERS\BURE\10-ACTIVITES\Rapports d'activité\2025\250902-rapport mensuel septembre\1-tableaux\GHA\04_304-GHA_SMC_T28_25_09-22.xlsm;Déplacements;GHA;T28;2025-09;DPM haut gauche;0.11;-0.35;22/09/2025;18/08/2025;22/09/2025;3;41
C:\data\11-CHANTIERS\BURE\10-ACTIVITES\Rapports d'activité\2025\250902-rapport mensuel septembre\1-tableaux\GHA\04_304-GHA_SMC_T28_25_09-22.xlsm;Déplacements;GHA;T28;2025-09;DH haut gauche;-0.87;6.9;22/09/2025;18/08/2025;22/09/2025;3;41
C:\data\11-CHANTIERS\BURE\10-ACTIVITES\Rapports d'activité\2025\250902-rapport mensuel septembre\1-tableaux\GHA\04_304-GHA_SMC_T28_25_09-22.xlsm;Déplacements;GHA;T28;2025-09;DZ haut gauche;0.4;-26;22/09/2025;18/08/2025;22/09/2025;3;41
C:\data\11-CHANTIERS\BURE\10-ACTIVITES\Rapports d'activité\2025\250902-rapport mensuel septembre\1-tableaux\GHA\04_304-GHA_SMC_T28_25_09-22.xlsm;Déplacements;GHA;T28;2025-09;DPM centre haut;0.02;-7.83;22/09/2025;18/08/2025;22/09/2025;3;41
C:\data\11-CHANTIERS\BURE\10-ACTIVITES\Rapports d'activité\2025\250902-rapport mensuel septembre\1-tableaux\GHA\04_304-GHA_SMC_T28_25_09-22.xlsm;Déplacements;GHA;T28;2025-09;DH centre haut;-0.21;6.39;22/09/2025;18/08/2025;22/09/2025;3;41
C:\data\11-CHANTIERS\BURE\10-ACTIVITES\Rapports d'activité\2025\250902-rapport mensuel septembre\1-tableaux\GHA\04_304-GHA_SMC_T28_25_09-22.xlsm;Déplacements;GHA;T28;2025-09;DZ centre haut;-0.9;-55.9;22/09/2025;18/08/2025;22/09/2025;3;41
C:\data\11-CHANTIERS\BURE\10-ACTIVITES\Rapports d'activité\2025\250902-rapport mensuel septembre\1-tableaux\GHA\04_304-GHA_SMC_T28_25_09-22.xlsm;Déplacements;GHA;T28;2025-09;DPM haut droit;0.65;1.07;22/09/2025;18/08/2025;22/09/2025;3;41
C:\data\11-CHANTIERS\BURE\10-ACTIVITES\Rapports d'activité\2025\250902-rapport mensuel septembre\1-tableaux\GHA\04_304-GHA_SMC_T28_25_09-22.xlsm;Déplacements;GHA;T28;2025-09;DH haut droit;-0.36;-13.18;22/09/2025;18/08/2025;22/09/2025;3;41
C:\data\11-CHANTIERS\BURE\10-ACTIVITES\Rapports d'activité\2025\250902-rapport mensuel septembre\1-tableaux\GHA\04_304-GHA_SMC_T28_25_09-22.xlsm;Déplacements;GHA;T28;2025-09;DZ haut droit;0.2;-14.4;22/09/2025;18/08/2025;22/09/2025;3;41
C:\data\11-CHANTIERS\BURE\10-ACTIVITES\Rapports d'activité\2025\250902-rapport mensuel septembre\1-tableaux\GHA\04_304-GHA_SMC_T28_25_09-22.xlsm;Déplacements;GHA;T28;2025-09;DPM inter droit;0.26;-0.93;22/09/2025;18/08/2025;22/09/2025;3;41
C:\data\11-CHANTIERS\BURE\10-ACTIVITES\Rapports d'activité\2025\250902-rapport mensuel septembre\1-tableaux\GHA\04_304-GHA_SMC_T28_25_09-22.xlsm;Déplacements;GHA;T28;2025-09;DH inter droit;-0.25;-30.89;22/09/2025;18/08/2025;22/09/2025;3;41
C:\data\11-CHANTIERS\BURE\10-ACTIVITES\Rapports d'activité\2025\250902-rapport mensuel septembre\1-tableaux\GHA\04_304-GHA_SMC_T28_25_09-22.xlsm;Déplacements;GHA;T28;2025-09;DZ inter droit;0.3;-15.9;22/09/2025;18/08/2025;22/09/2025;3;41
C:\data\11-CHANTIERS\BURE\10-ACTIVITES\Rapports d'activité\2025\250902-rapport mensuel septembre\1-tableaux\GHA\04_304-GHA_SMC_T28_25_09-22.xlsm;Déplacements;GHA;T28;2025-09;DPM bas droit;0.11;-1.97;22/09/2025;18/08/2025;22/09/2025;3;41
C:\data\11-CHANTIERS\BURE\10-ACTIVITES\Rapports d'activité\2025\250902-rapport mensuel septembre\1-tableaux\GHA\04_304-GHA_SMC_T28_25_09-22.xlsm;Déplacements;GHA;T28;2025-09;DH bas droit;-0.87;-1.69;22/09/2025;18/08/2025;22/09/2025;3;41
C:\data\11-CHANTIERS\BURE\10-ACTIVITES\Rapports d'activité\2025\250902-rapport mensuel septembre\1-tableaux\GHA\04_304-GHA_SMC_T28_25_09-22.xlsm;Déplacements;GHA;T28;2025-09;DZ bas droit;0.33;0.3;22/09/2025;18/08/2025;22/09/2025;3;41
C:\data\11-CHANTIERS\BURE\10-ACTIVITES\Rapports d'activité\2025\250902-rapport mensuel septembre\1-tableaux\GHA\04_304-GHA_SMC_T28_25_09-22.xlsm;Déplacements;GHA;T28;2025-09;DZ centre haut x2;-1.8;-111.8;22/09/2025;18/08/2025;22/09/2025;3;41
C:\data\11-CHANTIERS\BURE\10-ACTIVITES\Rapports d'activité\2025\250902-rapport mensuel septembre\1-tableaux\GHA\04_305-GHA_SMC_T41_25_09_22.xlsm;Déplacements;GHA;T41;2025-09;DPM bas gauche;;0;;19/02/2025;19/02/2025;3;32
C:\data\11-CHANTIERS\BURE\10-ACTIVITES\Rapports d'activité\2025\250902-rapport mensuel septembre\1-tableaux\GHA\04_305-GHA_SMC_T41_25_09_22.xlsm;Déplacements;GHA;T41;2025-09;DH bas gauche;;0;;19/02/2025;19/02/2025;3;32
C:\data\11-CHANTIERS\BURE\10-ACTIVITES\Rapports d'activité\2025\250902-rapport mensuel septembre\1-tableaux\GHA\04_305-GHA_SMC_T41_25_09_22.xlsm;Déplacements;GHA;T41;2025-09;DZ bas gauche;;0;;19/02/2025;19/02/2025;3;32
C:\data\11-CHANTIERS\BURE\10-ACTIVITES\Rapports d'activité\2025\250902-rapport mensuel septembre\1-tableaux\GHA\04_305-GHA_SMC_T41_25_09_22.xlsm;Déplacements;GHA;T41;2025-09;DPM inter gauche;;3.16;;29/04/2025;29/04/2025;3;32
C:\data\11-CHANTIERS\BURE\10-ACTIVITES\Rapports d'activité\2025\250902-rapport mensuel septembre\1-tableaux\GHA\04_305-GHA_SMC_T41_25_09_22.xlsm;Déplacements;GHA;T41;2025-09;DH inter gauche;;15.93;;29/04/2025;29/04/2025;3;32
C:\data\11-CHANTIERS\BURE\10-ACTIVITES\Rapports d'activité\2025\250902-rapport mensuel septembre\1-tableaux\GHA\04_305-GHA_SMC_T41_25_09_22.xlsm;Déplacements;GHA;T41;2025-09;DZ inter gauche;;-5;;29/04/2025;29/04/2025;3;32
C:\data\11-CHANTIERS\BURE\10-ACTIVITES\Rapports d'activité\2025\250902-rapport mensuel septembre\1-tableaux\GHA\04_305-GHA_SMC_T41_25_09_22.xlsm;Déplacements;GHA;T41;2025-09;DPM haut gauche;-0.27;0.72;22/09/2025;18/08/2025;22/09/2025;3;32
C:\data\11-CHANTIERS\BURE\10-ACTIVITES\Rapports d'activité\2025\250902-rapport mensuel septembre\1-tableaux\GHA\04_305-GHA_SMC_T41_25_09_22.xlsm;Déplacements;GHA;T41;2025-09;DH haut gauche;-0.13;5.08;22/09/2025;18/08/2025;22/09/2025;3;32
C:\data\11-CHANTIERS\BURE\10-ACTIVITES\Rapports d'activité\2025\250902-rapport mensuel septembre\1-tableaux\GHA\04_305-GHA_SMC_T41_25_09_22.xlsm;Déplacements;GHA;T41;2025-09;DZ haut gauche;-0.4;-10.8;22/09/2025;18/08/2025;22/09/2025;3;32
C:\data\11-CHANTIERS\BURE\10-ACTIVITES\Rapports d'activité\2025\250902-rapport mensuel septembre\1-tableaux\GHA\04_305-GHA_SMC_T41_25_09_22.xlsm;Déplacements;GHA;T41;2025-09;DPM centre haut;-0.06;-0.53;22/09/2025;18/08/2025;22/09/2025;3;32
C:\data\11-CHANTIERS\BURE\10-ACTIVITES\Rapports d'activité\2025\250902-rapport mensuel septembre\1-tableaux\GHA\04_305-GHA_SMC_T41_25_09_22.xlsm;Déplacements;GHA;T41;2025-09;DH centre haut;-0.58;-2.89;22/09/2025;18/08/2025;22/09/2025;3;32
C:\data\11-CHANTIERS\BURE\10-ACTIVITES\Rapports d'activité\2025\250902-rapport mensuel septembre\1-tableaux\GHA\04_305-GHA_SMC_T41_25_09_22.xlsm;Déplacements;GHA;T41;2025-09;DZ centre haut;-0.8;-24;22/09/2025;18/08/2025;22/09/2025;3;32
C:\data\11-CHANTIERS\BURE\10-ACTIVITES\Rapports d'activité\2025\250902-rapport mensuel septembre\1-tableaux\GHA\04_305-GHA_SMC_T41_25_09_22.xlsm;Déplacements;GHA;T41;2025-09;DPM haut droit;1.3;0.11;22/09/2025;18/08/2025;22/09/2025;3;32
C:\data\11-CHANTIERS\BURE\10-ACTIVITES\Rapports d'activité\2025\250902-rapport mensuel septembre\1-tableaux\GHA\04_305-GHA_SMC_T41_25_09_22.xlsm;Déplacements;GHA;T41;2025-09;DH haut droit;-1.38;-5.68;22/09/2025;18/08/2025;22/09/2025;3;32
C:\data\11-CHANTIERS\BURE\10-ACTIVITES\Rapports d'activité\2025\250902-rapport mensuel septembre\1-tableaux\GHA\04_305-GHA_SMC_T41_25_09_22.xlsm;Déplacements;GHA;T41;2025-09;DZ haut droit;0.8;-7.4;22/09/2025;18/08/2025;22/09/2025;3;32
C:\data\11-CHANTIERS\BURE\10-ACTIVITES\Rapports d'activité\2025\250902-rapport mensuel septembre\1-tableaux\GHA\04_305-GHA_SMC_T41_25_09_22.xlsm;Déplacements;GHA;T41;2025-09;DPM inter droit;;-0.05;;02/07/2025;02/07/2025;3;32
C:\data\11-CHANTIERS\BURE\10-ACTIVITES\Rapports d'activité\2025\250902-rapport mensuel septembre\1-tableaux\GHA\04_305-GHA_SMC_T41_25_09_22.xlsm;Déplacements;GHA;T41;2025-09;DH inter droit;;-13.38;;02/07/2025;02/07/2025;3;32
C:\data\11-CHANTIERS\BURE\10-ACTIVITES\Rapports d'activité\2025\250902-rapport mensuel septembre\1-tableaux\GHA\04_305-GHA_SMC_T41_25_09_22.xlsm;Déplacements;GHA;T41;2025-09;DZ inter droit;;-4.9;;02/07/2025;02/07/2025;3;32
C:\data\11-CHANTIERS\BURE\10-ACTIVITES\Rapports d'activité\2025\250902-rapport mensuel septembre\1-tableaux\GHA\04_305-GHA_SMC_T41_25_09_22.xlsm;Déplacements;GHA;T41;2025-09;DPM bas droit;;0;;19/02/2025;19/02/2025;3;32
C:\data\11-CHANTIERS\BURE\10-ACTIVITES\Rapports d'activité\2025\250902-rapport mensuel septembre\1-tableaux\GHA\04_305-GHA_SMC_T41_25_09_22.xlsm;Déplacements;GHA;T41;2025-09;DH bas droit;;0;;19/02/2025;19/02/2025;3;32
C:\data\11-CHANTIERS\BURE\10-ACTIVITES\Rapports d'activité\2025\250902-rapport mensuel septembre\1-tableaux\GHA\04_305-GHA_SMC_T41_25_09_22.xlsm;Déplacements;GHA;T41;2025-09;DZ bas droit;;0;;19/02/2025;19/02/2025;3;32
C:\data\11-CHANTIERS\BURE\10-ACTIVITES\Rapports d'activité\2025\250902-rapport mensuel septembre\1-tableaux\GHA\04_305-GHA_SMC_T41_25_09_22.xlsm;Déplacements;GHA;T41;2025-09;DZ centre haut x2;-1.6;-48;22/09/2025;18/08/2025;22/09/2025;3;32
