source_file,sheet,galerie,section,month,metric,periodic_mm,cumulative_mm,date_last_in_month,date_last_before_month,date_last_cumulative,nb_dates_in_month,nb_dates_before_month
C:\data\11-CHANTIERS\BURE\10-ACTIVITES\Rapports d'activité\2025\250902-rapport mensuel septembre\1-tableaux\GER\01_44-B-GER-SMC1-T92-PM_106-25-09-10.xlsm,Déplacements,GER,T92,2025-09,DPM bas gauche,-2.42,-2.2,2025-09-10,2025-06-17,2025-09-10,1,99
C:\data\11-CHANTIERS\BURE\10-ACTIVITES\Rapports d'activité\2025\250902-rapport mensuel septembre\1-tableaux\GER\01_44-B-GER-SMC1-T92-PM_106-25-09-10.xlsm,Déplacements,GER,T92,2025-09,DH bas gauche,-0.02,19.39,2025-09-10,2025-06-17,2025-09-10,1,99
C:\data\11-CHANTIERS\BURE\10-ACTIVITES\Rapports d'activité\2025\250902-rapport mensuel septembre\1-tableaux\GER\01_44-B-GER-SMC1-T92-PM_106-25-09-10.xlsm,Déplacements,GER,T92,2025-09,DZ bas gauche,1.1,5.5,2025-09-10,2025-06-17,2025-09-10,1,99
C:\data\11-CHANTIERS\BURE\10-ACTIVITES\Rapports d'activité\2025\250902-rapport mensuel septembre\1-tableaux\GER\01_44-B-GER-SMC1-T92-PM_106-25-09-10.xlsm,Déplacements,GER,T92,2025-09,DPM haut gauche,,-1.9,,2024-05-27,2024-05-27,1,99
C:\data\11-CHANTIERS\BURE\10-ACTIVITES\Rapports d'activité\2025\250902-rapport mensuel septembre\1-tableaux\GER\01_44-B-GER-SMC1-T92-PM_106-25-09-10.xlsm,Déplacements,GER,T92,2025-09,DH haut gauche,,14.01,,2024-05-27,2024-05-27,1,99
C:\data\11-CHANTIERS\BURE\10-ACTIVITES\Rapports d'activité\2025\250902-rapport mensuel septembre\1-tableaux\GER\01_44-B-GER-SMC1-T92-PM_106-25-09-10.xlsm,Déplacements,GER,T92,2025-09,DZ haut gauche,,-7.8,,2024-05-27,2024-05-27,1,99
C:\data\11-CHANTIERS\BURE\10-ACTIVITES\Rapports d'activité\2025\250902-rapport mensuel septembre\1-tableaux\GER\01_44-B-GER-SMC1-T92-PM_106-25-09-10.xlsm,Déplacements,GER,T92,2025-09,DPM centre haut,-2.88,-13.54,2025-09-10,2025-06-17,2025-09-10,1,99
C:\data\11-CHANTIERS\BURE\10-ACTIVITES\Rapports d'activité\2025\250902-rapport mensuel septembre\1-tableaux\GER\01_44-B-GER-SMC1-T92-PM_106-25-09-10.xlsm,Déplacements,GER,T92,2025-09,DH centre haut,-0.68,-2.67,2025-09-10,2025-06-17,2025-09-10,1,99
C:\data\11-CHANTIERS\BURE\10-ACTIVITES\Rapports d'activité\2025\250902-rapport mensuel septembre\1-tableaux\GER\01_44-B-GER-SMC1-T92-PM_106-25-09-10.xlsm,Déplacements,GER,T92,2025-09,DZ centre haut,-0.3,-53.4,2025-09-10,2025-06-17,2025-09-10,1,99
C:\data\11-CHANTIERS\BURE\10-ACTIVITES\Rapports d'activité\2025\250902-rapport mensuel septembre\1-tableaux\GER\01_44-B-GER-SMC1-T92-PM_106-25-09-10.xlsm,Déplacements,GER,T92,2025-09,DPM haut droit,-3.08,-4.47,2025-09-10,2025-06-17,2025-09-10,1,99
C:\data\11-CHANTIERS\BURE\10-ACTIVITES\Rapports d'activité\2025\250902-rapport mensuel septembre\1-tableaux\GER\01_44-B-GER-SMC1-T92-PM_106-25-09-10.xlsm,Déplacements,GER,T92,2025-09,DH haut droit,-1.44,-11.24,2025-09-10,2025-06-17,2025-09-10,1,99
C:\data\11-CHANTIERS\BURE\10-ACTIVITES\Rapports d'activité\2025\250902-rapport mensuel septembre\1-tableaux\GER\01_44-B-GER-SMC1-T92-PM_106-25-09-10.xlsm,Déplacements,GER,T92,2025-09,DZ haut droit,0.3,-11.5,2025-09-10,2025-06-17,2025-09-10,1,99
C:\data\11-CHANTIERS\BURE\10-ACTIVITES\Rapports d'activité\2025\250902-rapport mensuel septembre\1-tableaux\GER\01_44-B-GER-SMC1-T92-PM_106-25-09-10.xlsm,Déplacements,GER,T92,2025-09,DPM bas droit,-1.78,-4.8,2025-09-10,2025-06-17,2025-09-10,1,99
C:\data\11-CHANTIERS\BURE\10-ACTIVITES\Rapports d'activité\2025\250902-rapport mensuel septembre\1-tableaux\GER\01_44-B-GER-SMC1-T92-PM_106-25-09-10.xlsm,Déplacements,GER,T92,2025-09,DH bas droit,0.27,-16.69,2025-09-10,2025-06-17,2025-09-10,1,99
C:\data\11-CHANTIERS\BURE\10-ACTIVITES\Rapports d'activité\2025\250902-rapport mensuel septembre\1-tableaux\GER\01_44-B-GER-SMC1-T92-PM_106-25-09-10.xlsm,Déplacements,GER,T92,2025-09,DZ bas droit,0.7,4.1,2025-09-10,2025-06-17,2025-09-10,1,99
C:\data\11-CHANTIERS\BURE\10-ACTIVITES\Rapports d'activité\2025\250902-rapport mensuel septembre\1-tableaux\GER\01_44-B-GER-SMC1-T92-PM_106-25-09-10.xlsm,Déplacements,GER,T92,2025-09,"DZ centre haut x2
(interpolé)",-0.6,-106.8,2025-09-10,2025-06-17,2025-09-10,1,99
C:\data\11-CHANTIERS\BURE\10-ACTIVITES\Rapports d'activité\2025\250902-rapport mensuel septembre\1-tableaux\GER\01_44-B-GER-SMC1-T92-PM_106-25-09-10.xlsm,Déplacements,GER,T92,2025-09,VITESSE EVOL DZ,,,,,,1,99
C:\data\11-CHANTIERS\BURE\10-ACTIVITES\Rapports d'activité\2025\250902-rapport mensuel septembre\1-tableaux\GER\01_45-B-GER-SMC1-T109-PM_120-25-09-10.xlsm,Déplacements,GER,T109,2025-09,DPM bas gauche,0.05,-2.56,2025-09-08,2025-06-18,2025-09-08,1,82
C:\data\11-CHANTIERS\BURE\10-ACTIVITES\Rapports d'activité\2025\250902-rapport mensuel septembre\1-tableaux\GER\01_45-B-GER-SMC1-T109-PM_120-25-09-10.xlsm,Déplacements,GER,T109,2025-09,DH bas gauche,0.36,18.69,2025-09-08,2025-06-18,2025-09-08,1,82
C:\data\11-CHANTIERS\BURE\10-ACTIVITES\Rapports d'activité\2025\250902-rapport mensuel septembre\1-tableaux\GER\01_45-B-GER-SMC1-T109-PM_120-25-09-10.xlsm,Déplacements,GER,T109,2025-09,DZ bas gauche,0.0,-1.49,2025-09-08,2025-06-18,2025-09-08,1,82
C:\data\11-CHANTIERS\BURE\10-ACTIVITES\Rapports d'activité\2025\250902-rapport mensuel septembre\1-tableaux\GER\01_45-B-GER-SMC1-T109-PM_120-25-09-10.xlsm,Déplacements,GER,T109,2025-09,DPM haut gauche,-0.04,-0.82,2025-09-08,2025-06-18,2025-09-08,1,82
C:\data\11-CHANTIERS\BURE\10-ACTIVITES\Rapports d'activité\2025\250902-rapport mensuel septembre\1-tableaux\GER\01_45-B-GER-SMC1-T109-PM_120-25-09-10.xlsm,Déplacements,GER,T109,2025-09,DH haut gauche,0.31,15.39,2025-09-08,2025-06-18,2025-09-08,1,82
C:\data\11-CHANTIERS\BURE\10-ACTIVITES\Rapports d'activité\2025\250902-rapport mensuel septembre\1-tableaux\GER\01_45-B-GER-SMC1-T109-PM_120-25-09-10.xlsm,Déplacements,GER,T109,2025-09,DZ haut gauche,-0.1,-5.46,2025-09-08,2025-06-18,2025-09-08,1,82
C:\data\11-CHANTIERS\BURE\10-ACTIVITES\Rapports d'activité\2025\250902-rapport mensuel septembre\1-tableaux\GER\01_45-B-GER-SMC1-T109-PM_120-25-09-10.xlsm,Déplacements,GER,T109,2025-09,DPM centre haut,0.32,-3.78,2025-09-08,2025-06-18,2025-09-08,1,82
C:\data\11-CHANTIERS\BURE\10-ACTIVITES\Rapports d'activité\2025\250902-rapport mensuel septembre\1-tableaux\GER\01_45-B-GER-SMC1-T109-PM_120-25-09-10.xlsm,Déplacements,GER,T109,2025-09,DH centre haut,0.26,9.57,2025-09-08,2025-06-18,2025-09-08,1,82
C:\data\11-CHANTIERS\BURE\10-ACTIVITES\Rapports d'activité\2025\250902-rapport mensuel septembre\1-tableaux\GER\01_45-B-GER-SMC1-T109-PM_120-25-09-10.xlsm,Déplacements,GER,T109,2025-09,DZ centre haut,-0.4,-43.29,2025-09-08,2025-06-18,2025-09-08,1,82
C:\data\11-CHANTIERS\BURE\10-ACTIVITES\Rapports d'activité\2025\250902-rapport mensuel septembre\1-tableaux\GER\01_45-B-GER-SMC1-T109-PM_120-25-09-10.xlsm,Déplacements,GER,T109,2025-09,DPM haut droit,0.54,-1.96,2025-09-08,2025-06-18,2025-09-08,1,82
C:\data\11-CHANTIERS\BURE\10-ACTIVITES\Rapports d'activité\2025\250902-rapport mensuel septembre\1-tableaux\GER\01_45-B-GER-SMC1-T109-PM_120-25-09-10.xlsm,Déplacements,GER,T109,2025-09,DH haut droit,0.25,-9.69,2025-09-08,2025-06-18,2025-09-08,1,82
C:\data\11-CHANTIERS\BURE\10-ACTIVITES\Rapports d'activité\2025\250902-rapport mensuel septembre\1-tableaux\GER\01_45-B-GER-SMC1-T109-PM_120-25-09-10.xlsm,Déplacements,GER,T109,2025-09,DZ haut droit,0.0,-5.84,2025-09-08,2025-06-18,2025-09-08,1,82
C:\data\11-CHANTIERS\BURE\10-ACTIVITES\Rapports d'activité\2025\250902-rapport mensuel septembre\1-tableaux\GER\01_45-B-GER-SMC1-T109-PM_120-25-09-10.xlsm,Déplacements,GER,T109,2025-09,DPM bas droit,,-3.1,,2024-04-30,2024-04-30,1,82
C:\data\11-CHANTIERS\BURE\10-ACTIVITES\Rapports d'activité\2025\250902-rapport mensuel septembre\1-tableaux\GER\01_45-B-GER-SMC1-T109-PM_120-25-09-10.xlsm,Déplacements,GER,T109,2025-09,DH bas droit,,-11.78,,2024-04-30,2024-04-30,1,82
C:\data\11-CHANTIERS\BURE\10-ACTIVITES\Rapports d'activité\2025\250902-rapport mensuel septembre\1-tableaux\GER\01_45-B-GER-SMC1-T109-PM_120-25-09-10.xlsm,Déplacements,GER,T109,2025-09,DZ bas droit,,2.33,,2024-04-30,2024-04-30,1,82
C:\data\11-CHANTIERS\BURE\10-ACTIVITES\Rapports d'activité\2025\250902-rapport mensuel septembre\1-tableaux\GER\01_45-B-GER-SMC1-T109-PM_120-25-09-10.xlsm,Déplacements,GER,T109,2025-09,"DZ centre haut x2
(interpolé)",-0.8,-86.57,2025-09-08,2025-06-18,2025-09-08,1,82
C:\data\11-CHANTIERS\BURE\10-ACTIVITES\Rapports d'activité\2025\250902-rapport mensuel septembre\1-tableaux\GER\01_45-B-GER-SMC1-T109-PM_120-25-09-10.xlsm,Déplacements,GER,T109,2025-09,VITESSE EVOL DZ,,,,,,1,82
C:\data\11-CHANTIERS\BURE\10-ACTIVITES\Rapports d'activité\2025\250902-rapport mensuel septembre\1-tableaux\GER\01_46-B-GER-SMC1-T131-PM_138-25-09-08.xlsm,Déplacements,GER,T131,2025-09,DPM bas gauche,-1.0,2.27,2025-09-08,2025-06-18,2025-09-08,1,73
C:\data\11-CHANTIERS\BURE\10-ACTIVITES\Rapports d'activité\2025\250902-rapport mensuel septembre\1-tableaux\GER\01_46-B-GER-SMC1-T131-PM_138-25-09-08.xlsm,Déplacements,GER,T131,2025-09,DH bas gauche,0.97,20.29,2025-09-08,2025-06-18,2025-09-08,1,73
C:\data\11-CHANTIERS\BURE\10-ACTIVITES\Rapports d'activité\2025\250902-rapport mensuel septembre\1-tableaux\GER\01_46-B-GER-SMC1-T131-PM_138-25-09-08.xlsm,Déplacements,GER,T131,2025-09,DZ bas gauche,0.3,3.8,2025-09-08,2025-06-18,2025-09-08,1,73
C:\data\11-CHANTIERS\BURE\10-ACTIVITES\Rapports d'activité\2025\250902-rapport mensuel septembre\1-tableaux\GER\01_46-B-GER-SMC1-T131-PM_138-25-09-08.xlsm,Déplacements,GER,T131,2025-09,DPM haut gauche,-0.14,-0.87,2025-09-08,2025-06-18,2025-09-08,1,73
C:\data\11-CHANTIERS\BURE\10-ACTIVITES\Rapports d'activité\2025\250902-rapport mensuel septembre\1-tableaux\GER\01_46-B-GER-SMC1-T131-PM_138-25-09-08.xlsm,Déplacements,GER,T131,2025-09,DH haut gauche,-0.18,15.12,2025-09-08,2025-06-18,2025-09-08,1,73
C:\data\11-CHANTIERS\BURE\10-ACTIVITES\Rapports d'activité\2025\250902-rapport mensuel septembre\1-tableaux\GER\01_46-B-GER-SMC1-T131-PM_138-25-09-08.xlsm,Déplacements,GER,T131,2025-09,DZ haut gauche,0.0,-6.33,2025-09-08,2025-06-18,2025-09-08,1,73
C:\data\11-CHANTIERS\BURE\10-ACTIVITES\Rapports d'activité\2025\250902-rapport mensuel septembre\1-tableaux\GER\01_46-B-GER-SMC1-T131-PM_138-25-09-08.xlsm,Déplacements,GER,T131,2025-09,DPM centre haut,-0.76,-3.94,2025-09-08,2025-06-18,2025-09-08,1,73
C:\data\11-CHANTIERS\BURE\10-ACTIVITES\Rapports d'activité\2025\250902-rapport mensuel septembre\1-tableaux\GER\01_46-B-GER-SMC1-T131-PM_138-25-09-08.xlsm,Déplacements,GER,T131,2025-09,DH centre haut,-0.02,2.46,2025-09-08,2025-06-18,2025-09-08,1,73
C:\data\11-CHANTIERS\BURE\10-ACTIVITES\Rapports d'activité\2025\250902-rapport mensuel septembre\1-tableaux\GER\01_46-B-GER-SMC1-T131-PM_138-25-09-08.xlsm,Déplacements,GER,T131,2025-09,DZ centre haut,-0.5,-31.9,2025-09-08,2025-06-18,2025-09-08,1,73
C:\data\11-CHANTIERS\BURE\10-ACTIVITES\Rapports d'activité\2025\250902-rapport mensuel septembre\1-tableaux\GER\01_46-B-GER-SMC1-T131-PM_138-25-09-08.xlsm,Déplacements,GER,T131,2025-09,DPM haut droit,-0.5,-1.94,2025-09-08,2025-06-18,2025-09-08,1,73
C:\data\11-CHANTIERS\BURE\10-ACTIVITES\Rapports d'activité\2025\250902-rapport mensuel septembre\1-tableaux\GER\01_46-B-GER-SMC1-T131-PM_138-25-09-08.xlsm,Déplacements,GER,T131,2025-09,DH haut droit,-0.12,-11.46,2025-09-08,2025-06-18,2025-09-08,1,73
C:\data\11-CHANTIERS\BURE\10-ACTIVITES\Rapports d'activité\2025\250902-rapport mensuel septembre\1-tableaux\GER\01_46-B-GER-SMC1-T131-PM_138-25-09-08.xlsm,Déplacements,GER,T131,2025-09,DZ haut droit,-0.1,-6.9,2025-09-08,2025-06-18,2025-09-08,1,73
C:\data\11-CHANTIERS\BURE\10-ACTIVITES\Rapports d'activité\2025\250902-rapport mensuel septembre\1-tableaux\GER\01_46-B-GER-SMC1-T131-PM_138-25-09-08.xlsm,Déplacements,GER,T131,2025-09,DPM bas droit,-1.21,-4.29,2025-09-08,2025-06-18,2025-09-08,1,73
C:\data\11-CHANTIERS\BURE\10-ACTIVITES\Rapports d'activité\2025\250902-rapport mensuel septembre\1-tableaux\GER\01_46-B-GER-SMC1-T131-PM_138-25-09-08.xlsm,Déplacements,GER,T131,2025-09,DH bas droit,-0.24,-12.96,2025-09-08,2025-06-18,2025-09-08,1,73
C:\data\11-CHANTIERS\BURE\10-ACTIVITES\Rapports d'activité\2025\250902-rapport mensuel septembre\1-tableaux\GER\01_46-B-GER-SMC1-T131-PM_138-25-09-08.xlsm,Déplacements,GER,T131,2025-09,DZ bas droit,0.0,2.67,2025-09-08,2025-06-18,2025-09-08,1,73
C:\data\11-CHANTIERS\BURE\10-ACTIVITES\Rapports d'activité\2025\250902-rapport mensuel septembre\1-tableaux\GER\01_46-B-GER-SMC1-T131-PM_138-25-09-08.xlsm,Déplacements,GER,T131,2025-09,"DZ centre haut x2
(interpolé)",-1.0,-63.8,2025-09-08,2025-06-18,2025-09-08,1,73
C:\data\11-CHANTIERS\BURE\10-ACTIVITES\Rapports d'activité\2025\250902-rapport mensuel septembre\1-tableaux\GER\01_46-B-GER-SMC1-T131-PM_138-25-09-08.xlsm,Déplacements,GER,T131,2025-09,VITESSE EVOL DZ,,,,,,1,73
C:\data\11-CHANTIERS\BURE\10-ACTIVITES\Rapports d'activité\2025\250902-rapport mensuel septembre\1-tableaux\GER\01_47-B-GER-SMC1-T163-PM_162_6-25-09-08.xlsm,Déplacements,GER,T163,2025-09,DPM bas gauche,0.24,-0.18,2025-09-08,2025-06-18,2025-09-08,1,40
C:\data\11-CHANTIERS\BURE\10-ACTIVITES\Rapports d'activité\2025\250902-rapport mensuel septembre\1-tableaux\GER\01_47-B-GER-SMC1-T163-PM_162_6-25-09-08.xlsm,Déplacements,GER,T163,2025-09,DH bas gauche,0.66,9.85,2025-09-08,2025-06-18,2025-09-08,1,40
C:\data\11-CHANTIERS\BURE\10-ACTIVITES\Rapports d'activité\2025\250902-rapport mensuel septembre\1-tableaux\GER\01_47-B-GER-SMC1-T163-PM_162_6-25-09-08.xlsm,Déplacements,GER,T163,2025-09,DZ bas gauche,0.6,2.9,2025-09-08,2025-06-18,2025-09-08,1,40
C:\data\11-CHANTIERS\BURE\10-ACTIVITES\Rapports d'activité\2025\250902-rapport mensuel septembre\1-tableaux\GER\01_47-B-GER-SMC1-T163-PM_162_6-25-09-08.xlsm,Déplacements,GER,T163,2025-09,DPM haut gauche,1.3,1.94,2025-09-08,2025-06-18,2025-09-08,1,40
C:\data\11-CHANTIERS\BURE\10-ACTIVITES\Rapports d'activité\2025\250902-rapport mensuel septembre\1-tableaux\GER\01_47-B-GER-SMC1-T163-PM_162_6-25-09-08.xlsm,Déplacements,GER,T163,2025-09,DH haut gauche,0.05,11.94,2025-09-08,2025-06-18,2025-09-08,1,40
C:\data\11-CHANTIERS\BURE\10-ACTIVITES\Rapports d'activité\2025\250902-rapport mensuel septembre\1-tableaux\GER\01_47-B-GER-SMC1-T163-PM_162_6-25-09-08.xlsm,Déplacements,GER,T163,2025-09,DZ haut gauche,-0.7,-7.52,2025-09-08,2025-06-18,2025-09-08,1,40
C:\data\11-CHANTIERS\BURE\10-ACTIVITES\Rapports d'activité\2025\250902-rapport mensuel septembre\1-tableaux\GER\01_47-B-GER-SMC1-T163-PM_162_6-25-09-08.xlsm,Déplacements,GER,T163,2025-09,DPM centre haut,0.76,-3.58,2025-09-08,2025-06-18,2025-09-08,1,40
C:\data\11-CHANTIERS\BURE\10-ACTIVITES\Rapports d'activité\2025\250902-rapport mensuel septembre\1-tableaux\GER\01_47-B-GER-SMC1-T163-PM_162_6-25-09-08.xlsm,Déplacements,GER,T163,2025-09,DH centre haut,0.02,3.41,2025-09-08,2025-06-18,2025-09-08,1,40
C:\data\11-CHANTIERS\BURE\10-ACTIVITES\Rapports d'activité\2025\250902-rapport mensuel septembre\1-tableaux\GER\01_47-B-GER-SMC1-T163-PM_162_6-25-09-08.xlsm,Déplacements,GER,T163,2025-09,DZ centre haut,-0.2,-37.5,2025-09-08,2025-06-18,2025-09-08,1,40
C:\data\11-CHANTIERS\BURE\10-ACTIVITES\Rapports d'activité\2025\250902-rapport mensuel septembre\1-tableaux\GER\01_47-B-GER-SMC1-T163-PM_162_6-25-09-08.xlsm,Déplacements,GER,T163,2025-09,DPM haut droit,-0.06,-0.72,2025-09-08,2025-06-18,2025-09-08,1,40
C:\data\11-CHANTIERS\BURE\10-ACTIVITES\Rapports d'activité\2025\250902-rapport mensuel septembre\1-tableaux\GER\01_47-B-GER-SMC1-T163-PM_162_6-25-09-08.xlsm,Déplacements,GER,T163,2025-09,DH haut droit,-0.58,-10.05,2025-09-08,2025-06-18,2025-09-08,1,40
C:\data\11-CHANTIERS\BURE\10-ACTIVITES\Rapports d'activité\2025\250902-rapport mensuel septembre\1-tableaux\GER\01_47-B-GER-SMC1-T163-PM_162_6-25-09-08.xlsm,Déplacements,GER,T163,2025-09,DZ haut droit,0.1,-6.1,2025-09-08,2025-06-18,2025-09-08,1,40
C:\data\11-CHANTIERS\BURE\10-ACTIVITES\Rapports d'activité\2025\250902-rapport mensuel septembre\1-tableaux\GER\01_47-B-GER-SMC1-T163-PM_162_6-25-09-08.xlsm,Déplacements,GER,T163,2025-09,DPM bas droit,0.98,-0.17,2025-09-08,2025-06-18,2025-09-08,1,40
C:\data\11-CHANTIERS\BURE\10-ACTIVITES\Rapports d'activité\2025\250902-rapport mensuel septembre\1-tableaux\GER\01_47-B-GER-SMC1-T163-PM_162_6-25-09-08.xlsm,Déplacements,GER,T163,2025-09,DH bas droit,-0.21,-9.57,2025-09-08,2025-06-18,2025-09-08,1,40
C:\data\11-CHANTIERS\BURE\10-ACTIVITES\Rapports d'activité\2025\250902-rapport mensuel septembre\1-tableaux\GER\01_47-B-GER-SMC1-T163-PM_162_6-25-09-08.xlsm,Déplacements,GER,T163,2025-09,DZ bas droit,0.6,-0.2,2025-09-08,2025-06-18,2025-09-08,1,40
C:\data\11-CHANTIERS\BURE\10-ACTIVITES\Rapports d'activité\2025\250902-rapport mensuel septembre\1-tableaux\GER\01_47-B-GER-SMC1-T163-PM_162_6-25-09-08.xlsm,Déplacements,GER,T163,2025-09,"DZ centre haut x2
(interpolé)",-0.4,-75.0,2025-09-08,2025-06-18,2025-09-08,1,40
C:\data\11-CHANTIERS\BURE\10-ACTIVITES\Rapports d'activité\2025\250902-rapport mensuel septembre\1-tableaux\GER\01_47-B-GER-SMC1-T163-PM_162_6-25-09-08.xlsm,Déplacements,GER,T163,2025-09,VITESSE EVOL DZ,,,,,,1,40
C:\data\11-CHANTIERS\BURE\10-ACTIVITES\Rapports d'activité\2025\250902-rapport mensuel septembre\1-tableaux\GGS\03_101-GVA_SMC_C001_PM001_25_09_10.xlsm,Déplacements,GVA,C001,2025-09,DGRD6+ bas gauche,1.19,2.41,2025-09-10,2025-06-17,2025-09-10,1,37
C:\data\11-CHANTIERS\BURE\10-ACTIVITES\Rapports d'activité\2025\250902-rapport mensuel septembre\1-tableaux\GGS\03_101-GVA_SMC_C001_PM001_25_09_10.xlsm,Déplacements,GVA,C001,2025-09,DGGS+ bas gauche,-0.66,-1.86,2025-09-10,2025-06-17,2025-09-10,1,37
C:\data\11-CHANTIERS\BURE\10-ACTIVITES\Rapports d'activité\2025\250902-rapport mensuel septembre\1-tableaux\GGS\03_101-GVA_SMC_C001_PM001_25_09_10.xlsm,Déplacements,GVA,C001,2025-09,DZ bas gauche,-0.4,-2.0,2025-09-10,2025-06-17,2025-09-10,1,37
C:\data\11-CHANTIERS\BURE\10-ACTIVITES\Rapports d'activité\2025\250902-rapport mensuel septembre\1-tableaux\GGS\03_101-GVA_SMC_C001_PM001_25_09_10.xlsm,Déplacements,GVA,C001,2025-09,DGRD6+ haut gauche,1.01,1.61,2025-09-10,2025-06-17,2025-09-10,1,37
C:\data\11-CHANTIERS\BURE\10-ACTIVITES\Rapports d'activité\2025\250902-rapport mensuel septembre\1-tableaux\GGS\03_101-GVA_SMC_C001_PM001_25_09_10.xlsm,Déplacements,GVA,C001,2025-09,DGGS+ haut gauche,-0.74,-1.79,2025-09-10,2025-06-17,2025-09-10,1,37
C:\data\11-CHANTIERS\BURE\10-ACTIVITES\Rapports d'activité\2025\250902-rapport mensuel septembre\1-tableaux\GGS\03_101-GVA_SMC_C001_PM001_25_09_10.xlsm,Déplacements,GVA,C001,2025-09,DZ haut gauche,0.8,-0.4,2025-09-10,2025-06-17,2025-09-10,1,37
C:\data\11-CHANTIERS\BURE\10-ACTIVITES\Rapports d'activité\2025\250902-rapport mensuel septembre\1-tableaux\GGS\03_101-GVA_SMC_C001_PM001_25_09_10.xlsm,Déplacements,GVA,C001,2025-09,DGRD6+ centre haut,-0.88,0.88,2025-09-10,2025-06-17,2025-09-10,1,37
C:\data\11-CHANTIERS\BURE\10-ACTIVITES\Rapports d'activité\2025\250902-rapport mensuel septembre\1-tableaux\GGS\03_101-GVA_SMC_C001_PM001_25_09_10.xlsm,Déplacements,GVA,C001,2025-09,DGGS+ centre haut,0.69,-0.47,2025-09-10,2025-06-17,2025-09-10,1,37
C:\data\11-CHANTIERS\BURE\10-ACTIVITES\Rapports d'activité\2025\250902-rapport mensuel septembre\1-tableaux\GGS\03_101-GVA_SMC_C001_PM001_25_09_10.xlsm,Déplacements,GVA,C001,2025-09,DZ centre haut,-0.1,-1.4,2025-09-10,2025-06-17,2025-09-10,1,37
C:\data\11-CHANTIERS\BURE\10-ACTIVITES\Rapports d'activité\2025\250902-rapport mensuel septembre\1-tableaux\GGS\03_101-GVA_SMC_C001_PM001_25_09_10.xlsm,Déplacements,GVA,C001,2025-09,DGRD6+ haut droit,-3.3,-2.06,2025-09-10,2025-06-17,2025-09-10,1,37
C:\data\11-CHANTIERS\BURE\10-ACTIVITES\Rapports d'activité\2025\250902-rapport mensuel septembre\1-tableaux\GGS\03_101-GVA_SMC_C001_PM001_25_09_10.xlsm,Déplacements,GVA,C001,2025-09,DGGS+ haut droit,-1.43,-3.39,2025-09-10,2025-06-17,2025-09-10,1,37
C:\data\11-CHANTIERS\BURE\10-ACTIVITES\Rapports d'activité\2025\250902-rapport mensuel septembre\1-tableaux\GGS\03_101-GVA_SMC_C001_PM001_25_09_10.xlsm,Déplacements,GVA,C001,2025-09,DZ haut droit,-0.9,-1.7,2025-09-10,2025-06-17,2025-09-10,1,37
C:\data\11-CHANTIERS\BURE\10-ACTIVITES\Rapports d'activité\2025\250902-rapport mensuel septembre\1-tableaux\GGS\03_101-GVA_SMC_C001_PM001_25_09_10.xlsm,Déplacements,GVA,C001,2025-09,DGRD6+ bas droit,-2.19,-0.45,2025-09-10,2025-06-17,2025-09-10,1,37
C:\data\11-CHANTIERS\BURE\10-ACTIVITES\Rapports d'activité\2025\250902-rapport mensuel septembre\1-tableaux\GGS\03_101-GVA_SMC_C001_PM001_25_09_10.xlsm,Déplacements,GVA,C001,2025-09,DGGS+ bas droit,-1.46,-3.52,2025-09-10,2025-06-17,2025-09-10,1,37
C:\data\11-CHANTIERS\BURE\10-ACTIVITES\Rapports d'activité\2025\250902-rapport mensuel septembre\1-tableaux\GGS\03_101-GVA_SMC_C001_PM001_25_09_10.xlsm,Déplacements,GVA,C001,2025-09,DZ bas droit,0.7,-0.1,2025-09-10,2025-06-17,2025-09-10,1,37
C:\data\11-CHANTIERS\BURE\10-ACTIVITES\Rapports d'activité\2025\250902-rapport mensuel septembre\1-tableaux\GGS\03_101-GVA_SMC_C001_PM001_25_09_10.xlsm,Déplacements,GVA,C001,2025-09,"DZ centre haut x2
(interpolé)",-0.2,-2.8,2025-09-10,2025-06-17,2025-09-10,1,37
C:\data\11-CHANTIERS\BURE\10-ACTIVITES\Rapports d'activité\2025\250902-rapport mensuel septembre\1-tableaux\GGS\03_101-GVA_SMC_C001_PM001_25_09_10.xlsm,Déplacements,GVA,C001,2025-09,VITESSE EVOL DZ,,,,,,1,37
C:\data\11-CHANTIERS\BURE\10-ACTIVITES\Rapports d'activité\2025\250902-rapport mensuel septembre\1-tableaux\GGS\03_102-B-GRD_SMC_C105_PM163_25_09_10.xlsm,Déplacements,GRD,C105,2025-09,DGRD4+ bas gauche,-0.69,-5.61,2025-09-10,2025-03-28,2025-09-10,1,37
C:\data\11-CHANTIERS\BURE\10-ACTIVITES\Rapports d'activité\2025\250902-rapport mensuel septembre\1-tableaux\GGS\03_102-B-GRD_SMC_C105_PM163_25_09_10.xlsm,Déplacements,GRD,C105,2025-09,DGVA+ bas gauche,2.43,5.88,2025-09-10,2025-03-28,2025-09-10,1,37
C:\data\11-CHANTIERS\BURE\10-ACTIVITES\Rapports d'activité\2025\250902-rapport mensuel septembre\1-tableaux\GGS\03_102-B-GRD_SMC_C105_PM163_25_09_10.xlsm,Déplacements,GRD,C105,2025-09,DZ bas gauche,-0.6,-1.2,2025-09-10,2025-03-28,2025-09-10,1,37
C:\data\11-CHANTIERS\BURE\10-ACTIVITES\Rapports d'activité\2025\250902-rapport mensuel septembre\1-tableaux\GGS\03_102-B-GRD_SMC_C105_PM163_25_09_10.xlsm,Déplacements,GRD,C105,2025-09,DGRD4+ haut gauche,0.07,-0.42,2025-09-10,2025-06-17,2025-09-10,1,37
C:\data\11-CHANTIERS\BURE\10-ACTIVITES\Rapports d'activité\2025\250902-rapport mensuel septembre\1-tableaux\GGS\03_102-B-GRD_SMC_C105_PM163_25_09_10.xlsm,Déplacements,GRD,C105,2025-09,DGVA+ haut gauche,-0.63,4.44,2025-09-10,2025-06-17,2025-09-10,1,37
C:\data\11-CHANTIERS\BURE\10-ACTIVITES\Rapports d'activité\2025\250902-rapport mensuel septembre\1-tableaux\GGS\03_102-B-GRD_SMC_C105_PM163_25_09_10.xlsm,Déplacements,GRD,C105,2025-09,DZ haut gauche,0.5,-4.4,2025-09-10,2025-06-17,2025-09-10,1,37
C:\data\11-CHANTIERS\BURE\10-ACTIVITES\Rapports d'activité\2025\250902-rapport mensuel septembre\1-tableaux\GGS\03_102-B-GRD_SMC_C105_PM163_25_09_10.xlsm,Déplacements,GRD,C105,2025-09,DGRD4+ centre haut,-0.05,0.15,2025-09-10,2025-06-17,2025-09-10,1,37
C:\data\11-CHANTIERS\BURE\10-ACTIVITES\Rapports d'activité\2025\250902-rapport mensuel septembre\1-tableaux\GGS\03_102-B-GRD_SMC_C105_PM163_25_09_10.xlsm,Déplacements,GRD,C105,2025-09,DGVA+ centre haut,4.61,10.55,2025-09-10,2025-06-17,2025-09-10,1,37
C:\data\11-CHANTIERS\BURE\10-ACTIVITES\Rapports d'activité\2025\250902-rapport mensuel septembre\1-tableaux\GGS\03_102-B-GRD_SMC_C105_PM163_25_09_10.xlsm,Déplacements,GRD,C105,2025-09,DZ centre haut,-0.5,-4.3,2025-09-10,2025-06-17,2025-09-10,1,37
C:\data\11-CHANTIERS\BURE\10-ACTIVITES\Rapports d'activité\2025\250902-rapport mensuel septembre\1-tableaux\GGS\03_102-B-GRD_SMC_C105_PM163_25_09_10.xlsm,Déplacements,GRD,C105,2025-09,DGRD4+ haut droit,0.95,2.28,2025-09-10,2025-06-17,2025-09-10,1,37
C:\data\11-CHANTIERS\BURE\10-ACTIVITES\Rapports d'activité\2025\250902-rapport mensuel septembre\1-tableaux\GGS\03_102-B-GRD_SMC_C105_PM163_25_09_10.xlsm,Déplacements,GRD,C105,2025-09,DGVA+ haut droit,-1.1,0.07,2025-09-10,2025-06-17,2025-09-10,1,37
C:\data\11-CHANTIERS\BURE\10-ACTIVITES\Rapports d'activité\2025\250902-rapport mensuel septembre\1-tableaux\GGS\03_102-B-GRD_SMC_C105_PM163_25_09_10.xlsm,Déplacements,GRD,C105,2025-09,DZ haut droit,0.9,-0.5,2025-09-10,2025-06-17,2025-09-10,1,37
C:\data\11-CHANTIERS\BURE\10-ACTIVITES\Rapports d'activité\2025\250902-rapport mensuel septembre\1-tableaux\GGS\03_102-B-GRD_SMC_C105_PM163_25_09_10.xlsm,Déplacements,GRD,C105,2025-09,DGRD4+ bas droit,-1.15,-0.99,2025-09-10,2025-06-17,2025-09-10,1,37
C:\data\11-CHANTIERS\BURE\10-ACTIVITES\Rapports d'activité\2025\250902-rapport mensuel septembre\1-tableaux\GGS\03_102-B-GRD_SMC_C105_PM163_25_09_10.xlsm,Déplacements,GRD,C105,2025-09,DGVA+ bas droit,-1.31,-1.67,2025-09-10,2025-06-17,2025-09-10,1,37
C:\data\11-CHANTIERS\BURE\10-ACTIVITES\Rapports d'activité\2025\250902-rapport mensuel septembre\1-tableaux\GGS\03_102-B-GRD_SMC_C105_PM163_25_09_10.xlsm,Déplacements,GRD,C105,2025-09,DZ bas droit,0.3,-0.8,2025-09-10,2025-06-17,2025-09-10,1,37
C:\data\11-CHANTIERS\BURE\10-ACTIVITES\Rapports d'activité\2025\250902-rapport mensuel septembre\1-tableaux\GGS\03_102-B-GRD_SMC_C105_PM163_25_09_10.xlsm,Déplacements,GRD,C105,2025-09,"DZ centre haut x2
(interpolé)",-1.0,-8.6,2025-09-10,2025-06-17,2025-09-10,1,37
C:\data\11-CHANTIERS\BURE\10-ACTIVITES\Rapports d'activité\2025\250902-rapport mensuel septembre\1-tableaux\GGS\03_102-B-GRD_SMC_C105_PM163_25_09_10.xlsm,Déplacements,GRD,C105,2025-09,VITESSE EVOL DZ,,,,,,1,37
C:\data\11-CHANTIERS\BURE\10-ACTIVITES\Rapports d'activité\2025\250902-rapport mensuel septembre\1-tableaux\GGS\03_103-GRD_SMC_C116_PM172_25-09-10.xlsm,Déplacements,GRD,C116,2025-09,DGRD6+ bas gauche,-0.65,-2.71,2025-09-10,2025-06-17,2025-09-10,1,35
C:\data\11-CHANTIERS\BURE\10-ACTIVITES\Rapports d'activité\2025\250902-rapport mensuel septembre\1-tableaux\GGS\03_103-GRD_SMC_C116_PM172_25-09-10.xlsm,Déplacements,GRD,C116,2025-09,DGGS+ bas gauche,0.8,0.72,2025-09-10,2025-06-17,2025-09-10,1,35
C:\data\11-CHANTIERS\BURE\10-ACTIVITES\Rapports d'activité\2025\250902-rapport mensuel septembre\1-tableaux\GGS\03_103-GRD_SMC_C116_PM172_25-09-10.xlsm,Déplacements,GRD,C116,2025-09,DZ bas gauche,0.4,6.4,2025-09-10,2025-06-17,2025-09-10,1,35
C:\data\11-CHANTIERS\BURE\10-ACTIVITES\Rapports d'activité\2025\250902-rapport mensuel septembre\1-tableaux\GGS\03_103-GRD_SMC_C116_PM172_25-09-10.xlsm,Déplacements,GRD,C116,2025-09,DGRD6+ haut gauche,,-2.05,,2025-01-14,2025-01-14,1,35
C:\data\11-CHANTIERS\BURE\10-ACTIVITES\Rapports d'activité\2025\250902-rapport mensuel septembre\1-tableaux\GGS\03_103-GRD_SMC_C116_PM172_25-09-10.xlsm,Déplacements,GRD,C116,2025-09,DGGS+ haut gauche,,0.15,,2025-01-14,2025-01-14,1,35
C:\data\11-CHANTIERS\BURE\10-ACTIVITES\Rapports d'activité\2025\250902-rapport mensuel septembre\1-tableaux\GGS\03_103-GRD_SMC_C116_PM172_25-09-10.xlsm,Déplacements,GRD,C116,2025-09,DZ haut gauche,,-1.8,,2025-01-14,2025-01-14,1,35
C:\data\11-CHANTIERS\BURE\10-ACTIVITES\Rapports d'activité\2025\250902-rapport mensuel septembre\1-tableaux\GGS\03_103-GRD_SMC_C116_PM172_25-09-10.xlsm,Déplacements,GRD,C116,2025-09,DGRD6+ centre haut,-1.55,-3.35,2025-09-10,2025-06-17,2025-09-10,1,35
C:\data\11-CHANTIERS\BURE\10-ACTIVITES\Rapports d'activité\2025\250902-rapport mensuel septembre\1-tableaux\GGS\03_103-GRD_SMC_C116_PM172_25-09-10.xlsm,Déplacements,GRD,C116,2025-09,DGGS+ centre haut,0.49,-4.87,2025-09-10,2025-06-17,2025-09-10,1,35
C:\data\11-CHANTIERS\BURE\10-ACTIVITES\Rapports d'activité\2025\250902-rapport mensuel septembre\1-tableaux\GGS\03_103-GRD_SMC_C116_PM172_25-09-10.xlsm,Déplacements,GRD,C116,2025-09,DZ centre haut,-0.5,-4.3,2025-09-10,2025-06-17,2025-09-10,1,35
C:\data\11-CHANTIERS\BURE\10-ACTIVITES\Rapports d'activité\2025\250902-rapport mensuel septembre\1-tableaux\GGS\03_103-GRD_SMC_C116_PM172_25-09-10.xlsm,Déplacements,GRD,C116,2025-09,DGRD6+ haut droit,0.63,-2.65,2025-09-10,2025-06-17,2025-09-10,1,35
C:\data\11-CHANTIERS\BURE\10-ACTIVITES\Rapports d'activité\2025\250902-rapport mensuel septembre\1-tableaux\GGS\03_103-GRD_SMC_C116_PM172_25-09-10.xlsm,Déplacements,GRD,C116,2025-09,DGGS+ haut droit,0.3,-3.55,2025-09-10,2025-06-17,2025-09-10,1,35
C:\data\11-CHANTIERS\BURE\10-ACTIVITES\Rapports d'activité\2025\250902-rapport mensuel septembre\1-tableaux\GGS\03_103-GRD_SMC_C116_PM172_25-09-10.xlsm,Déplacements,GRD,C116,2025-09,DZ haut droit,0.1,-4.2,2025-09-10,2025-06-17,2025-09-10,1,35
C:\data\11-CHANTIERS\BURE\10-ACTIVITES\Rapports d'activité\2025\250902-rapport mensuel septembre\1-tableaux\GGS\03_103-GRD_SMC_C116_PM172_25-09-10.xlsm,Déplacements,GRD,C116,2025-09,DGRD6+ bas droit,1.22,-5.68,2025-09-10,2025-06-17,2025-09-10,1,35
C:\data\11-CHANTIERS\BURE\10-ACTIVITES\Rapports d'activité\2025\250902-rapport mensuel septembre\1-tableaux\GGS\03_103-GRD_SMC_C116_PM172_25-09-10.xlsm,Déplacements,GRD,C116,2025-09,DGGS+ bas droit,0.46,-6.51,2025-09-10,2025-06-17,2025-09-10,1,35
C:\data\11-CHANTIERS\BURE\10-ACTIVITES\Rapports d'activité\2025\250902-rapport mensuel septembre\1-tableaux\GGS\03_103-GRD_SMC_C116_PM172_25-09-10.xlsm,Déplacements,GRD,C116,2025-09,DZ bas droit,0.3,0.5,2025-09-10,2025-06-17,2025-09-10,1,35
C:\data\11-CHANTIERS\BURE\10-ACTIVITES\Rapports d'activité\2025\250902-rapport mensuel septembre\1-tableaux\GGS\03_103-GRD_SMC_C116_PM172_25-09-10.xlsm,Déplacements,GRD,C116,2025-09,"DZ centre haut x2
(interpolé)",-1.0,-8.6,2025-09-10,2025-06-17,2025-09-10,1,35
C:\data\11-CHANTIERS\BURE\10-ACTIVITES\Rapports d'activité\2025\250902-rapport mensuel septembre\1-tableaux\GGS\03_103-GRD_SMC_C116_PM172_25-09-10.xlsm,Déplacements,GRD,C116,2025-09,VITESSE EVOL DZ,,,,,,1,35
C:\data\11-CHANTIERS\BURE\10-ACTIVITES\Rapports d'activité\2025\250902-rapport mensuel septembre\1-tableaux\GGS\03_104-GGS_SMC_C003_PM001_25_09_30.xlsm,Déplacements,GGS,C003,2025-09,DPM bas gauche,-0.2,-9.58,2025-09-30,2025-08-25,2025-09-30,4,57
C:\data\11-CHANTIERS\BURE\10-ACTIVITES\Rapports d'activité\2025\250902-rapport mensuel septembre\1-tableaux\GGS\03_104-GGS_SMC_C003_PM001_25_09_30.xlsm,Déplacements,GGS,C003,2025-09,DH bas gauche,0.9,9.66,2025-09-30,2025-08-25,2025-09-30,4,57
C:\data\11-CHANTIERS\BURE\10-ACTIVITES\Rapports d'activité\2025\250902-rapport mensuel septembre\1-tableaux\GGS\03_104-GGS_SMC_C003_PM001_25_09_30.xlsm,Déplacements,GGS,C003,2025-09,DZ bas gauche,0.3,0.3,2025-09-30,2025-08-25,2025-09-30,4,57
C:\data\11-CHANTIERS\BURE\10-ACTIVITES\Rapports d'activité\2025\250902-rapport mensuel septembre\1-tableaux\GGS\03_104-GGS_SMC_C003_PM001_25_09_30.xlsm,Déplacements,GGS,C003,2025-09,DPM haut gauche,0.01,-7.68,2025-09-30,2025-08-25,2025-09-30,4,57
C:\data\11-CHANTIERS\BURE\10-ACTIVITES\Rapports d'activité\2025\250902-rapport mensuel septembre\1-tableaux\GGS\03_104-GGS_SMC_C003_PM001_25_09_30.xlsm,Déplacements,GGS,C003,2025-09,DH haut gauche,0.45,7.23,2025-09-30,2025-08-25,2025-09-30,4,57
C:\data\11-CHANTIERS\BURE\10-ACTIVITES\Rapports d'activité\2025\250902-rapport mensuel septembre\1-tableaux\GGS\03_104-GGS_SMC_C003_PM001_25_09_30.xlsm,Déplacements,GGS,C003,2025-09,DZ haut gauche,0.2,-8.8,2025-09-30,2025-08-25,2025-09-30,4,57
C:\data\11-CHANTIERS\BURE\10-ACTIVITES\Rapports d'activité\2025\250902-rapport mensuel septembre\1-tableaux\GGS\03_104-GGS_SMC_C003_PM001_25_09_30.xlsm,Déplacements,GGS,C003,2025-09,DPM centre haut,0.14,-4.05,2025-09-30,2025-08-25,2025-09-30,4,57
C:\data\11-CHANTIERS\BURE\10-ACTIVITES\Rapports d'activité\2025\250902-rapport mensuel septembre\1-tableaux\GGS\03_104-GGS_SMC_C003_PM001_25_09_30.xlsm,Déplacements,GGS,C003,2025-09,DH centre haut,0.18,0.65,2025-09-30,2025-08-25,2025-09-30,4,57
C:\data\11-CHANTIERS\BURE\10-ACTIVITES\Rapports d'activité\2025\250902-rapport mensuel septembre\1-tableaux\GGS\03_104-GGS_SMC_C003_PM001_25_09_30.xlsm,Déplacements,GGS,C003,2025-09,DZ centre haut,-0.5,-11.0,2025-09-30,2025-08-25,2025-09-30,4,57
C:\data\11-CHANTIERS\BURE\10-ACTIVITES\Rapports d'activité\2025\250902-rapport mensuel septembre\1-tableaux\GGS\03_104-GGS_SMC_C003_PM001_25_09_30.xlsm,Déplacements,GGS,C003,2025-09,DPM haut droit,,-6.26,,2025-02-24,2025-02-24,4,57
C:\data\11-CHANTIERS\BURE\10-ACTIVITES\Rapports d'activité\2025\250902-rapport mensuel septembre\1-tableaux\GGS\03_104-GGS_SMC_C003_PM001_25_09_30.xlsm,Déplacements,GGS,C003,2025-09,DH haut droit,,-3.14,,2025-02-24,2025-02-24,4,57
C:\data\11-CHANTIERS\BURE\10-ACTIVITES\Rapports d'activité\2025\250902-rapport mensuel septembre\1-tableaux\GGS\03_104-GGS_SMC_C003_PM001_25_09_30.xlsm,Déplacements,GGS,C003,2025-09,DZ haut droit,,-7.1,,2025-02-24,2025-02-24,4,57
C:\data\11-CHANTIERS\BURE\10-ACTIVITES\Rapports d'activité\2025\250902-rapport mensuel septembre\1-tableaux\GGS\03_104-GGS_SMC_C003_PM001_25_09_30.xlsm,Déplacements,GGS,C003,2025-09,DPM bas droit,0.42,-7.24,2025-09-30,2025-08-25,2025-09-30,4,57
C:\data\11-CHANTIERS\BURE\10-ACTIVITES\Rapports d'activité\2025\250902-rapport mensuel septembre\1-tableaux\GGS\03_104-GGS_SMC_C003_PM001_25_09_30.xlsm,Déplacements,GGS,C003,2025-09,DH bas droit,0.53,-7.9,2025-09-30,2025-08-25,2025-09-30,4,57
C:\data\11-CHANTIERS\BURE\10-ACTIVITES\Rapports d'activité\2025\250902-rapport mensuel septembre\1-tableaux\GGS\03_104-GGS_SMC_C003_PM001_25_09_30.xlsm,Déplacements,GGS,C003,2025-09,DZ bas droit,0.2,3.6,2025-09-30,2025-08-25,2025-09-30,4,57
C:\data\11-CHANTIERS\BURE\10-ACTIVITES\Rapports d'activité\2025\250902-rapport mensuel septembre\1-tableaux\GGS\03_104-GGS_SMC_C003_PM001_25_09_30.xlsm,Déplacements,GGS,C003,2025-09,"DZ centre haut x2
(interpolé)",-1.0,-22.0,2025-09-30,2025-08-25,2025-09-30,4,57
C:\data\11-CHANTIERS\BURE\10-ACTIVITES\Rapports d'activité\2025\250902-rapport mensuel septembre\1-tableaux\GGS\03_104-GGS_SMC_C003_PM001_25_09_30.xlsm,Déplacements,GGS,C003,2025-09,VITESSE EVOL DZ,,,,,,4,57
C:\data\11-CHANTIERS\BURE\10-ACTIVITES\Rapports d'activité\2025\250902-rapport mensuel septembre\1-tableaux\GGS\03_105-GGS_SMC_C007_PM005_25_09_30.xlsm,Déplacements,GGS,C007,2025-09,DPM bas gauche,-0.78,-7.08,2025-09-30,2025-08-25,2025-09-30,4,49
C:\data\11-CHANTIERS\BURE\10-ACTIVITES\Rapports d'activité\2025\250902-rapport mensuel septembre\1-tableaux\GGS\03_105-GGS_SMC_C007_PM005_25_09_30.xlsm,Déplacements,GGS,C007,2025-09,DH bas gauche,0.96,12.59,2025-09-30,2025-08-25,2025-09-30,4,49
C:\data\11-CHANTIERS\BURE\10-ACTIVITES\Rapports d'activité\2025\250902-rapport mensuel septembre\1-tableaux\GGS\03_105-GGS_SMC_C007_PM005_25_09_30.xlsm,Déplacements,GGS,C007,2025-09,DZ bas gauche,0.3,0.8,2025-09-30,2025-08-25,2025-09-30,4,49
C:\data\11-CHANTIERS\BURE\10-ACTIVITES\Rapports d'activité\2025\250902-rapport mensuel septembre\1-tableaux\GGS\03_105-GGS_SMC_C007_PM005_25_09_30.xlsm,Déplacements,GGS,C007,2025-09,DPM haut gauche,-0.48,-2.53,2025-09-30,2025-08-25,2025-09-30,4,49
C:\data\11-CHANTIERS\BURE\10-ACTIVITES\Rapports d'activité\2025\250902-rapport mensuel septembre\1-tableaux\GGS\03_105-GGS_SMC_C007_PM005_25_09_30.xlsm,Déplacements,GGS,C007,2025-09,DH haut gauche,0.33,8.86,2025-09-30,2025-08-25,2025-09-30,4,49
C:\data\11-CHANTIERS\BURE\10-ACTIVITES\Rapports d'activité\2025\250902-rapport mensuel septembre\1-tableaux\GGS\03_105-GGS_SMC_C007_PM005_25_09_30.xlsm,Déplacements,GGS,C007,2025-09,DZ haut gauche,-0.2,-4.5,2025-09-30,2025-08-25,2025-09-30,4,49
C:\data\11-CHANTIERS\BURE\10-ACTIVITES\Rapports d'activité\2025\250902-rapport mensuel septembre\1-tableaux\GGS\03_105-GGS_SMC_C007_PM005_25_09_30.xlsm,Déplacements,GGS,C007,2025-09,DPM centre haut,-1.73,-12.8,2025-09-30,2025-08-25,2025-09-30,4,49
C:\data\11-CHANTIERS\BURE\10-ACTIVITES\Rapports d'activité\2025\250902-rapport mensuel septembre\1-tableaux\GGS\03_105-GGS_SMC_C007_PM005_25_09_30.xlsm,Déplacements,GGS,C007,2025-09,DH centre haut,2.06,-15.02,2025-09-30,2025-08-25,2025-09-30,4,49
C:\data\11-CHANTIERS\BURE\10-ACTIVITES\Rapports d'activité\2025\250902-rapport mensuel septembre\1-tableaux\GGS\03_105-GGS_SMC_C007_PM005_25_09_30.xlsm,Déplacements,GGS,C007,2025-09,DZ centre haut,-2.0,-23.85,2025-09-30,2025-08-25,2025-09-30,4,49
C:\data\11-CHANTIERS\BURE\10-ACTIVITES\Rapports d'activité\2025\250902-rapport mensuel septembre\1-tableaux\GGS\03_105-GGS_SMC_C007_PM005_25_09_30.xlsm,Déplacements,GGS,C007,2025-09,DPM haut droit,,-3.13,,2025-02-24,2025-02-24,4,49
C:\data\11-CHANTIERS\BURE\10-ACTIVITES\Rapports d'activité\2025\250902-rapport mensuel septembre\1-tableaux\GGS\03_105-GGS_SMC_C007_PM005_25_09_30.xlsm,Déplacements,GGS,C007,2025-09,DH haut droit,,-5.82,,2025-02-24,2025-02-24,4,49
C:\data\11-CHANTIERS\BURE\10-ACTIVITES\Rapports d'activité\2025\250902-rapport mensuel septembre\1-tableaux\GGS\03_105-GGS_SMC_C007_PM005_25_09_30.xlsm,Déplacements,GGS,C007,2025-09,DZ haut droit,,-7.18,,2025-02-24,2025-02-24,4,49
C:\data\11-CHANTIERS\BURE\10-ACTIVITES\Rapports d'activité\2025\250902-rapport mensuel septembre\1-tableaux\GGS\03_105-GGS_SMC_C007_PM005_25_09_30.xlsm,Déplacements,GGS,C007,2025-09,DPM bas droit,-0.5,-3.11,2025-09-30,2025-08-25,2025-09-30,4,49
C:\data\11-CHANTIERS\BURE\10-ACTIVITES\Rapports d'activité\2025\250902-rapport mensuel septembre\1-tableaux\GGS\03_105-GGS_SMC_C007_PM005_25_09_30.xlsm,Déplacements,GGS,C007,2025-09,DH bas droit,-0.34,-13.81,2025-09-30,2025-08-25,2025-09-30,4,49
C:\data\11-CHANTIERS\BURE\10-ACTIVITES\Rapports d'activité\2025\250902-rapport mensuel septembre\1-tableaux\GGS\03_105-GGS_SMC_C007_PM005_25_09_30.xlsm,Déplacements,GGS,C007,2025-09,DZ bas droit,0.4,-7.8,2025-09-30,2025-08-25,2025-09-30,4,49
C:\data\11-CHANTIERS\BURE\10-ACTIVITES\Rapports d'activité\2025\250902-rapport mensuel septembre\1-tableaux\GGS\03_105-GGS_SMC_C007_PM005_25_09_30.xlsm,Déplacements,GGS,C007,2025-09,"DZ centre haut x2
(interpolé)",-4.0,-47.7,2025-09-30,2025-08-25,2025-09-30,4,49
C:\data\11-CHANTIERS\BURE\10-ACTIVITES\Rapports d'activité\2025\250902-rapport mensuel septembre\1-tableaux\GGS\03_105-GGS_SMC_C007_PM005_25_09_30.xlsm,Déplacements,GGS,C007,2025-09,VITESSE EVOL DZ,,,,,,4,49
C:\data\11-CHANTIERS\BURE\10-ACTIVITES\Rapports d'activité\2025\250902-rapport mensuel septembre\1-tableaux\GGS\03_106-GGS_SMC_C020_PM005_25_09_30.xlsm,Déplacements,GGS,C020,2025-09,DPM bas gauche,,0.0,,2025-04-04,2025-04-04,5,25
C:\data\11-CHANTIERS\BURE\10-ACTIVITES\Rapports d'activité\2025\250902-rapport mensuel septembre\1-tableaux\GGS\03_106-GGS_SMC_C020_PM005_25_09_30.xlsm,Déplacements,GGS,C020,2025-09,DH bas gauche,,0.0,,2025-04-04,2025-04-04,5,25
C:\data\11-CHANTIERS\BURE\10-ACTIVITES\Rapports d'activité\2025\250902-rapport mensuel septembre\1-tableaux\GGS\03_106-GGS_SMC_C020_PM005_25_09_30.xlsm,Déplacements,GGS,C020,2025-09,DZ bas gauche,,0.0,,2025-04-04,2025-04-04,5,25
C:\data\11-CHANTIERS\BURE\10-ACTIVITES\Rapports d'activité\2025\250902-rapport mensuel septembre\1-tableaux\GGS\03_106-GGS_SMC_C020_PM005_25_09_30.xlsm,Déplacements,GGS,C020,2025-09,DPM inter gauche,-0.16,-1.85,2025-09-30,2025-08-25,2025-09-30,5,25
C:\data\11-CHANTIERS\BURE\10-ACTIVITES\Rapports d'activité\2025\250902-rapport mensuel septembre\1-tableaux\GGS\03_106-GGS_SMC_C020_PM005_25_09_30.xlsm,Déplacements,GGS,C020,2025-09,DH inter gauche,0.59,15.8,2025-09-30,2025-08-25,2025-09-30,5,25
C:\data\11-CHANTIERS\BURE\10-ACTIVITES\Rapports d'activité\2025\250902-rapport mensuel septembre\1-tableaux\GGS\03_106-GGS_SMC_C020_PM005_25_09_30.xlsm,Déplacements,GGS,C020,2025-09,DZ inter gauche,0.5,-10.1,2025-09-30,2025-08-25,2025-09-30,5,25
C:\data\11-CHANTIERS\BURE\10-ACTIVITES\Rapports d'activité\2025\250902-rapport mensuel septembre\1-tableaux\GGS\03_106-GGS_SMC_C020_PM005_25_09_30.xlsm,Déplacements,GGS,C020,2025-09,DPM haut gauche,-0.74,-1.61,2025-09-30,2025-08-25,2025-09-30,5,25
C:\data\11-CHANTIERS\BURE\10-ACTIVITES\Rapports d'activité\2025\250902-rapport mensuel septembre\1-tableaux\GGS\03_106-GGS_SMC_C020_PM005_25_09_30.xlsm,Déplacements,GGS,C020,2025-09,DH haut gauche,0.65,11.5,2025-09-30,2025-08-25,2025-09-30,5,25
C:\data\11-CHANTIERS\BURE\10-ACTIVITES\Rapports d'activité\2025\250902-rapport mensuel septembre\1-tableaux\GGS\03_106-GGS_SMC_C020_PM005_25_09_30.xlsm,Déplacements,GGS,C020,2025-09,DZ haut gauche,-0.2,-13.5,2025-09-30,2025-08-25,2025-09-30,5,25
C:\data\11-CHANTIERS\BURE\10-ACTIVITES\Rapports d'activité\2025\250902-rapport mensuel septembre\1-tableaux\GGS\03_106-GGS_SMC_C020_PM005_25_09_30.xlsm,Déplacements,GGS,C020,2025-09,DPM centre haut,0.63,16.14,2025-09-30,2025-08-25,2025-09-30,5,25
C:\data\11-CHANTIERS\BURE\10-ACTIVITES\Rapports d'activité\2025\250902-rapport mensuel septembre\1-tableaux\GGS\03_106-GGS_SMC_C020_PM005_25_09_30.xlsm,Déplacements,GGS,C020,2025-09,DH centre haut,0.3,6.31,2025-09-30,2025-08-25,2025-09-30,5,25
C:\data\11-CHANTIERS\BURE\10-ACTIVITES\Rapports d'activité\2025\250902-rapport mensuel septembre\1-tableaux\GGS\03_106-GGS_SMC_C020_PM005_25_09_30.xlsm,Déplacements,GGS,C020,2025-09,DZ centre haut,-3.4,-65.6,2025-09-30,2025-08-25,2025-09-30,5,25
C:\data\11-CHANTIERS\BURE\10-ACTIVITES\Rapports d'activité\2025\250902-rapport mensuel septembre\1-tableaux\GGS\03_106-GGS_SMC_C020_PM005_25_09_30.xlsm,Déplacements,GGS,C020,2025-09,DPM haut droit,,0.19,,2025-07-29,2025-07-29,5,25
C:\data\11-CHANTIERS\BURE\10-ACTIVITES\Rapports d'activité\2025\250902-rapport mensuel septembre\1-tableaux\GGS\03_106-GGS_SMC_C020_PM005_25_09_30.xlsm,Déplacements,GGS,C020,2025-09,DH haut droit,,-9.4,,2025-07-29,2025-07-29,5,25
C:\data\11-CHANTIERS\BURE\10-ACTIVITES\Rapports d'activité\2025\250902-rapport mensuel septembre\1-tableaux\GGS\03_106-GGS_SMC_C020_PM005_25_09_30.xlsm,Déplacements,GGS,C020,2025-09,DZ haut droit,,-5.6,,2025-07-29,2025-07-29,5,25
C:\data\11-CHANTIERS\BURE\10-ACTIVITES\Rapports d'activité\2025\250902-rapport mensuel septembre\1-tableaux\GGS\03_106-GGS_SMC_C020_PM005_25_09_30.xlsm,Déplacements,GGS,C020,2025-09,DPM inter droit,-0.48,-1.01,2025-09-30,2025-08-25,2025-09-30,5,25
C:\data\11-CHANTIERS\BURE\10-ACTIVITES\Rapports d'activité\2025\250902-rapport mensuel septembre\1-tableaux\GGS\03_106-GGS_SMC_C020_PM005_25_09_30.xlsm,Déplacements,GGS,C020,2025-09,DH inter droit,-2.76,-15.59,2025-09-30,2025-08-25,2025-09-30,5,25
C:\data\11-CHANTIERS\BURE\10-ACTIVITES\Rapports d'activité\2025\250902-rapport mensuel septembre\1-tableaux\GGS\03_106-GGS_SMC_C020_PM005_25_09_30.xlsm,Déplacements,GGS,C020,2025-09,DZ inter droit,0.1,-6.8,2025-09-30,2025-08-25,2025-09-30,5,25
C:\data\11-CHANTIERS\BURE\10-ACTIVITES\Rapports d'activité\2025\250902-rapport mensuel septembre\1-tableaux\GGS\03_106-GGS_SMC_C020_PM005_25_09_30.xlsm,Déplacements,GGS,C020,2025-09,DPM bas droit,,0.0,,2025-04-04,2025-04-04,5,25
C:\data\11-CHANTIERS\BURE\10-ACTIVITES\Rapports d'activité\2025\250902-rapport mensuel septembre\1-tableaux\GGS\03_106-GGS_SMC_C020_PM005_25_09_30.xlsm,Déplacements,GGS,C020,2025-09,DH bas droit,,0.0,,2025-04-04,2025-04-04,5,25
C:\data\11-CHANTIERS\BURE\10-ACTIVITES\Rapports d'activité\2025\250902-rapport mensuel septembre\1-tableaux\GGS\03_106-GGS_SMC_C020_PM005_25_09_30.xlsm,Déplacements,GGS,C020,2025-09,DZ bas droit,,0.0,,2025-04-04,2025-04-04,5,25
C:\data\11-CHANTIERS\BURE\10-ACTIVITES\Rapports d'activité\2025\250902-rapport mensuel septembre\1-tableaux\GGS\03_106-GGS_SMC_C020_PM005_25_09_30.xlsm,Déplacements,GGS,C020,2025-09,DZ centre haut x2,-6.8,-131.2,2025-09-30,2025-08-25,2025-09-30,5,25
C:\data\11-CHANTIERS\BURE\10-ACTIVITES\Rapports d'activité\2025\250902-rapport mensuel septembre\1-tableaux\GGS\03_107-GGS_SMC_C031_PM024_25_09_30.xlsm,Déplacements,GGS,C031,2025-09,DPM bas gauche,,0.0,,2025-06-25,2025-06-25,5,14
C:\data\11-CHANTIERS\BURE\10-ACTIVITES\Rapports d'activité\2025\250902-rapport mensuel septembre\1-tableaux\GGS\03_107-GGS_SMC_C031_PM024_25_09_30.xlsm,Déplacements,GGS,C031,2025-09,DH bas gauche,,0.0,,2025-06-25,2025-06-25,5,14
C:\data\11-CHANTIERS\BURE\10-ACTIVITES\Rapports d'activité\2025\250902-rapport mensuel septembre\1-tableaux\GGS\03_107-GGS_SMC_C031_PM024_25_09_30.xlsm,Déplacements,GGS,C031,2025-09,DZ bas gauche,,0.0,,2025-06-25,2025-06-25,5,14
C:\data\11-CHANTIERS\BURE\10-ACTIVITES\Rapports d'activité\2025\250902-rapport mensuel septembre\1-tableaux\GGS\03_107-GGS_SMC_C031_PM024_25_09_30.xlsm,Déplacements,GGS,C031,2025-09,DPM inter gauche,-0.99,-2.55,2025-09-30,2025-08-25,2025-09-30,5,14
C:\data\11-CHANTIERS\BURE\10-ACTIVITES\Rapports d'activité\2025\250902-rapport mensuel septembre\1-tableaux\GGS\03_107-GGS_SMC_C031_PM024_25_09_30.xlsm,Déplacements,GGS,C031,2025-09,DH inter gauche,8.04,26.29,2025-09-30,2025-08-25,2025-09-30,5,14
C:\data\11-CHANTIERS\BURE\10-ACTIVITES\Rapports d'activité\2025\250902-rapport mensuel septembre\1-tableaux\GGS\03_107-GGS_SMC_C031_PM024_25_09_30.xlsm,Déplacements,GGS,C031,2025-09,DZ inter gauche,-3.4,-11.7,2025-09-30,2025-08-25,2025-09-30,5,14
C:\data\11-CHANTIERS\BURE\10-ACTIVITES\Rapports d'activité\2025\250902-rapport mensuel septembre\1-tableaux\GGS\03_107-GGS_SMC_C031_PM024_25_09_30.xlsm,Déplacements,GGS,C031,2025-09,DPM haut gauche,-0.13,-0.46,2025-09-30,2025-08-25,2025-09-30,5,14
C:\data\11-CHANTIERS\BURE\10-ACTIVITES\Rapports d'activité\2025\250902-rapport mensuel septembre\1-tableaux\GGS\03_107-GGS_SMC_C031_PM024_25_09_30.xlsm,Déplacements,GGS,C031,2025-09,DH haut gauche,1.7,5.96,2025-09-30,2025-08-25,2025-09-30,5,14
C:\data\11-CHANTIERS\BURE\10-ACTIVITES\Rapports d'activité\2025\250902-rapport mensuel septembre\1-tableaux\GGS\03_107-GGS_SMC_C031_PM024_25_09_30.xlsm,Déplacements,GGS,C031,2025-09,DZ haut gauche,-2.7,-12.0,2025-09-30,2025-08-25,2025-09-30,5,14
C:\data\11-CHANTIERS\BURE\10-ACTIVITES\Rapports d'activité\2025\250902-rapport mensuel septembre\1-tableaux\GGS\03_107-GGS_SMC_C031_PM024_25_09_30.xlsm,Déplacements,GGS,C031,2025-09,DPM centre haut,-2.05,-7.14,2025-09-30,2025-08-25,2025-09-30,5,14
C:\data\11-CHANTIERS\BURE\10-ACTIVITES\Rapports d'activité\2025\250902-rapport mensuel septembre\1-tableaux\GGS\03_107-GGS_SMC_C031_PM024_25_09_30.xlsm,Déplacements,GGS,C031,2025-09,DH centre haut,0.37,0.64,2025-09-30,2025-08-25,2025-09-30,5,14
C:\data\11-CHANTIERS\BURE\10-ACTIVITES\Rapports d'activité\2025\250902-rapport mensuel septembre\1-tableaux\GGS\03_107-GGS_SMC_C031_PM024_25_09_30.xlsm,Déplacements,GGS,C031,2025-09,DZ centre haut,-3.7,-15.7,2025-09-30,2025-08-25,2025-09-30,5,14
C:\data\11-CHANTIERS\BURE\10-ACTIVITES\Rapports d'activité\2025\250902-rapport mensuel septembre\1-tableaux\GGS\03_107-GGS_SMC_C031_PM024_25_09_30.xlsm,Déplacements,GGS,C031,2025-09,DPM haut droit,-1.35,-2.53,2025-09-30,2025-08-25,2025-09-30,5,14
C:\data\11-CHANTIERS\BURE\10-ACTIVITES\Rapports d'activité\2025\250902-rapport mensuel septembre\1-tableaux\GGS\03_107-GGS_SMC_C031_PM024_25_09_30.xlsm,Déplacements,GGS,C031,2025-09,DH haut droit,-3.72,-10.89,2025-09-30,2025-08-25,2025-09-30,5,14
C:\data\11-CHANTIERS\BURE\10-ACTIVITES\Rapports d'activité\2025\250902-rapport mensuel septembre\1-tableaux\GGS\03_107-GGS_SMC_C031_PM024_25_09_30.xlsm,Déplacements,GGS,C031,2025-09,DZ haut droit,-3.3,-12.1,2025-09-30,2025-08-25,2025-09-30,5,14
C:\data\11-CHANTIERS\BURE\10-ACTIVITES\Rapports d'activité\2025\250902-rapport mensuel septembre\1-tableaux\GGS\03_107-GGS_SMC_C031_PM024_25_09_30.xlsm,Déplacements,GGS,C031,2025-09,DPM inter droit,-3.37,-10.39,2025-09-30,2025-08-25,2025-09-30,5,14
C:\data\11-CHANTIERS\BURE\10-ACTIVITES\Rapports d'activité\2025\250902-rapport mensuel septembre\1-tableaux\GGS\03_107-GGS_SMC_C031_PM024_25_09_30.xlsm,Déplacements,GGS,C031,2025-09,DH inter droit,-6.98,-21.5,2025-09-30,2025-08-25,2025-09-30,5,14
C:\data\11-CHANTIERS\BURE\10-ACTIVITES\Rapports d'activité\2025\250902-rapport mensuel septembre\1-tableaux\GGS\03_107-GGS_SMC_C031_PM024_25_09_30.xlsm,Déplacements,GGS,C031,2025-09,DZ inter droit,-7.7,-19.9,2025-09-30,2025-08-25,2025-09-30,5,14
C:\data\11-CHANTIERS\BURE\10-ACTIVITES\Rapports d'activité\2025\250902-rapport mensuel septembre\1-tableaux\GGS\03_107-GGS_SMC_C031_PM024_25_09_30.xlsm,Déplacements,GGS,C031,2025-09,DPM bas droit,,0.0,,2025-06-25,2025-06-25,5,14
C:\data\11-CHANTIERS\BURE\10-ACTIVITES\Rapports d'activité\2025\250902-rapport mensuel septembre\1-tableaux\GGS\03_107-GGS_SMC_C031_PM024_25_09_30.xlsm,Déplacements,GGS,C031,2025-09,DH bas droit,,0.0,,2025-06-25,2025-06-25,5,14
C:\data\11-CHANTIERS\BURE\10-ACTIVITES\Rapports d'activité\2025\250902-rapport mensuel septembre\1-tableaux\GGS\03_107-GGS_SMC_C031_PM024_25_09_30.xlsm,Déplacements,GGS,C031,2025-09,DZ bas droit,,0.0,,2025-06-25,2025-06-25,5,14
C:\data\11-CHANTIERS\BURE\10-ACTIVITES\Rapports d'activité\2025\250902-rapport mensuel septembre\1-tableaux\GGS\03_107-GGS_SMC_C031_PM024_25_09_30.xlsm,Déplacements,GGS,C031,2025-09,DZ centre haut x2,-7.4,-31.4,2025-09-30,2025-08-25,2025-09-30,5,14
C:\data\11-CHANTIERS\BURE\10-ACTIVITES\Rapports d'activité\2025\250902-rapport mensuel septembre\1-tableaux\GHA\04_301-GVA_SMC_C105_C106_25_09_22.xlsm,Déplacements,GVA,C105,2025-09,DPM bas gauche,0.33,0.37,2025-09-22,2025-08-18,2025-09-22,3,60
C:\data\11-CHANTIERS\BURE\10-ACTIVITES\Rapports d'activité\2025\250902-rapport mensuel septembre\1-tableaux\GHA\04_301-GVA_SMC_C105_C106_25_09_22.xlsm,Déplacements,GVA,C105,2025-09,DH bas gauche,0.48,2.14,2025-09-22,2025-08-18,2025-09-22,3,60
C:\data\11-CHANTIERS\BURE\10-ACTIVITES\Rapports d'activité\2025\250902-rapport mensuel septembre\1-tableaux\GHA\04_301-GVA_SMC_C105_C106_25_09_22.xlsm,Déplacements,GVA,C105,2025-09,DZ bas gauche,0.5,0.91,2025-09-22,2025-08-18,2025-09-22,3,60
C:\data\11-CHANTIERS\BURE\10-ACTIVITES\Rapports d'activité\2025\250902-rapport mensuel septembre\1-tableaux\GHA\04_301-GVA_SMC_C105_C106_25_09_22.xlsm,Déplacements,GVA,C105,2025-09,DPM haut gauche,0.91,-3.74,2025-09-22,2025-08-18,2025-09-22,3,60
C:\data\11-CHANTIERS\BURE\10-ACTIVITES\Rapports d'activité\2025\250902-rapport mensuel septembre\1-tableaux\GHA\04_301-GVA_SMC_C105_C106_25_09_22.xlsm,Déplacements,GVA,C105,2025-09,DH haut gauche,0.42,13.93,2025-09-22,2025-08-18,2025-09-22,3,60
C:\data\11-CHANTIERS\BURE\10-ACTIVITES\Rapports d'activité\2025\250902-rapport mensuel septembre\1-tableaux\GHA\04_301-GVA_SMC_C105_C106_25_09_22.xlsm,Déplacements,GVA,C105,2025-09,DZ haut gauche,0.6,0.4,2025-09-22,2025-08-18,2025-09-22,3,60
C:\data\11-CHANTIERS\BURE\10-ACTIVITES\Rapports d'activité\2025\250902-rapport mensuel septembre\1-tableaux\GHA\04_301-GVA_SMC_C105_C106_25_09_22.xlsm,Déplacements,GVA,C105,2025-09,DPM centre haut,0.68,-20.96,2025-09-22,2025-08-18,2025-09-22,3,60
C:\data\11-CHANTIERS\BURE\10-ACTIVITES\Rapports d'activité\2025\250902-rapport mensuel septembre\1-tableaux\GHA\04_301-GVA_SMC_C105_C106_25_09_22.xlsm,Déplacements,GVA,C105,2025-09,DH centre haut,0.43,1.65,2025-09-22,2025-08-18,2025-09-22,3,60
C:\data\11-CHANTIERS\BURE\10-ACTIVITES\Rapports d'activité\2025\250902-rapport mensuel septembre\1-tableaux\GHA\04_301-GVA_SMC_C105_C106_25_09_22.xlsm,Déplacements,GVA,C105,2025-09,DZ centre haut,-1.0,-57.3,2025-09-22,2025-08-18,2025-09-22,3,60
C:\data\11-CHANTIERS\BURE\10-ACTIVITES\Rapports d'activité\2025\250902-rapport mensuel septembre\1-tableaux\GHA\04_301-GVA_SMC_C105_C106_25_09_22.xlsm,Déplacements,GVA,C105,2025-09,DPM haut droit,1.03,-0.37,2025-09-22,2025-08-18,2025-09-22,3,60
C:\data\11-CHANTIERS\BURE\10-ACTIVITES\Rapports d'activité\2025\250902-rapport mensuel septembre\1-tableaux\GHA\04_301-GVA_SMC_C105_C106_25_09_22.xlsm,Déplacements,GVA,C105,2025-09,DH haut droit,0.15,-13.41,2025-09-22,2025-08-18,2025-09-22,3,60
C:\data\11-CHANTIERS\BURE\10-ACTIVITES\Rapports d'activité\2025\250902-rapport mensuel septembre\1-tableaux\GHA\04_301-GVA_SMC_C105_C106_25_09_22.xlsm,Déplacements,GVA,C105,2025-09,DZ haut droit,-0.6,1.8,2025-09-22,2025-08-18,2025-09-22,3,60
C:\data\11-CHANTIERS\BURE\10-ACTIVITES\Rapports d'activité\2025\250902-rapport mensuel septembre\1-tableaux\GHA\04_301-GVA_SMC_C105_C106_25_09_22.xlsm,Déplacements,GVA,C105,2025-09,DPM bas droit,0.83,0.78,2025-09-22,2025-07-23,2025-09-22,3,60
C:\data\11-CHANTIERS\BURE\10-ACTIVITES\Rapports d'activité\2025\250902-rapport mensuel septembre\1-tableaux\GHA\04_301-GVA_SMC_C105_C106_25_09_22.xlsm,Déplacements,GVA,C105,2025-09,DH bas droit,-0.83,-4.92,2025-09-22,2025-07-23,2025-09-22,3,60
C:\data\11-CHANTIERS\BURE\10-ACTIVITES\Rapports d'activité\2025\250902-rapport mensuel septembre\1-tableaux\GHA\04_301-GVA_SMC_C105_C106_25_09_22.xlsm,Déplacements,GVA,C105,2025-09,DZ bas droit,0.5,2.09,2025-09-22,2025-07-23,2025-09-22,3,60
C:\data\11-CHANTIERS\BURE\10-ACTIVITES\Rapports d'activité\2025\250902-rapport mensuel septembre\1-tableaux\GHA\04_301-GVA_SMC_C105_C106_25_09_22.xlsm,Déplacements,GVA,C105,2025-09,"DZ centre haut x2
(interpolé)",-2.0,-114.6,2025-09-22,2025-08-18,2025-09-22,3,60
C:\data\11-CHANTIERS\BURE\10-ACTIVITES\Rapports d'activité\2025\250902-rapport mensuel septembre\1-tableaux\GHA\04_301-GVA_SMC_C105_C106_25_09_22.xlsm,Déplacements,GVA,C105,2025-09,VITESSE EVOL DZ,,,,,,3,60
C:\data\11-CHANTIERS\BURE\10-ACTIVITES\Rapports d'activité\2025\250902-rapport mensuel septembre\1-tableaux\GHA\04_302-GHA_SMC_C04_C05_25_09_22.xlsm,Déplacements,GHA,C04,2025-09,DPM bas gauche,1.54,1.38,2025-09-22,2025-08-18,2025-09-22,3,69
C:\data\11-CHANTIERS\BURE\10-ACTIVITES\Rapports d'activité\2025\250902-rapport mensuel septembre\1-tableaux\GHA\04_302-GHA_SMC_C04_C05_25_09_22.xlsm,Déplacements,GHA,C04,2025-09,DH bas gauche,-0.83,1.53,2025-09-22,2025-08-18,2025-09-22,3,69
C:\data\11-CHANTIERS\BURE\10-ACTIVITES\Rapports d'activité\2025\250902-rapport mensuel septembre\1-tableaux\GHA\04_302-GHA_SMC_C04_C05_25_09_22.xlsm,Déplacements,GHA,C04,2025-09,DZ bas gauche,-0.2,0.1,2025-09-22,2025-08-18,2025-09-22,3,69
C:\data\11-CHANTIERS\BURE\10-ACTIVITES\Rapports d'activité\2025\250902-rapport mensuel septembre\1-tableaux\GHA\04_302-GHA_SMC_C04_C05_25_09_22.xlsm,Déplacements,GHA,C04,2025-09,DPM inter gauche,1.42,5.47,2025-09-22,2025-08-18,2025-09-22,3,69
C:\data\11-CHANTIERS\BURE\10-ACTIVITES\Rapports d'activité\2025\250902-rapport mensuel septembre\1-tableaux\GHA\04_302-GHA_SMC_C04_C05_25_09_22.xlsm,Déplacements,GHA,C04,2025-09,DH inter gauche,-0.55,23.16,2025-09-22,2025-08-18,2025-09-22,3,69
C:\data\11-CHANTIERS\BURE\10-ACTIVITES\Rapports d'activité\2025\250902-rapport mensuel septembre\1-tableaux\GHA\04_302-GHA_SMC_C04_C05_25_09_22.xlsm,Déplacements,GHA,C04,2025-09,DZ inter gauche,0.3,-13.33,2025-09-22,2025-08-18,2025-09-22,3,69
C:\data\11-CHANTIERS\BURE\10-ACTIVITES\Rapports d'activité\2025\250902-rapport mensuel septembre\1-tableaux\GHA\04_302-GHA_SMC_C04_C05_25_09_22.xlsm,Déplacements,GHA,C04,2025-09,DPM haut gauche,0.59,7.17,2025-09-22,2025-08-18,2025-09-22,3,69
C:\data\11-CHANTIERS\BURE\10-ACTIVITES\Rapports d'activité\2025\250902-rapport mensuel septembre\1-tableaux\GHA\04_302-GHA_SMC_C04_C05_25_09_22.xlsm,Déplacements,GHA,C04,2025-09,DH haut gauche,0.16,26.62,2025-09-22,2025-08-18,2025-09-22,3,69
C:\data\11-CHANTIERS\BURE\10-ACTIVITES\Rapports d'activité\2025\250902-rapport mensuel septembre\1-tableaux\GHA\04_302-GHA_SMC_C04_C05_25_09_22.xlsm,Déplacements,GHA,C04,2025-09,DZ haut gauche,-0.3,-20.85,2025-09-22,2025-08-18,2025-09-22,3,69
C:\data\11-CHANTIERS\BURE\10-ACTIVITES\Rapports d'activité\2025\250902-rapport mensuel septembre\1-tableaux\GHA\04_302-GHA_SMC_C04_C05_25_09_22.xlsm,Déplacements,GHA,C04,2025-09,DPM centre haut,0.48,44.67,2025-09-22,2025-08-18,2025-09-22,3,69
C:\data\11-CHANTIERS\BURE\10-ACTIVITES\Rapports d'activité\2025\250902-rapport mensuel septembre\1-tableaux\GHA\04_302-GHA_SMC_C04_C05_25_09_22.xlsm,Déplacements,GHA,C04,2025-09,DH centre haut,-0.55,9.74,2025-09-22,2025-08-18,2025-09-22,3,69
C:\data\11-CHANTIERS\BURE\10-ACTIVITES\Rapports d'activité\2025\250902-rapport mensuel septembre\1-tableaux\GHA\04_302-GHA_SMC_C04_C05_25_09_22.xlsm,Déplacements,GHA,C04,2025-09,DZ centre haut,-1.5,-79.1,2025-09-22,2025-08-18,2025-09-22,3,69
C:\data\11-CHANTIERS\BURE\10-ACTIVITES\Rapports d'activité\2025\250902-rapport mensuel septembre\1-tableaux\GHA\04_302-GHA_SMC_C04_C05_25_09_22.xlsm,Déplacements,GHA,C04,2025-09,DPM haut droit,0.62,5.5,2025-09-22,2025-08-18,2025-09-22,3,69
C:\data\11-CHANTIERS\BURE\10-ACTIVITES\Rapports d'activité\2025\250902-rapport mensuel septembre\1-tableaux\GHA\04_302-GHA_SMC_C04_C05_25_09_22.xlsm,Déplacements,GHA,C04,2025-09,DH haut droit,-0.15,-5.05,2025-09-22,2025-08-18,2025-09-22,3,69
C:\data\11-CHANTIERS\BURE\10-ACTIVITES\Rapports d'activité\2025\250902-rapport mensuel septembre\1-tableaux\GHA\04_302-GHA_SMC_C04_C05_25_09_22.xlsm,Déplacements,GHA,C04,2025-09,DZ haut droit,-0.1,-31.15,2025-09-22,2025-08-18,2025-09-22,3,69
C:\data\11-CHANTIERS\BURE\10-ACTIVITES\Rapports d'activité\2025\250902-rapport mensuel septembre\1-tableaux\GHA\04_302-GHA_SMC_C04_C05_25_09_22.xlsm,Déplacements,GHA,C04,2025-09,DPM inter droit,0.59,5.11,2025-09-22,2025-08-18,2025-09-22,3,69
C:\data\11-CHANTIERS\BURE\10-ACTIVITES\Rapports d'activité\2025\250902-rapport mensuel septembre\1-tableaux\GHA\04_302-GHA_SMC_C04_C05_25_09_22.xlsm,Déplacements,GHA,C04,2025-09,DH inter droit,-0.33,-19.47,2025-09-22,2025-08-18,2025-09-22,3,69
C:\data\11-CHANTIERS\BURE\10-ACTIVITES\Rapports d'activité\2025\250902-rapport mensuel septembre\1-tableaux\GHA\04_302-GHA_SMC_C04_C05_25_09_22.xlsm,Déplacements,GHA,C04,2025-09,DZ inter droit,-0.05,-14.1,2025-09-22,2025-08-18,2025-09-22,3,69
C:\data\11-CHANTIERS\BURE\10-ACTIVITES\Rapports d'activité\2025\250902-rapport mensuel septembre\1-tableaux\GHA\04_302-GHA_SMC_C04_C05_25_09_22.xlsm,Déplacements,GHA,C04,2025-09,DPM bas droit,,1.88,,2025-06-12,2025-06-12,3,69
C:\data\11-CHANTIERS\BURE\10-ACTIVITES\Rapports d'activité\2025\250902-rapport mensuel septembre\1-tableaux\GHA\04_302-GHA_SMC_C04_C05_25_09_22.xlsm,Déplacements,GHA,C04,2025-09,DH bas droit,,-1.44,,2025-06-12,2025-06-12,3,69
C:\data\11-CHANTIERS\BURE\10-ACTIVITES\Rapports d'activité\2025\250902-rapport mensuel septembre\1-tableaux\GHA\04_302-GHA_SMC_C04_C05_25_09_22.xlsm,Déplacements,GHA,C04,2025-09,DZ bas droit,,-4.3,,2025-06-12,2025-06-12,3,69
C:\data\11-CHANTIERS\BURE\10-ACTIVITES\Rapports d'activité\2025\250902-rapport mensuel septembre\1-tableaux\GHA\04_302-GHA_SMC_C04_C05_25_09_22.xlsm,Déplacements,GHA,C04,2025-09,DZ centre haut x2,-3.0,-158.2,2025-09-22,2025-08-18,2025-09-22,3,69
C:\data\11-CHANTIERS\BURE\10-ACTIVITES\Rapports d'activité\2025\250902-rapport mensuel septembre\1-tableaux\GHA\04_303-GHA_SMC_T15_25_09_22.xlsm,Déplacements,GHA,T15,2025-09,DPM bas gauche,0.99,0.09,2025-09-22,2025-08-18,2025-09-22,3,62
C:\data\11-CHANTIERS\BURE\10-ACTIVITES\Rapports d'activité\2025\250902-rapport mensuel septembre\1-tableaux\GHA\04_303-GHA_SMC_T15_25_09_22.xlsm,Déplacements,GHA,T15,2025-09,DH bas gauche,0.35,1.7,2025-09-22,2025-08-18,2025-09-22,3,62
C:\data\11-CHANTIERS\BURE\10-ACTIVITES\Rapports d'activité\2025\250902-rapport mensuel septembre\1-tableaux\GHA\04_303-GHA_SMC_T15_25_09_22.xlsm,Déplacements,GHA,T15,2025-09,DZ bas gauche,0.1,0.4,2025-09-22,2025-08-18,2025-09-22,3,62
C:\data\11-CHANTIERS\BURE\10-ACTIVITES\Rapports d'activité\2025\250902-rapport mensuel septembre\1-tableaux\GHA\04_303-GHA_SMC_T15_25_09_22.xlsm,Déplacements,GHA,T15,2025-09,DPM inter gauche,1.61,-6.68,2025-09-22,2025-08-18,2025-09-22,3,62
C:\data\11-CHANTIERS\BURE\10-ACTIVITES\Rapports d'activité\2025\250902-rapport mensuel septembre\1-tableaux\GHA\04_303-GHA_SMC_T15_25_09_22.xlsm,Déplacements,GHA,T15,2025-09,DH inter gauche,-0.02,25.68,2025-09-22,2025-08-18,2025-09-22,3,62
C:\data\11-CHANTIERS\BURE\10-ACTIVITES\Rapports d'activité\2025\250902-rapport mensuel septembre\1-tableaux\GHA\04_303-GHA_SMC_T15_25_09_22.xlsm,Déplacements,GHA,T15,2025-09,DZ inter gauche,0.25,-24.8,2025-09-22,2025-08-18,2025-09-22,3,62
C:\data\11-CHANTIERS\BURE\10-ACTIVITES\Rapports d'activité\2025\250902-rapport mensuel septembre\1-tableaux\GHA\04_303-GHA_SMC_T15_25_09_22.xlsm,Déplacements,GHA,T15,2025-09,DPM haut gauche,0.5,-7.95,2025-09-22,2025-08-18,2025-09-22,3,62
C:\data\11-CHANTIERS\BURE\10-ACTIVITES\Rapports d'activité\2025\250902-rapport mensuel septembre\1-tableaux\GHA\04_303-GHA_SMC_T15_25_09_22.xlsm,Déplacements,GHA,T15,2025-09,DH haut gauche,0.23,15.16,2025-09-22,2025-08-18,2025-09-22,3,62
C:\data\11-CHANTIERS\BURE\10-ACTIVITES\Rapports d'activité\2025\250902-rapport mensuel septembre\1-tableaux\GHA\04_303-GHA_SMC_T15_25_09_22.xlsm,Déplacements,GHA,T15,2025-09,DZ haut gauche,0.0,-17.3,2025-09-22,2025-08-18,2025-09-22,3,62
C:\data\11-CHANTIERS\BURE\10-ACTIVITES\Rapports d'activité\2025\250902-rapport mensuel septembre\1-tableaux\GHA\04_303-GHA_SMC_T15_25_09_22.xlsm,Déplacements,GHA,T15,2025-09,DPM centre haut,0.4,-10.77,2025-09-22,2025-08-18,2025-09-22,3,62
C:\data\11-CHANTIERS\BURE\10-ACTIVITES\Rapports d'activité\2025\250902-rapport mensuel septembre\1-tableaux\GHA\04_303-GHA_SMC_T15_25_09_22.xlsm,Déplacements,GHA,T15,2025-09,DH centre haut,-0.15,-1.27,2025-09-22,2025-08-18,2025-09-22,3,62
C:\data\11-CHANTIERS\BURE\10-ACTIVITES\Rapports d'activité\2025\250902-rapport mensuel septembre\1-tableaux\GHA\04_303-GHA_SMC_T15_25_09_22.xlsm,Déplacements,GHA,T15,2025-09,DZ centre haut,-1.1,-72.9,2025-09-22,2025-08-18,2025-09-22,3,62
C:\data\11-CHANTIERS\BURE\10-ACTIVITES\Rapports d'activité\2025\250902-rapport mensuel septembre\1-tableaux\GHA\04_303-GHA_SMC_T15_25_09_22.xlsm,Déplacements,GHA,T15,2025-09,DPM haut droit,0.41,-0.48,2025-09-22,2025-08-18,2025-09-22,3,62
C:\data\11-CHANTIERS\BURE\10-ACTIVITES\Rapports d'activité\2025\250902-rapport mensuel septembre\1-tableaux\GHA\04_303-GHA_SMC_T15_25_09_22.xlsm,Déplacements,GHA,T15,2025-09,DH haut droit,-0.64,-15.78,2025-09-22,2025-08-18,2025-09-22,3,62
C:\data\11-CHANTIERS\BURE\10-ACTIVITES\Rapports d'activité\2025\250902-rapport mensuel septembre\1-tableaux\GHA\04_303-GHA_SMC_T15_25_09_22.xlsm,Déplacements,GHA,T15,2025-09,DZ haut droit,-0.15,-12.4,2025-09-22,2025-08-18,2025-09-22,3,62
C:\data\11-CHANTIERS\BURE\10-ACTIVITES\Rapports d'activité\2025\250902-rapport mensuel septembre\1-tableaux\GHA\04_303-GHA_SMC_T15_25_09_22.xlsm,Déplacements,GHA,T15,2025-09,DPM inter droit,0.82,0.31,2025-09-22,2025-08-18,2025-09-22,3,62
C:\data\11-CHANTIERS\BURE\10-ACTIVITES\Rapports d'activité\2025\250902-rapport mensuel septembre\1-tableaux\GHA\04_303-GHA_SMC_T15_25_09_22.xlsm,Déplacements,GHA,T15,2025-09,DH inter droit,-0.11,-34.5,2025-09-22,2025-08-18,2025-09-22,3,62
C:\data\11-CHANTIERS\BURE\10-ACTIVITES\Rapports d'activité\2025\250902-rapport mensuel septembre\1-tableaux\GHA\04_303-GHA_SMC_T15_25_09_22.xlsm,Déplacements,GHA,T15,2025-09,DZ inter droit,0.25,7.5,2025-09-22,2025-08-18,2025-09-22,3,62
C:\data\11-CHANTIERS\BURE\10-ACTIVITES\Rapports d'activité\2025\250902-rapport mensuel septembre\1-tableaux\GHA\04_303-GHA_SMC_T15_25_09_22.xlsm,Déplacements,GHA,T15,2025-09,DPM bas droit,0.26,-2.85,2025-09-22,2025-08-18,2025-09-22,3,62
C:\data\11-CHANTIERS\BURE\10-ACTIVITES\Rapports d'activité\2025\250902-rapport mensuel septembre\1-tableaux\GHA\04_303-GHA_SMC_T15_25_09_22.xlsm,Déplacements,GHA,T15,2025-09,DH bas droit,-0.32,-3.18,2025-09-22,2025-08-18,2025-09-22,3,62
C:\data\11-CHANTIERS\BURE\10-ACTIVITES\Rapports d'activité\2025\250902-rapport mensuel septembre\1-tableaux\GHA\04_303-GHA_SMC_T15_25_09_22.xlsm,Déplacements,GHA,T15,2025-09,DZ bas droit,0.2,1.55,2025-09-22,2025-08-18,2025-09-22,3,62
C:\data\11-CHANTIERS\BURE\10-ACTIVITES\Rapports d'activité\2025\250902-rapport mensuel septembre\1-tableaux\GHA\04_303-GHA_SMC_T15_25_09_22.xlsm,Déplacements,GHA,T15,2025-09,DZ centre haut x2,-2.2,-145.8,2025-09-22,2025-08-18,2025-09-22,3,62
C:\data\11-CHANTIERS\BURE\10-ACTIVITES\Rapports d'activité\2025\250902-rapport mensuel septembre\1-tableaux\GHA\04_304-GHA_SMC_T28_25_09-22.xlsm,Déplacements,GHA,T28,2025-09,DPM bas gauche,-1.03,-1.04,2025-09-22,2025-08-18,2025-09-22,3,41
C:\data\11-CHANTIERS\BURE\10-ACTIVITES\Rapports d'activité\2025\250902-rapport mensuel septembre\1-tableaux\GHA\04_304-GHA_SMC_T28_25_09-22.xlsm,Déplacements,GHA,T28,2025-09,DH bas gauche,0.48,1.06,2025-09-22,2025-08-18,2025-09-22,3,41
C:\data\11-CHANTIERS\BURE\10-ACTIVITES\Rapports d'activité\2025\250902-rapport mensuel septembre\1-tableaux\GHA\04_304-GHA_SMC_T28_25_09-22.xlsm,Déplacements,GHA,T28,2025-09,DZ bas gauche,0.23,-0.1,2025-09-22,2025-08-18,2025-09-22,3,41
C:\data\11-CHANTIERS\BURE\10-ACTIVITES\Rapports d'activité\2025\250902-rapport mensuel septembre\1-tableaux\GHA\04_304-GHA_SMC_T28_25_09-22.xlsm,Déplacements,GHA,T28,2025-09,DPM inter gauche,-0.02,2.22,2025-09-22,2025-08-18,2025-09-22,3,41
C:\data\11-CHANTIERS\BURE\10-ACTIVITES\Rapports d'activité\2025\250902-rapport mensuel septembre\1-tableaux\GHA\04_304-GHA_SMC_T28_25_09-22.xlsm,Déplacements,GHA,T28,2025-09,DH inter gauche,-0.27,32.15,2025-09-22,2025-08-18,2025-09-22,3,41
C:\data\11-CHANTIERS\BURE\10-ACTIVITES\Rapports d'activité\2025\250902-rapport mensuel septembre\1-tableaux\GHA\04_304-GHA_SMC_T28_25_09-22.xlsm,Déplacements,GHA,T28,2025-09,DZ inter gauche,0.27,-27.2,2025-09-22,2025-08-18,2025-09-22,3,41
C:\data\11-CHANTIERS\BURE\10-ACTIVITES\Rapports d'activité\2025\250902-rapport mensuel septembre\1-tableaux\GHA\04_304-GHA_SMC_T28_25_09-22.xlsm,Déplacements,GHA,T28,2025-09,DPM haut gauche,0.11,-0.35,2025-09-22,2025-08-18,2025-09-22,3,41
C:\data\11-CHANTIERS\BURE\10-ACTIVITES\Rapports d'activité\2025\250902-rapport mensuel septembre\1-tableaux\GHA\04_304-GHA_SMC_T28_25_09-22.xlsm,Déplacements,GHA,T28,2025-09,DH haut gauche,-0.87,6.9,2025-09-22,2025-08-18,2025-09-22,3,41
C:\data\11-CHANTIERS\BURE\10-ACTIVITES\Rapports d'activité\2025\250902-rapport mensuel septembre\1-tableaux\GHA\04_304-GHA_SMC_T28_25_09-22.xlsm,Déplacements,GHA,T28,2025-09,DZ haut gauche,0.4,-26.0,2025-09-22,2025-08-18,2025-09-22,3,41
C:\data\11-CHANTIERS\BURE\10-ACTIVITES\Rapports d'activité\2025\250902-rapport mensuel septembre\1-tableaux\GHA\04_304-GHA_SMC_T28_25_09-22.xlsm,Déplacements,GHA,T28,2025-09,DPM centre haut,0.02,-7.83,2025-09-22,2025-08-18,2025-09-22,3,41
C:\data\11-CHANTIERS\BURE\10-ACTIVITES\Rapports d'activité\2025\250902-rapport mensuel septembre\1-tableaux\GHA\04_304-GHA_SMC_T28_25_09-22.xlsm,Déplacements,GHA,T28,2025-09,DH centre haut,-0.21,6.39,2025-09-22,2025-08-18,2025-09-22,3,41
C:\data\11-CHANTIERS\BURE\10-ACTIVITES\Rapports d'activité\2025\250902-rapport mensuel septembre\1-tableaux\GHA\04_304-GHA_SMC_T28_25_09-22.xlsm,Déplacements,GHA,T28,2025-09,DZ centre haut,-0.9,-55.9,2025-09-22,2025-08-18,2025-09-22,3,41
C:\data\11-CHANTIERS\BURE\10-ACTIVITES\Rapports d'activité\2025\250902-rapport mensuel septembre\1-tableaux\GHA\04_304-GHA_SMC_T28_25_09-22.xlsm,Déplacements,GHA,T28,2025-09,DPM haut droit,0.65,1.07,2025-09-22,2025-08-18,2025-09-22,3,41
C:\data\11-CHANTIERS\BURE\10-ACTIVITES\Rapports d'activité\2025\250902-rapport mensuel septembre\1-tableaux\GHA\04_304-GHA_SMC_T28_25_09-22.xlsm,Déplacements,GHA,T28,2025-09,DH haut droit,-0.36,-13.18,2025-09-22,2025-08-18,2025-09-22,3,41
C:\data\11-CHANTIERS\BURE\10-ACTIVITES\Rapports d'activité\2025\250902-rapport mensuel septembre\1-tableaux\GHA\04_304-GHA_SMC_T28_25_09-22.xlsm,Déplacements,GHA,T28,2025-09,DZ haut droit,0.2,-14.4,2025-09-22,2025-08-18,2025-09-22,3,41
C:\data\11-CHANTIERS\BURE\10-ACTIVITES\Rapports d'activité\2025\250902-rapport mensuel septembre\1-tableaux\GHA\04_304-GHA_SMC_T28_25_09-22.xlsm,Déplacements,GHA,T28,2025-09,DPM inter droit,0.26,-0.93,2025-09-22,2025-08-18,2025-09-22,3,41
C:\data\11-CHANTIERS\BURE\10-ACTIVITES\Rapports d'activité\2025\250902-rapport mensuel septembre\1-tableaux\GHA\04_304-GHA_SMC_T28_25_09-22.xlsm,Déplacements,GHA,T28,2025-09,DH inter droit,-0.25,-30.89,2025-09-22,2025-08-18,2025-09-22,3,41
C:\data\11-CHANTIERS\BURE\10-ACTIVITES\Rapports d'activité\2025\250902-rapport mensuel septembre\1-tableaux\GHA\04_304-GHA_SMC_T28_25_09-22.xlsm,Déplacements,GHA,T28,2025-09,DZ inter droit,0.3,-15.9,2025-09-22,2025-08-18,2025-09-22,3,41
C:\data\11-CHANTIERS\BURE\10-ACTIVITES\Rapports d'activité\2025\250902-rapport mensuel septembre\1-tableaux\GHA\04_304-GHA_SMC_T28_25_09-22.xlsm,Déplacements,GHA,T28,2025-09,DPM bas droit,0.11,-1.97,2025-09-22,2025-08-18,2025-09-22,3,41
C:\data\11-CHANTIERS\BURE\10-ACTIVITES\Rapports d'activité\2025\250902-rapport mensuel septembre\1-tableaux\GHA\04_304-GHA_SMC_T28_25_09-22.xlsm,Déplacements,GHA,T28,2025-09,DH bas droit,-0.87,-1.69,2025-09-22,2025-08-18,2025-09-22,3,41
C:\data\11-CHANTIERS\BURE\10-ACTIVITES\Rapports d'activité\2025\250902-rapport mensuel septembre\1-tableaux\GHA\04_304-GHA_SMC_T28_25_09-22.xlsm,Déplacements,GHA,T28,2025-09,DZ bas droit,0.33,0.3,2025-09-22,2025-08-18,2025-09-22,3,41
C:\data\11-CHANTIERS\BURE\10-ACTIVITES\Rapports d'activité\2025\250902-rapport mensuel septembre\1-tableaux\GHA\04_304-GHA_SMC_T28_25_09-22.xlsm,Déplacements,GHA,T28,2025-09,DZ centre haut x2,-1.8,-111.8,2025-09-22,2025-08-18,2025-09-22,3,41
C:\data\11-CHANTIERS\BURE\10-ACTIVITES\Rapports d'activité\2025\250902-rapport mensuel septembre\1-tableaux\GHA\04_305-GHA_SMC_T41_25_09_22.xlsm,Déplacements,GHA,T41,2025-09,DPM bas gauche,,0.0,,2025-02-19,2025-02-19,3,32
C:\data\11-CHANTIERS\BURE\10-ACTIVITES\Rapports d'activité\2025\250902-rapport mensuel septembre\1-tableaux\GHA\04_305-GHA_SMC_T41_25_09_22.xlsm,Déplacements,GHA,T41,2025-09,DH bas gauche,,0.0,,2025-02-19,2025-02-19,3,32
C:\data\11-CHANTIERS\BURE\10-ACTIVITES\Rapports d'activité\2025\250902-rapport mensuel septembre\1-tableaux\GHA\04_305-GHA_SMC_T41_25_09_22.xlsm,Déplacements,GHA,T41,2025-09,DZ bas gauche,,0.0,,2025-02-19,2025-02-19,3,32
C:\data\11-CHANTIERS\BURE\10-ACTIVITES\Rapports d'activité\2025\250902-rapport mensuel septembre\1-tableaux\GHA\04_305-GHA_SMC_T41_25_09_22.xlsm,Déplacements,GHA,T41,2025-09,DPM inter gauche,,3.16,,2025-04-29,2025-04-29,3,32
C:\data\11-CHANTIERS\BURE\10-ACTIVITES\Rapports d'activité\2025\250902-rapport mensuel septembre\1-tableaux\GHA\04_305-GHA_SMC_T41_25_09_22.xlsm,Déplacements,GHA,T41,2025-09,DH inter gauche,,15.93,,2025-04-29,2025-04-29,3,32
C:\data\11-CHANTIERS\BURE\10-ACTIVITES\Rapports d'activité\2025\250902-rapport mensuel septembre\1-tableaux\GHA\04_305-GHA_SMC_T41_25_09_22.xlsm,Déplacements,GHA,T41,2025-09,DZ inter gauche,,-5.0,,2025-04-29,2025-04-29,3,32
C:\data\11-CHANTIERS\BURE\10-ACTIVITES\Rapports d'activité\2025\250902-rapport mensuel septembre\1-tableaux\GHA\04_305-GHA_SMC_T41_25_09_22.xlsm,Déplacements,GHA,T41,2025-09,DPM haut gauche,-0.27,0.72,2025-09-22,2025-08-18,2025-09-22,3,32
C:\data\11-CHANTIERS\BURE\10-ACTIVITES\Rapports d'activité\2025\250902-rapport mensuel septembre\1-tableaux\GHA\04_305-GHA_SMC_T41_25_09_22.xlsm,Déplacements,GHA,T41,2025-09,DH haut gauche,-0.13,5.08,2025-09-22,2025-08-18,2025-09-22,3,32
C:\data\11-CHANTIERS\BURE\10-ACTIVITES\Rapports d'activité\2025\250902-rapport mensuel septembre\1-tableaux\GHA\04_305-GHA_SMC_T41_25_09_22.xlsm,Déplacements,GHA,T41,2025-09,DZ haut gauche,-0.4,-10.8,2025-09-22,2025-08-18,2025-09-22,3,32
C:\data\11-CHANTIERS\BURE\10-ACTIVITES\Rapports d'activité\2025\250902-rapport mensuel septembre\1-tableaux\GHA\04_305-GHA_SMC_T41_25_09_22.xlsm,Déplacements,GHA,T41,2025-09,DPM centre haut,-0.06,-0.53,2025-09-22,2025-08-18,2025-09-22,3,32
C:\data\11-CHANTIERS\BURE\10-ACTIVITES\Rapports d'activité\2025\250902-rapport mensuel septembre\1-tableaux\GHA\04_305-GHA_SMC_T41_25_09_22.xlsm,Déplacements,GHA,T41,2025-09,DH centre haut,-0.58,-2.89,2025-09-22,2025-08-18,2025-09-22,3,32
C:\data\11-CHANTIERS\BURE\10-ACTIVITES\Rapports d'activité\2025\250902-rapport mensuel septembre\1-tableaux\GHA\04_305-GHA_SMC_T41_25_09_22.xlsm,Déplacements,GHA,T41,2025-09,DZ centre haut,-0.8,-24.0,2025-09-22,2025-08-18,2025-09-22,3,32
C:\data\11-CHANTIERS\BURE\10-ACTIVITES\Rapports d'activité\2025\250902-rapport mensuel septembre\1-tableaux\GHA\04_305-GHA_SMC_T41_25_09_22.xlsm,Déplacements,GHA,T41,2025-09,DPM haut droit,1.3,0.11,2025-09-22,2025-08-18,2025-09-22,3,32
C:\data\11-CHANTIERS\BURE\10-ACTIVITES\Rapports d'activité\2025\250902-rapport mensuel septembre\1-tableaux\GHA\04_305-GHA_SMC_T41_25_09_22.xlsm,Déplacements,GHA,T41,2025-09,DH haut droit,-1.38,-5.68,2025-09-22,2025-08-18,2025-09-22,3,32
C:\data\11-CHANTIERS\BURE\10-ACTIVITES\Rapports d'activité\2025\250902-rapport mensuel septembre\1-tableaux\GHA\04_305-GHA_SMC_T41_25_09_22.xlsm,Déplacements,GHA,T41,2025-09,DZ haut droit,0.8,-7.4,2025-09-22,2025-08-18,2025-09-22,3,32
C:\data\11-CHANTIERS\BURE\10-ACTIVITES\Rapports d'activité\2025\250902-rapport mensuel septembre\1-tableaux\GHA\04_305-GHA_SMC_T41_25_09_22.xlsm,Déplacements,GHA,T41,2025-09,DPM inter droit,,-0.05,,2025-07-02,2025-07-02,3,32
C:\data\11-CHANTIERS\BURE\10-ACTIVITES\Rapports d'activité\2025\250902-rapport mensuel septembre\1-tableaux\GHA\04_305-GHA_SMC_T41_25_09_22.xlsm,Déplacements,GHA,T41,2025-09,DH inter droit,,-13.38,,2025-07-02,2025-07-02,3,32
C:\data\11-CHANTIERS\BURE\10-ACTIVITES\Rapports d'activité\2025\250902-rapport mensuel septembre\1-tableaux\GHA\04_305-GHA_SMC_T41_25_09_22.xlsm,Déplacements,GHA,T41,2025-09,DZ inter droit,,-4.9,,2025-07-02,2025-07-02,3,32
C:\data\11-CHANTIERS\BURE\10-ACTIVITES\Rapports d'activité\2025\250902-rapport mensuel septembre\1-tableaux\GHA\04_305-GHA_SMC_T41_25_09_22.xlsm,Déplacements,GHA,T41,2025-09,DPM bas droit,,0.0,,2025-02-19,2025-02-19,3,32
C:\data\11-CHANTIERS\BURE\10-ACTIVITES\Rapports d'activité\2025\250902-rapport mensuel septembre\1-tableaux\GHA\04_305-GHA_SMC_T41_25_09_22.xlsm,Déplacements,GHA,T41,2025-09,DH bas droit,,0.0,,2025-02-19,2025-02-19,3,32
C:\data\11-CHANTIERS\BURE\10-ACTIVITES\Rapports d'activité\2025\250902-rapport mensuel septembre\1-tableaux\GHA\04_305-GHA_SMC_T41_25_09_22.xlsm,Déplacements,GHA,T41,2025-09,DZ bas droit,,0.0,,2025-02-19,2025-02-19,3,32
C:\data\11-CHANTIERS\BURE\10-ACTIVITES\Rapports d'activité\2025\250902-rapport mensuel septembre\1-tableaux\GHA\04_305-GHA_SMC_T41_25_09_22.xlsm,Déplacements,GHA,T41,2025-09,DZ centre haut x2,-1.6,-48.0,2025-09-22,2025-08-18,2025-09-22,3,32
