source_file;sheet;galerie;section;month;dates_in_month;total_dates_in_month;first_date_in_month;last_date_in_month
C:\data\11-CHANTIERS\BURE\10-ACTIVITES\Rapports d'activité\2025\250901-rapport mensuel aout\1-tableaux\GGS\03_104-GGS_SMC_C003_PM001_25_08-25.xlsm;Convergences;GGS;C003;2025-08;['2025-08-18', '2025-08-25'];2;18/08/2025;25/08/2025
C:\data\11-CHANTIERS\BURE\10-ACTIVITES\Rapports d'activité\2025\250901-rapport mensuel aout\1-tableaux\GGS\03_104-GGS_SMC_C003_PM001_25_08-25.xlsm;Déplacements;GGS;C003;2025-08;['2025-08-18', '2025-08-25'];2;18/08/2025;25/08/2025
C:\data\11-CHANTIERS\BURE\10-ACTIVITES\Rapports d'activité\2025\250901-rapport mensuel aout\1-tableaux\GGS\03_105-GGS_SMC_C007_PM005_25_08_25.xlsm;Convergences;GGS;C007;2025-08;['2025-08-18', '2025-08-25'];2;18/08/2025;25/08/2025
C:\data\11-CHANTIERS\BURE\10-ACTIVITES\Rapports d'activité\2025\250901-rapport mensuel aout\1-tableaux\GGS\03_105-GGS_SMC_C007_PM005_25_08_25.xlsm;Déplacements;GGS;C007;2025-08;['2025-08-18', '2025-08-25'];2;18/08/2025;25/08/2025
C:\data\11-CHANTIERS\BURE\10-ACTIVITES\Rapports d'activité\2025\250901-rapport mensuel aout\1-tableaux\GGS\03_106-GGS_SMC_C020_PM005_25_08_25.xlsm;Convergences;GGS;C020;2025-08;['2025-08-18', '2025-08-25'];2;18/08/2025;25/08/2025
C:\data\11-CHANTIERS\BURE\10-ACTIVITES\Rapports d'activité\2025\250901-rapport mensuel aout\1-tableaux\GGS\03_106-GGS_SMC_C020_PM005_25_08_25.xlsm;Déplacements;GGS;C020;2025-08;['2025-08-18', '2025-08-25'];2;18/08/2025;25/08/2025
C:\data\11-CHANTIERS\BURE\10-ACTIVITES\Rapports d'activité\2025\250901-rapport mensuel aout\1-tableaux\GGS\03_107-GGS_SMC_C031_PM024_25_08_25.xlsm;Convergences;GGS;C031;2025-08;['2025-08-18', '2025-08-25'];2;18/08/2025;25/08/2025
C:\data\11-CHANTIERS\BURE\10-ACTIVITES\Rapports d'activité\2025\250901-rapport mensuel aout\1-tableaux\GGS\03_107-GGS_SMC_C031_PM024_25_08_25.xlsm;Déplacements;GGS;C031;2025-08;['2025-08-18', '2025-08-25'];2;18/08/2025;25/08/2025
C:\data\11-CHANTIERS\BURE\10-ACTIVITES\Rapports d'activité\2025\250901-rapport mensuel aout\1-tableaux\GHA\04_301-GVA_SMC_C105_C106_25_08_18.xlsm;Convergences;GVA;C105;2025-08;['2025-08-18'];1;18/08/2025;18/08/2025
C:\data\11-CHANTIERS\BURE\10-ACTIVITES\Rapports d'activité\2025\250901-rapport mensuel aout\1-tableaux\GHA\04_301-GVA_SMC_C105_C106_25_08_18.xlsm;Déplacements;GVA;C105;2025-08;['2025-08-18'];1;18/08/2025;18/08/2025
C:\data\11-CHANTIERS\BURE\10-ACTIVITES\Rapports d'activité\2025\250901-rapport mensuel aout\1-tableaux\GHA\04_302-GHA_SMC_C04_C05_25_08_18..xlsm;Convergences;GHA;C04;2025-08;['2025-08-06', '2025-08-18'];2;06/08/2025;18/08/2025
C:\data\11-CHANTIERS\BURE\10-ACTIVITES\Rapports d'activité\2025\250901-rapport mensuel aout\1-tableaux\GHA\04_302-GHA_SMC_C04_C05_25_08_18..xlsm;Déplacements;GHA;C04;2025-08;['2025-08-06', '2025-08-18'];2;06/08/2025;18/08/2025
C:\data\11-CHANTIERS\BURE\10-ACTIVITES\Rapports d'activité\2025\250901-rapport mensuel aout\1-tableaux\GHA\04_303-GHA_SMC_T15_25_08_18.xlsm;Convergences;GHA;T15;2025-08;['2025-08-01', '2025-08-06', '2025-08-18'];3;01/08/2025;18/08/2025
C:\data\11-CHANTIERS\BURE\10-ACTIVITES\Rapports d'activité\2025\250901-rapport mensuel aout\1-tableaux\GHA\04_303-GHA_SMC_T15_25_08_18.xlsm;Déplacements;GHA;T15;2025-08;['2025-08-01', '2025-08-06', '2025-08-18'];3;01/08/2025;18/08/2025
C:\data\11-CHANTIERS\BURE\10-ACTIVITES\Rapports d'activité\2025\250901-rapport mensuel aout\1-tableaux\GHA\04_304-GHA_SMC_T28_25_08-18.xlsm;Convergences;GHA;T28;2025-08;['2025-08-01', '2025-08-06', '2025-08-18'];3;01/08/2025;18/08/2025
C:\data\11-CHANTIERS\BURE\10-ACTIVITES\Rapports d'activité\2025\250901-rapport mensuel aout\1-tableaux\GHA\04_304-GHA_SMC_T28_25_08-18.xlsm;Déplacements;GHA;T28;2025-08;['2025-08-01', '2025-08-06', '2025-08-18'];3;01/08/2025;18/08/2025
C:\data\11-CHANTIERS\BURE\10-ACTIVITES\Rapports d'activité\2025\250901-rapport mensuel aout\1-tableaux\GHA\04_305-GHA_SMC_T41_25_08_18.xlsm;Convergences;GHA;T41;2025-08;['2025-08-06', '2025-08-18'];2;06/08/2025;18/08/2025
C:\data\11-CHANTIERS\BURE\10-ACTIVITES\Rapports d'activité\2025\250901-rapport mensuel aout\1-tableaux\GHA\04_305-GHA_SMC_T41_25_08_18.xlsm;Déplacements;GHA;T41;2025-08;['2025-08-06', '2025-08-18'];2;06/08/2025;18/08/2025
